doc,arquivo,contexto_id,categoria,trecho,termos_vizinhos
PDI_UFABC,PDI UFABC.pdf,1,artistica_patrimonial,"políticas de cultura, arte, saúde, esporte e lazer, introdução1 e do regimento geral, constitui uma das bases documentais de sustentação e de identificação da universidade.","políticas, arte, saúde, esporte, lazer, introdução, regimento, geral"
PDI_UFABC,PDI UFABC.pdf,2,diversidade_inclusao," valorização e promoção do respeito à diversidade étnico-racial, de gênero, de origem, de idade, de situação social, econômica e cultural.","valorização, promoção, respeito, diversidade, étnico, racial, gênero, origem"
PDI_UFABC,PDI UFABC.pdf,3,academica_formativa," internacionalização para oferecer um ambiente de ensino, pesquisa, extensão, cultura e gestão atento às necessidades e transformações do mundo contemporâneo.","internacionalização, oferecer, ambiente, ensino, pesquisa, extensão, gestão, atento"
PDI_UFABC,PDI UFABC.pdf,4,academica_formativa,"os demais capítulos tratam das questões estratégicas referentes às atividades de ensino, pesquisa, desenvolvimento, inovação, internacionalização, cultura, extensão, inclusão e permanência.","demais, capítulos, tratam, questões, estratégicas, referentes, s, atividades"
PDI_UFABC,PDI UFABC.pdf,5,indefinido,"políticas de cultura, esporte e lazer) que auxiliaram a comissão pdi, instituída em janeiro de estruturantes para a composição do documento.","políticas, esporte, lazer, auxiliaram, comissão, instituída, janeiro, estruturantes"
PDI_UFABC,PDI UFABC.pdf,6,organizacional_gestao,"assim, no que diz respeito à prática da interdisciplinaridade, nos próximos anos a instituição deve se esforçar para superar obstáculos e estimular uma cultura de interdisciplinaridade em todos os seus setores de atuação - incentivando, valorizando e impulsionando a colaboração entre docentes, discentes e técnicas e técnicos, proporcionando espaços para a inovação de práticas pedagógicas e de gestão integradoras.","interdisciplinaridade, assim, diz, respeito, prática, próximos, anos, instituição"
PDI_UFABC,PDI UFABC.pdf,7,inovacao_empreendedorismo,"os ptes, além dos resultados diretamente relacionados à pós-graduação, também podem se articular com atividades de extensão e cultura, iniciação científica (ic) e inovação tecnológica, com fomentos específicos para o provimento de bolsas e de custeio para a execução dos projetos, oriundos de fontes internas e externas à ufabc.","ptes, além, resultados, diretamente, relacionados, pós, graduação, também"
PDI_UFABC,PDI UFABC.pdf,8,inovacao_empreendedorismo,"a consolidação e o funcionamento efetivo do observatório da ufabc podem contribuir para o acompanhamento e avaliação da eficiência e abrangência dessas práticas, promovendo uma cultura de inovação e autoavaliação permanente.","consolidação, funcionamento, efetivo, observatório, ufabc, podem, contribuir, acompanhamento"
PDI_UFABC,PDI UFABC.pdf,9,indefinido,"vinculando tal base com outra que conteria informações sobre as matrículas deferidas ou indeferidas, seria possível analisar em que medida as condições socioeconômicas estariam influenciando o percurso da e do estudante, por meio de uma diferença, principalmente, de capital cultural gerada pelo acesso diferenciado à escola básica.","vinculando, tal, base, outra, conteria, informações, sobre, matrículas"
PDI_UFABC,PDI UFABC.pdf,10,academica_formativa,"formatos inovadores para a oferta de determinados conteúdos atenderiam demandas pontuais e específicas, sem e que contemplam atividades de pesquisa, e/ou extensão, e/ou cultura, e/ou inovação, protagonizadas pela e pelo discente e integradas ao ensino.","formatos, inovadores, oferta, determinados, conteúdos, atenderiam, demandas, pontuais"
PDI_UFABC,PDI UFABC.pdf,11,diversidade_inclusao,"a troca de experiências e de conhecimentos com instituições, estudantes e docentes de diferentes países promove a diversidade cultural e o enriquecimento do ambiente acadêmico, além de impulsionar a pesquisa e o desenvolvimento científico por meio de perspectivas globais capazes de fortalecerem a universidade.","troca, experiências, conhecimentos, instituições, estudantes, docentes, diferentes, países"
PDI_UFABC,PDI UFABC.pdf,12,organizacional_gestao,"além disso, a capacitação de docentes, discentes e técnicas e técnicos para contextos interculturais e a gestão das diferenças culturais são essenciais para o sucesso desse processo.","além, disso, capacitação, docentes, discentes, técnicas, técnicos, contextos"
PDI_UFABC,PDI UFABC.pdf,13,indefinido,"neste contexto, desenvolvimento da cultura de internacionalização e mobilidade acadêmica entre discentes.","neste, contexto, desenvolvimento, internacionalização, mobilidade, acadêmica, discentes"
PDI_UFABC,PDI UFABC.pdf,14,inovacao_empreendedorismo," ser protagonista na promoção de arranjos regionais de inovação com outras universidades, empresas, agências de fomento e agentes sociais variados, na busca por novas formas de alavancar os espaços propícios à inovação e ao empreendedorismo para a busca do desenvolvimento socioeconômico sustentável da região, ocupando função estratégica no desenvolvimento econômico, social e cultural.","inovação, busca, desenvolvimento, protagonista, promoção, arranjos, regionais, outras"
PDI_UFABC,PDI UFABC.pdf,15,inovacao_empreendedorismo," aprimorar os espaços institucionais e culturais e promover a participação da ufabc em parques científicos e tecnológicos, cidades inteligentes, distritos de inovação e polos tecnológicos.","tecnológicos, aprimorar, espaços, institucionais, promover, participação, ufabc, parques"
PDI_UFABC,PDI UFABC.pdf,16,artistica_patrimonial,"o papel de setores ligados diretamente à extensão não pode ser apenas de controle, burocrático ou administrativo, mas de elaboração e indução de uma cultura extensionista e sua realização cotidiana.","papel, setores, ligados, diretamente, extensão, não, pode, apenas"
PDI_UFABC,PDI UFABC.pdf,17,indefinido,"nos diálogos com várias pessoas e setores, além das contribuições que recebemos no âmbito dos trabalhos do pdi, a percepção é de que foi instaurada uma cultura que dificulta a apropriação do nosso próprio espaço interno, que há diversos entraves para usar os ambientes da universidade e que não há condições concretas para a comunidade acadêmica sair da universidade em direção às comunidades.","há, diálogos, várias, pessoas, setores, além, contribuições, recebemos"
PDI_UFABC,PDI UFABC.pdf,18,academica_formativa,"extensionistas, a extensão na educação superior brasileira é definida como “a atividade que se integra à matriz curricular e à organização da pesquisa, constituindo-se em processo interdisciplinar, político educacional, cultural, científico, tecnológico, que promove a interação transformadora entre as instituições de ensino superior e os outros setores da sociedade, por meio da produção e da aplicação do conhecimento, em articulação permanente com o ensino e a pesquisa”.","superior, pesquisa, ensino, extensionistas, extensão, educação, brasileira, é"
PDI_UFABC,PDI UFABC.pdf,19,academica_formativa,"contribuir para a formação universitária interdisciplinar, cidadã, crítica e responsável de estudantes, aprimorar a qualidade da formação acadêmica nos cursos de graduação e a formação na pós-graduação, fortalecer a indissociabilidade entre ensino, pesquisa e extensão, promover o encontro dialógico com todos os setores da sociedade, contribuindo para a transformação social, tornar a universidade um equipamento de cultura da comunidade, ampliar o conhecimento da população do entorno da ufabc sobre a instituição e suas atividades e prestação de serviços, parece ser, em geral, o que se almeja quando se curriculariza a extensão.","formação, graduação, extensão, contribuir, universitária, interdisciplinar, cidadã, crítica"
PDI_UFABC,PDI UFABC.pdf,20,indefinido,") e sim, juntos, com elas e eles investigar os condicionamentos sócio-históricos-culturais e construir conhecimento coletivo.","sim, juntos, elas, eles, investigar, condicionamentos, sócio, históricos"
PDI_UFABC,PDI UFABC.pdf,21,academica_formativa,"ufabc com vistas à curricularização, a considera “como um processo interdisciplinar, político educacional, cultural, científico ou tecnológico que promove a interação transformadora entre a ufabc e os outros setores da sociedade, por meio da produção e da aplicação do conhecimento, em articulação permanente com o ensino e/ou a pesquisa;","ufabc, vistas, curricularização, considera, processo, interdisciplinar, político, educacional"
PDI_UFABC,PDI UFABC.pdf,22,artistica_patrimonial,"e ação de cultura como uma ação que promove, difunde, cria, desenvolve, protege e valoriza o patrimônio históricocultural, considerando-se as dimensões cidadã, simbólica e econômica da cultura”.","ação, promove, difunde, cria, desenvolve, protege, valoriza, patrimônio"
PDI_UFABC,PDI UFABC.pdf,23,artistica_patrimonial,"portanto, as premissas basilares para pensar os próximos dez anos e criar as possibilidades de atuação das e dos nossos estudantes em cultura e extensão estão postas com essa definição e o alerta de paulo freire.","portanto, premissas, basilares, pensar, próximos, dez, anos, criar"
PDI_UFABC,PDI UFABC.pdf,24,indefinido,"ela se caracteriza por atividades que promovem a interação da universidade com a comunidade externa, visando o desenvolvimento social, cultural, econômico e educacional.","ela, caracteriza, atividades, promovem, interação, comunidade, externa, visando"
PDI_UFABC,PDI UFABC.pdf,25,diversidade_inclusao,"participação em projetos comunitários, atendimento à população nos campi, em projetos de inclusão social, organização de eventos culturais, educacionais, e cursos de capacitação, desenvolvimento de ações de preservação ambiental, dentre outras.","projetos, participação, comunitários, atendimento, população, campi, inclusão, social"
PDI_UFABC,PDI UFABC.pdf,26,artistica_patrimonial,"por fim, a cultura e a extensão são atividades de encontro humano, de estabelecimento e fortalecimento de laços, de fazer coletivo e devem ser pautadas em atividades presenciais e ocupação/apropriação física dos espaços na universidade, nas comunidades, nos territórios.","atividades, fim, extensão, são, encontro, humano, estabelecimento, fortalecimento"
PDI_UFABC,PDI UFABC.pdf,27,artistica_patrimonial,"a possibilidade de gravação de cursos, eventos e oficinas que potencializem em números o alcance relativo das atividades é desejável, mas não deve ser obstáculo para a realização dos objetivos-fim da cultura e extensão.","possibilidade, gravação, cursos, eventos, oficinas, potencializem, números, alcance"
PDI_UFABC,PDI UFABC.pdf,28,artistica_patrimonial,"políticas de cultura, arte, saúde, esporte e lazer, meio ambientepolíticas de cultura, arte, saúde, esporte e lazer, meio ambiente com o reconhecimento e a valorização de outros saberes e práticas,e com a reinterpretação social da natureza a partir de imaginários culturais, com o bem viver, se poderá construir uma nova racionalidade social, política, econômica e cultural indispensável para a transformação.","arte, saúde, esporte, lazer, meio, social, políticas, ambientepolíticas"
PDI_UFABC,PDI UFABC.pdf,29,indefinido,"isso nos instiga a construir espaços solidários e de cuidado, rompendo com modelos arraigados ao valorizar as diversas culturas e modos de vida que foram subjugados e silenciados pela imposição homogeneizadora do ocidente.","isso, instiga, construir, espaços, solidários, cuidado, rompendo, modelos"
PDI_UFABC,PDI UFABC.pdf,30,artistica_patrimonial,no contexto do novo pdi da ufabc não se pode contar com melhor base para construir as políticas de cultura e arte e para pensar nossas relações de cuidado:,"contexto, novo, ufabc, não, pode, contar, melhor, base"
PDI_UFABC,PDI UFABC.pdf,31,diversidade_inclusao,"é hora, portanto, se quisermos garantir o mais básico dos direitos - o direito de existir - de deixar os campi verdes, criar políticas de cultura, saúde, esporte e lazer e relações mais humanas com os espaços da instituição que mudem sua configuração.","mais, é, hora, portanto, quisermos, garantir, básico, direitos"
PDI_UFABC,PDI UFABC.pdf,32,organizacional_gestao,"a política institucional de cultura da ufabc deve incentivar e promover meios de produção e acessibilidade das manifestações culturais de discentes, trabalhadoras e trabalhadores em situação de terceirização, docentes e técnicas e técnicos e, principalmente, de toda a comunidade dos territórios em que a universidade impacta.","política, ufabc, deve, incentivar, promover, meios, produção, acessibilidade"
PDI_UFABC,PDI UFABC.pdf,33,organizacional_gestao,"cabe frisar que a política institucional de cultura pode orientar a atuação de todas as áreas da ufabc, uma vez que é um campo que atravessa interesses comuns.","cabe, frisar, política, pode, orientar, atuação, todas, áreas"
PDI_UFABC,PDI UFABC.pdf,34,organizacional_gestao,"a política também deve construir e manter relações institucionais com a gestão pública de cultura, tais como:","política, também, deve, construir, manter, relações, institucionais, gestão"
PDI_UFABC,PDI UFABC.pdf,35,indefinido,ministério conselhos municipais de cultura;,"ministério, conselhos, municipais"
PDI_UFABC,PDI UFABC.pdf,36,indefinido,"com instâncias governamentais de relações exteriores e diplomáticas, tais como com o desenvolvimento cultural.","instâncias, governamentais, relações, exteriores, diplomáticas, tais, desenvolvimento"
PDI_UFABC,PDI UFABC.pdf,37,artistica_patrimonial,"a ufabc deve atentar para não corroborar o senso comum de que a arte, as manifestações culturais e as linguagens artísticas suprem, nas universidades, a cota do entretenimento e do calendário de datas comemorativas, como se abrandasse a tecnicidade das atividades consideradas mais prestigiosas.","ufabc, deve, atentar, não, corroborar, senso, comum, arte"
PDI_UFABC,PDI UFABC.pdf,38,artistica_patrimonial,"os marcos institucionais, os indicadores, o orçamento e as ações da ufabc devem partir do princípio de que a cultura e a arte são atividades-fim justificadas em si mesmas, integradas aos processos de ensino-aprendizagem com resguardo às propriedades específicas e à pluralidade cultural.","marcos, institucionais, indicadores, orçamento, ações, ufabc, devem, partir"
PDI_UFABC,PDI UFABC.pdf,39,indefinido,"devemos nos consolidar como um equipamento cultural de ampla relevância e impacto nas cidades onde estão nossos campi e em seu entorno, em que a experiência criativa, a imaginação livre e a subjetividade são os elementos centrais da ação cotidiana.","devemos, consolidar, equipamento, ampla, relevância, impacto, cidades, onde"
PDI_UFABC,PDI UFABC.pdf,40,artistica_patrimonial,"nossas salas (de aula e de cinema), nosso teatro e ocupações artísticas, bibliotecas, auditórios, entidades e coletivos culturais, museus e centros de memória, laboratórios e salas de pesquisa, pátios e espaços abertos, enfim, toda a ufabc deve estimular o exercício da ética e da estética, da reescrita da história sob a perspectiva decolonial, da validação da memória, da integração da ancestralidade e da cosmologia como tecnologias ativas, da produção de tecnologias de comunicação que ultrapassem as do mercado.","salas, memória, tecnologias, nossas, aula, cinema, nosso, teatro"
PDI_UFABC,PDI UFABC.pdf,41,organizacional_gestao,"a política institucional de cultura da ufabc deve ser um instrumento que acione competências históricas complexas, como compreender e agir no tempo que se vive, mediar dilemas oriundos de variados campos do saber e traçar estratégias que só podem nascer da abstração que a arte e a cultura propiciam.","política, ufabc, deve, instrumento, acione, competências, históricas, complexas"
PDI_UFABC,PDI UFABC.pdf,42,artistica_patrimonial,"além disso, a política deve pautar, paralelamente, uma interação social que encontre reverberação nos espaços de convivência, como o surgimento de grupos que passam a realizar e/ou demandar atividades de interesse do nicho, expandindo a compreensão de cultura para além das artes ao integrar arte, cultura e tecnologia, fomentando a indústria forma virtuosa e inquestionável, que a universidade assume a incumbência de constituir o rol de aparelhos culturais públicos acessíveis e de excelência do país.","além, disso, política, deve, pautar, paralelamente, interação, social"
PDI_UFABC,PDI UFABC.pdf,43,academica_formativa,"a ufabc deve concentrar amplos esforços na promoção do encantamento entre a universidade e o seu entorno, por meio de uma programação plural de atividades extensionistas, de esporte, lazer, ensino, pesquisa e ocupação dos espaços com obras de arte e manifestações culturais, incluindo mobiliários agregadores que convidem todas as pessoas a circular pela instituição.","ufabc, deve, concentrar, amplos, esforços, promoção, encantamento, entorno"
PDI_UFABC,PDI UFABC.pdf,44,indefinido,"o bloco c pode atender a todas essas esferas de atuação da universidade, uma vez que os espaços culturais também são caracterizáveis como laboratórios de experimentações de todos os campos do saber?","bloco, c, pode, atender, todas, essas, esferas, atuação"
PDI_UFABC,PDI UFABC.pdf,45,indefinido,"no entanto, a cultura não se faz em um espaço;","entanto, não, faz, espaço"
PDI_UFABC,PDI UFABC.pdf,46,indefinido,"o campus auditórios, um para grandes eventos, hall e acoplado ao prédio do sistemas de biblioteca (sisbi), é potente para múltiplas ações culturais.","campus, auditórios, grandes, eventos, hall, acoplado, prédio, sistemas"
PDI_UFABC,PDI UFABC.pdf,47,artistica_patrimonial,"é imprescindível que esses ambientes sejam revitalizados, mantidos em pleno funcionamento técnico e que outros espaços pelo campus sejam criados, na verdade, adaptados para arte e cultura.","sejam, é, imprescindível, esses, ambientes, revitalizados, mantidos, pleno"
PDI_UFABC,PDI UFABC.pdf,48,artistica_patrimonial,"há múltiplos locais que, com pouca adequação estrutural, poderiam receber centenas de pessoas em atividades culturais e artísticas.","há, múltiplos, locais, pouca, adequação, estrutural, poderiam, receber"
PDI_UFABC,PDI UFABC.pdf,49,artistica_patrimonial,nenhuma dessas demandas poderá ser atendida sem uma ampla campanha com a comunidade acadêmica sobre a relevância da cultura e da arte e sem apoio técnico para realização de todas as atividades.,"nenhuma, dessas, demandas, poderá, atendida, ampla, campanha, comunidade"
PDI_UFABC,PDI UFABC.pdf,50,artistica_patrimonial,"ademais, nos dois campi os espaços diversos potenciais para cultura e arte precisam ser plenamente ocupados e apropriados pela comunidade.","ademais, dois, campi, espaços, diversos, potenciais, arte, precisam"
PDI_UFABC,PDI UFABC.pdf,51,artistica_patrimonial,"a implementação de uma política de cultura e de arte terá forte impacto na saúde da comunidade acadêmica, seus familiares e amigos.","implementação, política, arte, terá, forte, impacto, saúde, comunidade"
PDI_UFABC,PDI UFABC.pdf,52,indefinido,"isso possibilitaria que tivéssemos, como faremos na cultura, uma política de saúde.","isso, possibilitaria, tivéssemos, faremos, política, saúde"
PDI_UFABC,PDI UFABC.pdf,53,indefinido,"- , e saudável (paas) organizada em um conjunto de estratégias de modo a garantir às pessoas a realização de práticas alimentares apropriadas considerando as dimensões biológica, social e cultural.","saudável, paas, organizada, conjunto, estratégias, modo, garantir, s"
PDI_UFABC,PDI UFABC.pdf,54,indefinido,"o esporte não deve ser visto como uma competição, mas como uma oportunidade de participação cultural e educação integral.","esporte, não, deve, visto, competição, mas, oportunidade, participação"
PDI_UFABC,PDI UFABC.pdf,55,indefinido,"visa ao acesso à prática esportiva por meio de ações planejadas, inclusivas, educativas, culturais e lúdicas para crianças e adolescentes, desde os primeiros anos de idade;","visa, acesso, prática, esportiva, meio, ações, planejadas, inclusivas"
PDI_UFABC,PDI UFABC.pdf,56,artistica_patrimonial,"a cultura, a arte, o lazer, o esporte e a produção acadêmica e científica socializada em simpósios, colóquios, rodas de conversa, congressos, entre outros que ocuparem os espaços físicos da universidade com as pessoas presentes ajudarão a romper com o isolamento que leva ao adoecimento.","arte, lazer, esporte, produção, acadêmica, científica, socializada, simpósios"
PDI_UFABC,PDI UFABC.pdf,57,artistica_patrimonial,"tanto nas atividades extensionistas quanto nas específicas de implementação de ações de cultura, arte, esporte e lazer, a participação de discentes como protagonistas, de docentes e demais servidores para elaboração e acompanhamento é fundamental.","tanto, atividades, extensionistas, quanto, específicas, implementação, ações, arte"
PDI_UFABC,PDI UFABC.pdf,58,artistica_patrimonial," fortalecer a política de cultura e extensão com ênfase em investimentos e definição de critérios e indicadores territoriais, temporais e temáticos, bem como revisitando-se seus princípios e valores.","fortalecer, política, extensão, ênfase, investimentos, definição, critérios, indicadores"
PDI_UFABC,PDI UFABC.pdf,59,artistica_patrimonial, incorporar a concepção de territorialização na política de cultura e extensão da ufabc.,"incorporar, concepção, territorialização, política, extensão, ufabc"
PDI_UFABC,PDI UFABC.pdf,60,artistica_patrimonial, conceber programas de cultura e extensão:,"conceber, programas, extensão"
PDI_UFABC,PDI UFABC.pdf,61,artistica_patrimonial,"engenharias, ciências sociais aplicadas, ciências naturais, licenciaturas, cultura e arte, saúde e ciências da vida.","ciências, engenharias, sociais, aplicadas, naturais, licenciaturas, arte, saúde"
PDI_UFABC,PDI UFABC.pdf,62,artistica_patrimonial," fortalecer o protagonismo dos movimentos populares, coletivos e grupos periféricos na formulação e implementação da política de cultura e extensão.","fortalecer, protagonismo, movimentos, populares, coletivos, grupos, periféricos, formulação"
PDI_UFABC,PDI UFABC.pdf,63,organizacional_gestao," fortalecer a diretriz institucional da ufabc de fomento à construção coletiva e comunitária de formas mais justas de atuação a partir autonomia orçamentária, administrativa e de gestão de cada uma das atividades extensionistas, a fim de garantir o incentivo, fomento e execução das iniciativas pela atuação conjunta dos docentes, discentes docentes, discentes, técnicos/as-administrativos, terceirizados/as e demais integrantes das comunidades na consecução dos objetivos estratégicos e operacionais da política de cultura e extensão.","fomento, atuação, docentes, discentes, fortalecer, diretriz, ufabc, construção"
PDI_UFABC,PDI UFABC.pdf,64,artistica_patrimonial," considerar o princípio da extensão primordialmente como experiência presencial e territorial, seja nas comunidades externas ou nos campi da ufabc, em sintonia com a formulação “a cabeça pensa onde os pés pisam”  superar obstáculos e barreiras físicas, administrativas e conceituais para desenvolvimento da política de cultura e extensão.","extensão, considerar, princípio, primordialmente, experiência, presencial, territorial, seja"
PDI_UFABC,PDI UFABC.pdf,65,artistica_patrimonial," promover formações, debates, reflexões e produções a respeito da política de cultura e extensão por meio de intercâmbio com outras universidades, movimentos sociais, acadêmicos e extensionistas.","promover, formações, debates, reflexões, produções, respeito, política, extensão"
PDI_UFABC,PDI UFABC.pdf,66,artistica_patrimonial," mapear, permanentemente, o entorno com georreferenciamento considerando múltiplos territórios de atuação incluindo as comunidades participantes dos projetos e ações de extensão e cultura.","mapear, permanentemente, entorno, georreferenciamento, considerando, múltiplos, territórios, atuação"
PDI_UFABC,PDI UFABC.pdf,67,indefinido," estabelecer programas de cultura articulados com as políticas do ministério da cultura, das secretarias de auditórios de são bernardo do campo.","estabelecer, programas, articulados, políticas, ministério, secretarias, auditórios, são"
PDI_UFABC,PDI UFABC.pdf,68,artistica_patrimonial," inserir integrantes das comunidades a serem atendidas nas decisões acerca das políticas de extensão e cultura da ufabc,  criar espaços de representação plural junto à proec para todos os movimentos populares, promovendo, regularmente, audiências públicas para levantamento de demandas que orientariam as políticas e as ações.","políticas, inserir, integrantes, comunidades, serem, atendidas, decisões, acerca"
PDI_UFABC,PDI UFABC.pdf,69,artistica_patrimonial," lançar editais que priorizem e estimulem com recursos financeiros as atividades presenciais, com ampliação da estrutura de apoio à realização de práticas nos campi e sua divulgação  promover formação continuada acerca do que é uma universidade pública e seus espaços, com ampliação dos ambientes de arte e cultura dentro dos campi, modificação dos processos que envolvem vínculos de servidores ao patrimônio e criação de campanhas para que moradoras e moradores do entorno usufruam da infraestrutura da ufabc, como bibliotecas, espaços para caminhadas, ginásio, piscinas, entre outros.","ampliação, campi, espaços, lançar, editais, priorizem, estimulem, recursos"
PDI_UFABC,PDI UFABC.pdf,70,indefinido," fortalecer a articulação com redes públicas locais de saúde, educação, cultura, esporte e lazer, entre outros, com o intuito de contribuir para o acesso da comunidade universitária à atenção nesses serviços e visando o diálogo e parcerias entre a universidade e outros setores da sociedade.","outros, fortalecer, articulação, redes, públicas, locais, saúde, educação"
PDI_UFABC,PDI UFABC.pdf,71,academica_formativa,"para tanto, é preciso avançar na efetivação de políticas afirmativas, garantindo auxílio econômico às e aos estudantes com vulnerabilidade econômica, e, muito além disso, promovendo ações de combate ao preconceito e à violência, num movimento de busca da cultura de paz, bem como um trabalho de informação e formação da comunidade diante das diversas possibilidades de/do ser, valorizando as peculiaridades e particularidades e trabalhando em prol do respeito às diferenças.","s, tanto, é, preciso, avançar, efetivação, políticas, afirmativas"
PDI_UFABC,PDI UFABC.pdf,72,diversidade_inclusao,"“moradia estudantil, alimentação, transporte, atenção à saúde, inclusão digital, cultura, esporte, creche, apoio pedagógico e acesso, participação e aprendizagem de estudantes com deficiência, transtornos globais do desenvolvimento e altas habilidades e superdotação”.","moradia, estudantil, alimentação, transporte, atenção, saúde, inclusão, digital"
PDI_UFABC,PDI UFABC.pdf,73,academica_formativa,"as garantias constitucionais de responsabilidade do estado brasileiro, governo e municípios deveriam estar disponíveis junto à comunidade discente com ações no que tange a atenção à saúde integral, esporte, lazer e cultura como fundamentais para a permanência qualificada de estudantes.","garantias, constitucionais, responsabilidade, estado, brasileiro, governo, municípios, deveriam"
PDI_UFABC,PDI UFABC.pdf,74,indefinido,"essas medidas são ferramentas importantes para o enfrentamento das desigualdades e promoção da cultura de um ambiente livre de assédio, garantindo a permanência simbólica em nossa universidade.","essas, medidas, são, ferramentas, importantes, enfrentamento, desigualdades, promoção"
PDI_UFABC,PDI UFABC.pdf,75,diversidade_inclusao,"apenas com o desenvolvimento de uma cultura de paz é que o ambiente estudantil se transformará de fato, com a promoção da diversidade e no enfrentamento das desigualdades e preconceitos referentes à classe, etnia, idade, religião ou quaisquer outros marcadores sociais que impliquem em segregação ou violação de direitos.","apenas, desenvolvimento, paz, é, ambiente, estudantil, transformará, fato"
PDI_UFABC,PDI UFABC.pdf,76,diversidade_inclusao,"é importante reiterar que o conceito de acessibilidade não está restrito às questões relativas às pcds e nem apenas à viabilização de rampas e ou elevadores, mas pensar na acessibilidade dos currículos, das culturas e das possibilidades de autonomia.","acessibilidade, s, é, importante, reiterar, conceito, não, está"
PDI_UFABC,PDI UFABC.pdf,77,diversidade_inclusao,"diminuir as barreiras arquitetônicas, sociais, culturais e, sobretudo, atitudinais para que possamos alcançar princípios efetivos de acessibilidade.","diminuir, barreiras, arquitetônicas, sociais, sobretudo, atitudinais, possamos, alcançar"
PDI_UFABC,PDI UFABC.pdf,78,indefinido," conceber um programa de promoção da saúde mental para estudantes, que contribua para o enfrentamento do sofrimento psíquico, potencializado por condições de permanência precárias e por uma cultura universitária ainda predominantemente eurocêntrica, ancorada em uma branquitude, e pouco amigável e acessível aos setores populares, em especial, a estudantes negras e negros, indígenas,com deficiências e transgêneras, transexuais e travestis.","estudantes, conceber, programa, promoção, saúde, mental, contribua, enfrentamento"
PDI_UFABC,PDI UFABC.pdf,79,diversidade_inclusao,"essa autonomia se materializa na existência de condições adequadas ao cumprimento da missão suficiente para a manutenção de sua infraestrutura, renovação permanente de seu parque de equipamentos didáticos e de pesquisa, realização das políticas culturais e extensionistas, inclusão e permanência estudantil.","essa, autonomia, materializa, existência, condições, adequadas, cumprimento, missão"
PDI_UFABC,PDI UFABC.pdf,80,indefinido,"além disso, promover uma cultura de compartilhamento de equipamentos e espaços, reconhecendo a tendência ao trabalho híbrido (parte presencial, parte remoto) nos próximos anos, o que permitirá racionalizar o uso de infraestrutura e também um melhor (re)dimensionamento dos espaços físicos da universidade.","espaços, parte, além, disso, promover, compartilhamento, equipamentos, reconhecendo"
PDI_UFABC,PDI UFABC.pdf,81,diversidade_inclusao,"resoluções recentes do consuni foram criadas com esse objetivo, promovendo a cultura de paz e tolerância quanto a diversidade sexual para evitar o assédio moral e sexual e, principalmente, para garantir conhecimento dos canais de denúncia e acolhimento das vítimas por parte da comunidade.","sexual, resoluções, recentes, consuni, foram, criadas, esse, objetivo"
PDI_UFABC,PDI UFABC.pdf,82,organizacional_gestao,"a promoção de uma cultura de segurança visa aprimorar o desempenho institucional, aumentar a produtividade individual e garantir um ambiente propício ao crescimento pessoal e profissional de cada indivíduo.","promoção, segurança, visa, aprimorar, desempenho, aumentar, produtividade, individual"
PDI_UFABC,PDI UFABC.pdf,83,academica_formativa,"atualmente a ufabc tem menos de uma técnica e técnico por docente, mas entendemos que para haver um apoio administrativo e acadêmico adequado para a realização das atividades de ensino, pesquisa, extensão e cultura, colaborando para que a universidade busque patamares de excelência em sua atuação, seria necessária uma proporção de uma técnica e técnico e meio.","técnica, técnico, atualmente, ufabc, tem, menos, docente, mas"
PDI_UFABC,PDI UFABC.pdf,84,organizacional_gestao,"a ufabc está buscando fortalecer sua gestão de dados e transparência institucional por meio do repositório de de dados visa centralizar e padronizar a informação, promovendo conformidade com a legislação e conscientização sobre a importância da gestão de dados, estabelecendo o valor dessa cultura na instituição na tomada de decisão e construção de políticas.","dados, gestão, ufabc, está, buscando, fortalecer, transparência, meio"
PDI_UFABC,PDI UFABC.pdf,85,indefinido,a promoção de uma cultura de transparência e participação da comunidade acadêmica e sociedade é considerada crucial para o sucesso dessas iniciativas.,"promoção, transparência, participação, comunidade, acadêmica, sociedade, é, considerada"
PDI_UFABC,PDI UFABC.pdf,86,indefinido,"a construção de uma cultura sólida de divulgação científica, envolvendo jornalismo especializado, popularização da ciência e relacionamento proativo com a imprensa deve ser um destaque.","construção, sólida, divulgação, científica, envolvendo, jornalismo, especializado, popularização"
PDI_UFABC,PDI UFABC.pdf,87,indefinido, fomentar uma cultura de compartilhamento de equipamentos e mobiliários a fim de racionalizar o uso de infraestrutura móvel e redimensionar os espaços físicos da universidade.,"fomentar, compartilhamento, equipamentos, mobiliários, fim, racionalizar, uso, infraestrutura"
PDI_UFABC,PDI UFABC.pdf,88,organizacional_gestao," estruturar condições para que o observatório da ufabc desenvolva suas atividades de modo efetivo, promovendo avaliações periódicas e sistematização de dados subsidiando o planejamento institucional e consolidando a cultura de análise de dados organizacionais.","dados, estruturar, condições, observatório, ufabc, desenvolva, atividades, modo"
PDI_UFABC,PDI UFABC.pdf,89,artistica_patrimonial," realizar eventos e oficinas interativas para aproximar a ciência do cotidiano das pessoas, considerando o plano de extensão e cultura proposto neste pdi.","realizar, eventos, oficinas, interativas, aproximar, ciência, cotidiano, pessoas"
PDI_UFABC,PDI UFABC.pdf,90,academica_formativa,"desagregações macro1 número total de alunos ingressantes nos cursos interdisciplinares da graduação anualmente ) por tipo de ingresso ) por curso de ingresso ) por raça/cor ) por município de escola de origem ) por município de residência ) por idade macro2 número de alunos matriculados na graduação ) por tipo de ingresso ) por curso ) por raça/cor ) por município de residência ) por idade macro3 número de alunos matriculados na pós-graduação - (ampla concorrência, cotas [e tipo de cota], transferência, vagas remanescentes) ) por gênero ) por raça / cor macro4 número de alunos matriculados na pós-graduação - (ampla concorrência, cotas [e tipo de cota], transferência, vagas remanescentes) ) por gênero ) por raça / cor macro5 número de formados nos cursos de ingresso da graduação ) por tipo de ingresso ) por curso de ingresso ) por raça/cor macro6 número de formados nos cursos de formação específica da graduação ) por curso específico ) por tipo de ingresso ) por raça/cor macro7 número de formados na pósgraduação stricto sensu (ampla concorrência, cotas [e tipo de cota], transferência, vagas remanescentes) ) por gênero ) por raça / cor ) mestrado e doutorado macro8 nos cursos de ingresso ) por tipo de ingresso ) por turno ) curso de ingresso ) por raça/cor ) por município de residência macro9 tempo de retenção nos cursos de ingresso , x tempo mínimo de integralização do curso de ingresso , x tempo mínimo de integralização do curso de ingresso , x tempo mínimo de integralização do curso de ingresso ) por tipo de ingresso ) por curso de ingresso ) por turno ) por raça/cor ) por idade macro11 número de ações de cultura macro12 número de ações de extensão macro13 público alvo atingido em ações de extensão e cultura macro14 número de certificados de extensão emitidos macro15 percentual de docentes participantes em ações de extensão e cultura ) por raça/cor ) por gênero macro16 participantes em ações de extensão e cultura ) por raça/cor ) por gênero macro17 percentual de alunos de graduação participantes como membros em ações de extensão e cultura ) por raça/cor ) por gênero ) por tipo de ingresso macro18 quantidade média de horas de curricularização da extensão por discente de graduação (média por ano) horas per capita horas per capita horas per capita prograd / curricularização da extensão, graduação, extensão sim ) por raça/cor ) por gênero ) por tipo de ingresso ) por campus ) por tipo de uso macro20 área coberta por vegetação .315m² .","macro, ingresso, raça, cor, tipo, número, graduação, curso"
PDI_UFABC,PDI UFABC.pdf,91,organizacional_gestao,"% % % ) por campus ) por bloco macro23 redução no consumo de água (%) ,04m³ per capita por ano ) por campus ) por bloco ) parcela oriunda de fontes alternativas macro24 redução no consumo de energia elétrica (%) , kwh per capita por ano ) por campus ) por bloco ) parcela oriunda de autogeração macro25 número de técnicos administrativos sugepe governança, sim ) por campus ) por raça/cor ) por gênero macro26 número de docentes sugepe governança, sim ) por campus ) por raça/cor ) por gênero macro27 total de publicações dos docentes - anual ) por raça/cor macro28 - anual ) por raça/cor ) por gênero macro29 total de publicações com colaboração internacional - anual ) por raça/cor ) por gênero macro30 afastamentos internacionais docentes= ta= docentes= ta= docentes = /ta= ) docentes ) técnicos administrativos macro31 número de alunos da ufabc participantes em mobilidade acadêmica internacional - anual ) tipo de ingresso ) gênero )raça / cor ) participante de programa de apoio ) reserva de vaga e tipo macro32 número de patentes ) por situação (depositada/concedida) ) por tipo de pedido (nacional/internacional) ) por jurisdição (país de proteção) ) por titular (produção isolada, em parceria com outras universidades, em parceria com empresas ) por posse (licenciada ou não)” macro33 captação de recursos externos - oriundos do setor público - milhões/ano milhões/ano milhões/ ano propes/ macro34 captação de recursos externos - oriundos do setor privado - , milhões milhões/ano milhões/ano propes/ macro35 orçamento de custeio anual ) valores atualizados pela inflação pesquisa, desenvolvimento e inovação extensão e cultura inclusão universitária e permanência estudantil governança e gestão infraestrutura:","macro, ano, raça, cor, docentes, milhões, campus, gênero"
PDI_UFES,PDI UFES.pdf,1,academica_formativa,"missão garantir a formação humana, acadêmica e profissional com excelência, por meio do ensino, da pesquisa e da extensão, com a produção de avanços científicos, tecnológicos, educacionais, culturais, sociais e de inovação, e a promoção dos direitos e da inclusão social.","missão, garantir, formação, humana, acadêmica, profissional, excelência, meio"
PDI_UFES,PDI UFES.pdf,2,indefinido,"• defesa e respeito às diversidades étnico-raciais, de gênero, culturais, sociais e regionais de nossa população;","defesa, respeito, s, diversidades, étnico, raciais, gênero, sociais"
PDI_UFES,PDI UFES.pdf,3,indefinido,• estimular a criação cultural e o desenvolvimento do espírito científico e do pensamento reflexivo.,"estimular, criação, desenvolvimento, espírito, científico, pensamento, reflexivo"
PDI_UFES,PDI UFES.pdf,4,inovacao_empreendedorismo,"• incentivar o trabalho de pesquisa e investigação científica, visando ao desenvolvimento da ciência e da tecnologia, e da criação e difusão da cultura, para, desse modo, ampliar o entendimento do homem e do meio em que vive.","incentivar, trabalho, pesquisa, investigação, científica, visando, desenvolvimento, ciência"
PDI_UFES,PDI UFES.pdf,5,artistica_patrimonial,"• promover a divulgação de conhecimentos culturais, científicos e técnicos que constituem patrimônio da humanidade, e comunicar o saber através do ensino, de publicações ou de outras formas de comunicação.","promover, divulgação, conhecimentos, científicos, técnicos, constituem, patrimônio, humanidade"
PDI_UFES,PDI UFES.pdf,6,indefinido,"• suscitar o desejo permanente de aperfeiçoamento cultural e profissional, e possibilitar a correspondente concretização, integrando os conhecimentos que vão sendo adquiridos numa estrutura intelectual sistematizadora do conhecimento de cada geração.","suscitar, desejo, permanente, aperfeiçoamento, profissional, possibilitar, correspondente, concretização"
PDI_UFES,PDI UFES.pdf,7,artistica_patrimonial,"• promover a extensão, aberta à participação da população, visando à difusão das conquistas e benefícios resultantes da criação cultural e das pesquisas científicas e tecnológicas geradas na instituição.","promover, extensão, aberta, participação, população, visando, difusão, conquistas"
PDI_UFES,PDI UFES.pdf,8,academica_formativa,"o ensino na universidade, em todas as modalidades, está voltado para a busca, a produção e a socialização de conhecimentos, é também um recurso de educação destinado à formação ética, científica e cultural dos seus estudantes.","ensino, todas, modalidades, está, voltado, busca, produção, socialização"
PDI_UFES,PDI UFES.pdf,9,artistica_patrimonial,"os cursos de pós-graduação lato sensu aprofundam conhecimentos específicos e teórico-práticos, depois de concluída a graduação, nas áreas que compõem um ramo profissional, científico, cultural ou artístico.","graduação, cursos, pós, lato, sensu, aprofundam, conhecimentos, específicos"
PDI_UFES,PDI UFES.pdf,10,indefinido,"os cursos de mestrado visam enriquecer a competência didática, científica, cultural e profissional dos graduados, podendo ser compreendidos tanto como fase preliminar do doutorado quanto como nível terminal.","cursos, mestrado, visam, enriquecer, competência, didática, científica, profissional"
PDI_UFES,PDI UFES.pdf,11,academica_formativa,"os cursos de doutorado proporcionam formação científica e cultural ampla e aprofundada, desenvolvendo a capacidade de pesquisa e o poder criador nos diversos ramos do saber.","cursos, doutorado, proporcionam, formação, científica, ampla, aprofundada, desenvolvendo"
PDI_UFES,PDI UFES.pdf,12,indefinido,"dentre os principais, podemos destacar a base oceanográfica, instrumentos de comunicação e cultura, | | metros quadrados, abrigando secretaria do curso, um auditório com capacidade para pessoas, duas salas de aula .","dentre, principais, podemos, destacar, base, oceanográfica, instrumentos, comunicação"
PDI_UFES,PDI UFES.pdf,13,indefinido,"comunicação e cultura na ufes, as atividades de comunicação e cultura são coordenadas, respectivamente, pela superintendência de comu - nicação e pela secretaria de cultura.","comunicação, ufes, atividades, são, coordenadas, respectivamente, superintendência, comu"
PDI_UFES,PDI UFES.pdf,14,academica_formativa,"• tv ufes – fundada em agosto de , tem por princípio a produção de conteúdo audiovisual de cunho educa - tivo, científico e cultural, em diversos formatos, buscando a experimentação e a interlocução com as atividades de ensino, pesquisa e extensão da ufes;","ufes, tv, fundada, agosto, tem, princípio, produção, conteúdo"
PDI_UFES,PDI UFES.pdf,15,indefinido,"quanto ao conjunto cultural, a ufes conta com:","quanto, conjunto, ufes, conta"
PDI_UFES,PDI UFES.pdf,16,indefinido,"• teatro universitário – inaugurado em , o espaço visa atender às demandas culturais (teatro, música e dança) e as acadêmicas (conferências, congressos, seminários, colações de grau etc.) das comunidades universitária e | | hoje o maior do estado e sua infraestrutura o coloca entre os mais bem equipados do país.","teatro, universitário, inaugurado, espaço, visa, atender, s, demandas"
PDI_UFES,PDI UFES.pdf,17,academica_formativa,"também aplica testes de proficiência em língua estrangeira, desenvolve pesquisas sobre ensino e aprendizagem de línguas estrangeiras e promove atividades culturais e a formação de professores.","também, aplica, testes, proficiência, língua, estrangeira, desenvolve, pesquisas"
PDI_UFES,PDI UFES.pdf,18,indefinido,"no seu espaço, acontecem exposições e eventos científico-culturais relacionados à área.","espaço, acontecem, exposições, eventos, científico, relacionados, área"
PDI_UFES,PDI UFES.pdf,19,academica_formativa,"a organização de seus programas, a distribuição do trabalho de ensino, pesquisa e extensão de forma a harmonizar os seus interesses e as preocupações científico-culturais dominantes de seu pessoal docente.","organização, programas, distribuição, trabalho, ensino, pesquisa, extensão, forma"
PDI_UFES,PDI UFES.pdf,20,academica_formativa,"pesquisa a pesquisa é uma das atividades fundamentais da universidade e proporciona a produção de conhecimentos científi - cos, tecnológicos, educacionais, culturais e sociais, a partir do diálogo com os variados saberes e conhecimentos produzidos na sociedade, particularmente os saberes indígenas e tradicionais.","pesquisa, conhecimentos, saberes, é, atividades, fundamentais, proporciona, produção"
PDI_UFES,PDI UFES.pdf,21,artistica_patrimonial,"extensão a extensão é uma atividade acadêmica identificada com os fins da universidade, desenvolvendo processos educativos, artísticos, culturais e científicos articulados com o ensino e a pesquisa.","extensão, é, atividade, acadêmica, identificada, fins, desenvolvendo, processos"
PDI_UFES,PDI UFES.pdf,22,inovacao_empreendedorismo,"a pesquisa na universidade tem como objetivo primário a produção de conhecimentos, que proporcione o desenvolvimento científico, tecnológico, artístico e cultural local, nacional e internacional.","pesquisa, tem, objetivo, primário, produção, conhecimentos, proporcione, desenvolvimento"
PDI_UFES,PDI UFES.pdf,23,indefinido,"i investigação de questões ou problemas técnicos, científicos e culturais na busca de respostas inovadoras;","i, investigação, questões, problemas, técnicos, científicos, busca, respostas"
PDI_UFES,PDI UFES.pdf,24,indefinido,"ii divulgação das investigações, das inovações culturais e técnicas por meio de publicações, encontros, congressos e outros;","ii, divulgação, investigações, inovações, técnicas, meio, publicações, encontros"
PDI_UFES,PDI UFES.pdf,25,artistica_patrimonial,"| | a extensão constitui em interação sistematizada da universidade com a sociedade e visa à socialização e ao desenvolvimento da produção de conhecimentos e tecnologias, contribuindo para o desenvolvimento social, cultural, científico e , considera a extensão como um dos elementos constitutivos do tripé sobre o qual se fundam as atividades acadêmicas.","extensão, desenvolvimento, constitui, interação, sistematizada, sociedade, visa, socialização"
PDI_UFES,PDI UFES.pdf,26,indefinido,iv promover a cultura de acompanhamento integrado de egressos.,"iv, promover, acompanhamento, integrado, egressos"
PDI_UFES,PDI UFES.pdf,27,academica_formativa,"“garantir a formação humana, acadêmica e profissional com excelência, por meio do ensino, da pesquisa e da extensão, com a produção de avanços científicos, tecnológicos, educacionais, culturais, sociais e de inovação, e a promoção dos direitos e da inclusão social”.","garantir, formação, humana, acadêmica, profissional, excelência, meio, ensino"
PDI_UFES,PDI UFES.pdf,28,artistica_patrimonial,"os currículos dos cursos de graduação e de pós-graduação levam em conta a liberdade constitucional de aprender, ensinar, pesquisar e divulgar a cultura, a arte e os saberes produzidos no seu interior e na sociedade, de modo a incentivar o pluralismo de ideias e de concepções pedagógicas, abrindo espaço para que os estudantes, dentre as várias possibilidades, possam fazer escolhas que os conduzam de forma segura ao mundo do trabalho.","graduação, currículos, cursos, pós, levam, conta, liberdade, constitucional"
PDI_UFES,PDI UFES.pdf,29,academica_formativa,"como forma de garantir a articulação entre ensino e pesquisa, princípio pedagógico basilar da sua organização didá - tico-pedagógica, a universidade mantém sistema de bolsas de iniciação científica, mas também requer, nos projetos pedagógicos dos cursos de graduação, previsão de realização de pesquisas pelos graduandos, que os levem ao aprimoramento profissional e à promoção de reflexões sobre questões da realidade social, econômica, política, cultural e científica local e nacional.","científica, forma, garantir, articulação, ensino, pesquisa, princípio, pedagógico"
PDI_UFES,PDI UFES.pdf,30,academica_formativa,"o grande desafio da ufes é consolidar a cultura de avaliação como processo eficiente e eficaz, assegurando maior qualidade ao ensino, à pesquisa, à extensão, à assistência e à gestão universitária.","grande, desafio, ufes, é, consolidar, avaliação, processo, eficiente"
PDI_UFES,PDI UFES.pdf,31,organizacional_gestao,"“[...] desenvolver ações que contribuam para o forta - lecimento, na universidade, da cultura de avaliação institucional;","desenvolver, ações, contribuam, forta, lecimento, avaliação"
PDI_UFES,PDI UFES.pdf,32,indefinido,"a implementação da cultura de avaliação na ufes deve observar alguns aspectos, como:","implementação, avaliação, ufes, deve, observar, alguns, aspectos"
PDI_UFES,PDI UFES.pdf,33,indefinido,"• estimular a criação cultural, o desenvolvimento do espírito científico e crítico e do pensamento reflexivo nos estudantes;","estimular, criação, desenvolvimento, espírito, científico, crítico, pensamento, reflexivo"
PDI_UFES,PDI UFES.pdf,34,indefinido,"• contribuir para a criação cultural, o desenvolvimento do espírito científico e crítico e do pensamento reflexivo nos discentes;","contribuir, criação, desenvolvimento, espírito, científico, crítico, pensamento, reflexivo"
PDI_UFES,PDI UFES.pdf,35,indefinido,• buscar permanentemente o aperfeiçoamento cultural e profissional;,"buscar, permanentemente, aperfeiçoamento, profissional"
PDI_UFES,PDI UFES.pdf,36,inovacao_empreendedorismo,"• contribuir para as atividades de pesquisa, o desenvolvimento da ciência e da tecnologia e a criação e difusão da cultura e da ciência;","ciência, contribuir, atividades, pesquisa, desenvolvimento, tecnologia, criação, difusão"
PDI_UFES,PDI UFES.pdf,37,artistica_patrimonial,"• contribuir para ações de extensão, visando à difusão das conquistas e dos benefícios resultantes da criação cultural e das pesquisas científica e tecnológica geradas na instituição;","contribuir, ações, extensão, visando, difusão, conquistas, benefícios, resultantes"
PDI_UFES,PDI UFES.pdf,38,indefinido,e • contribuir para as ações na direção do permanente aperfeiçoamento cultural e profissional de todos os membros da comunidade universitária.,"contribuir, ações, direção, permanente, aperfeiçoamento, profissional, todos, membros"
PDI_UFES,PDI UFES.pdf,39,artistica_patrimonial,"• promover as atividades de ensino, pesquisa e extensão visando ao desenvolvimento social, ambiental, científi - co, tecnológico, artístico e cultural;","promover, atividades, ensino, pesquisa, extensão, visando, desenvolvimento, social"
PDI_UFES,PDI UFES.pdf,40,indefinido,"• promover a difusão do saber e a divulgação de conhecimentos culturais, científicos e técnicos;","promover, difusão, saber, divulgação, conhecimentos, científicos, técnicos"
PDI_UFES,PDI UFES.pdf,41,indefinido,• promover o permanente aperfeiçoamento cultural e profissional de todos os membros da comunidade univer - sitária;,"promover, permanente, aperfeiçoamento, profissional, todos, membros, comunidade, univer"
PDI_UFES,PDI UFES.pdf,42,indefinido,"abriga áreas de cultura e lazer, com | | área de manguezal mantida sob proteção ambiental.","abriga, áreas, lazer, área, manguezal, mantida, sob, proteção"
PDI_UFES,PDI UFES.pdf,43,indefinido,"devido às mudanças tecnológicas, sociais, econômicas e culturais, há um movimento de migração do suporte das obras bibliográficas, tendendo à aquisição/assinatura anual de recursos digitais, como e-books e periódicos eletrônicos que possibilitem o acesso multiusuário.","devido, s, mudanças, tecnológicas, sociais, econômicas, há, movimento"
PDI_UFES,PDI UFES.pdf,44,indefinido,"os ambientes possuem recursos audiovisuais e tecnológicos para realização de eventos científicos e culturais, como palestras, workshops, treinamentos, cursos, seminários, entre outros.","ambientes, possuem, recursos, audiovisuais, tecnológicos, realização, eventos, científicos"
PDI_UFES,PDI UFES.pdf,45,artistica_patrimonial,"de promoção de saúde, lazer, esporte, cultura e arte nas atividade de ensino de mobilidade, visitas, parcerias e intercâmbios internacionais.","promoção, saúde, lazer, esporte, arte, atividade, ensino, mobilidade"
PDI_UFES,PDI UFES.pdf,46,artistica_patrimonial,"pesquisas nas temáticas de promoção e saúde, lazer, esporte, cultura e arte.","pesquisas, temáticas, promoção, saúde, lazer, esporte, arte"
PDI_UFES,PDI UFES.pdf,47,artistica_patrimonial,"ampliar ações de promoção de saúde, lazer, esporte, cultura e arte.","ampliar, ações, promoção, saúde, lazer, esporte, arte"
PDI_UFES,PDI UFES.pdf,48,artistica_patrimonial,"implementar ações de promoção de saúde, lazer, esporte, cultura e arte.","implementar, ações, promoção, saúde, lazer, esporte, arte"
PDI_UFF,PDI UFF.pdf,1,artistica_patrimonial,"na área cultural, além de uma editora e uma composto com cinema, teatro, galeria de artes e espaço de fotografia.","área, além, editora, composto, cinema, teatro, galeria, artes"
PDI_UFF,PDI UFF.pdf,2,inovacao_empreendedorismo,"alunos no período de a número de cursos ano “voando alto com os pés no chão”pdi uff - missão “promover, de forma integrada, a produção e difusão do conhecimento científico, tecnológico, artístico e cultural, e a formação de cidadãos imbuídos de valores éticos que, com competência técnica, contribuam para o desenvolvimento autossustentado do brasil, com responsabilidade social”.","alunos, período, número, cursos, ano, voando, alto, pés"
PDI_UFF,PDI UFF.pdf,3,artistica_patrimonial,"número de ações de extensão na uff nos últimos quatro anos de serviços número de ações “voando alto com os pés no chão”pdi uff - para dar respostas às necessidades da sociedade, o trabalho de extensão é distribuído nas áreas temáticas de comunicação, cultura, para grandes focos de política social.","número, ações, extensão, uff, últimos, quatro, anos, serviços"
PDI_UFF,PDI UFF.pdf,4,artistica_patrimonial,distribuição das ações de extensão desenvolvidas pela uff no ano de pelas diferentes áreas temáticas trabalho saúde educação cultura comunicação número de ações ações extensionistas sincronizadas com as demandas sociais contribuem para a solução de questões regionais e auxiliam a formação profissional do cidadão.,"ações, distribuição, extensão, desenvolvidas, uff, ano, diferentes, áreas"
PDI_UFF,PDI UFF.pdf,5,inovacao_empreendedorismo,"“voando alto com os pés no chão”pdi uff - promover, de forma integrada, a produção e difusão do conhecimento científico, tecnológico, artístico e cultural e a formação de cidadãos imbuídos de valores éticos que, com competência técnica, contribuam para o desenvolvimento autossustentado do brasil, com responsabilidade social.","voando, alto, pés, chão, uff, promover, forma, integrada"
PDI_UFF,PDI UFF.pdf,6,artistica_patrimonial,"promover, de forma integrada, a produção e difusão do conhecimento cientíﬁco, tecnológico, artístico e cultural e a formação de um cidadão imbuído de valores éticos que, com competência técnica, contribua para o desenvolvimento autossustentado do brasil, com responsabilidade social ser reconhecida, nacional e internacionalmente pela excelência dos seus cursos, de sua produção cientíﬁca e pelo impacto social das suas atividades conhecimento gestãofinalísticoapoio relações internacionais tecnologia da informação gestão de pessoas infraestrutura e patrimônio orçamento e finanças licitação e contratos assistência estudantil gestão cultural acervos e bibliotecas comunicação para a elaboração do pdi uff - enumeramos cinco “voando alto com os pés no chão”pdi uff - quadro .","produção, conhecimento, cientí, social, gestão, uff, promover, forma"
PDI_UFF,PDI UFF.pdf,7,academica_formativa,"os cursos de graduação são organizados a partir de projetos pedagógicos de curso que convergem seus esforços para a edu - cação superior brasileira e para a formação acadêmica, intelectual, cultural e profissional dos estudantes.","cursos, graduação, são, organizados, partir, projetos, pedagógicos, curso"
PDI_UFF,PDI UFF.pdf,8,inovacao_empreendedorismo,"de forma integrada, a produção e difusão do conhecimento científico, tecnológico, artístico e cultural.","forma, integrada, produção, difusão, conhecimento, científico, tecnológico, artístico"
PDI_UFF,PDI UFF.pdf,9,organizacional_gestao,responsável2023 consolidar a cultura da avaliação nos processos acadêmicos e administrativos realizar evento evento realizado número de eventos realizados não se aplica cpa dar visibilidade aos resultados das avaliações institucionais chancelas (selos) emitidos por ações em consequência da avaliação (a) quantitativo de chancelas emitidas cpa estabelecer modelo de avaliação institucional para todos os segmentos segmentos com modelo de avaliação implementado (b) número de segmentos com modelo implementado cpa (a) criar um selo de realizações administrativo-acadêmicas da gestão em conformidade com as ações sugeridas nos relatórios de avaliação exarados pela cpa.,"avaliação, cpa, modelo, segmentos, evento, número, chancelas, ações"
PDI_UFF,PDI UFF.pdf,10,artistica_patrimonial,"responsável2023 fortalecimento do acesso público à arte, à cultura e à leitura estruturar uma rede de arte, cultura e leitura, articulando todos os campi da uff, conforme etapas de (a) a (d) à rede número de campi integrados à rede ceart (a) estabelecer rede de cultura interuniversitária, articulando todos os campi da uff;","rede, campi, arte, leitura, articulando, todos, uff, responsável"
PDI_UFF,PDI UFF.pdf,11,indefinido,estabelecer circuito de cultura na universidade;,"estabelecer, circuito"
PDI_UFF,PDI UFF.pdf,12,indefinido,"(b) consolidar a rede de cultura interuniversitária, articulando todos os campi da uff;","b, consolidar, rede, interuniversitária, articulando, todos, campi, uff"
PDI_UFF,PDI UFF.pdf,13,artistica_patrimonial,» outras ações na área da arte e cultura:,"outras, ações, área, arte"
PDI_UFF,PDI UFF.pdf,14,indefinido,− realizar festival integrado de cultura em âmbito intercampi;,"realizar, festival, integrado, âmbito, intercampi"
PDI_UFF,PDI UFF.pdf,15,indefinido,"(c) estabelecer sistema integrado de cultura, a partir da rede de cultura interuniversitária;","c, estabelecer, sistema, integrado, partir, rede, interuniversitária"
PDI_UFF,PDI UFF.pdf,16,indefinido,(d) gerenciar o sistema interuniversitário de cultura.,"d, gerenciar, sistema, interuniversitário"
PDI_UFF,PDI UFF.pdf,17,diversidade_inclusao,responsável2023 implementar uma cultura de inclusão social e sustentabilidade socioambiental na uff criar laboratórios de práticas de sustentabili - dade socioambiental número de laboratórios criados somatório de laboratórios criados zero incorporar a temática socioambiental de forma transversal no ensino número de cursos minors criados somatório de cursos a interdisciplinaridade” (a) prograd / número de cursos de curta duração (b) número de cursos oferecidos zero efetivar legislação vigente sobre susten - tabilidade atualizar e cumprir plano atualizado não se aplica não se (b) o objetivo é promover cursos de curta duração no âmbito dos objetivos de desenvolvi - socioambiental” que possam ser reconhecidos nos cursos de graduação como carga horária (c) os percentuais referem-se ao percentual de cumprimento das metas estabelecidas no pls.,"cursos, socioambiental, número, laboratórios, criados, somatório, zero, curta"
PDI_UFF,PDI UFF.pdf,18,artistica_patrimonial,"na área cultural, além de uma editora e de uma livraria, a uff dispõe de um centro de artes composto com cinema, teatro, galeria de artes e espaço de fotografia.","artes, área, além, editora, livraria, uff, dispõe, centro"
PDI_UFF,PDI UFF.pdf,19,inovacao_empreendedorismo,"“voando alto com os pés no chão”pdi uff - como missão “promover, de forma inte - grada, a produção e difusão do conheci - mento científico, tecnológico, artístico e cultural, e a formação de um cidadão imbuído de valores éticos que, com competência técnica, contribua para o desenvolvimento autossustentado do brasil, com responsabilidade social”.","voando, alto, pés, chão, uff, missão, promover, forma"
PDI_UFF,PDI UFF.pdf,20,artistica_patrimonial,"distribuição das ações de extensão desenvolvidas pela uff, no ano de , pelas diferentes áreas temáticas trabalho saúde meio ambiente educação cultura comunicação “voando alto com os pés no chão”pdi uff - a extensão, como parte fundamental do processo ensino-aprendizagem de forma dinâmica, reflexiva e autônoma, propicia o conhecimento interdisciplinar e desperta o interesse pelos aprendizados relacionados.","extensão, uff, distribuição, ações, desenvolvidas, ano, diferentes, áreas"
PDI_UFF,PDI UFF.pdf,21,inovacao_empreendedorismo,"“voando alto com os pés no chão”pdi uff - missão promover, de forma integrada, a produção e difusão do conhecimento científico, tecnológico, artístico e cultural, e a formação de um cidadão imbuído de valores éticos que, com competência técnica, contribua para o desenvolvimento autossustentado do brasil, com responsabilidade social.","voando, alto, pés, chão, uff, missão, promover, forma"
PDI_UFF,PDI UFF.pdf,22,indefinido,eixo cultural e artís - tico;,"eixo, artís, tico"
PDI_UFF,PDI UFF.pdf,23,inovacao_empreendedorismo,"a uff tem como meta principal cumprir a sua missão, qual seja, promover, de forma integrada, a produção e difusão do conhecimento científico, tecnológico, artístico e cultural, e a formação de cidadãos imbuí - dos de valores éticos que, com competência técnica, contribua para o desenvolvimento autossustentado do brasil, com responsabilidade social.","uff, tem, meta, principal, cumprir, missão, qual, seja"
PDI_UFF,PDI UFF.pdf,24,diversidade_inclusao,"e a inclusão dos valores presentes na missão da universidade em todas suas ações, de produzir, difundir e aplicar conhecimento e cultura de forma crítica e socialmente referenciada, multi - cultural e aberta à diversidade.","inclusão, valores, presentes, missão, todas, ações, produzir, difundir"
PDI_UFF,PDI UFF.pdf,25,diversidade_inclusao,"a internacionalização desenvolvida pela uff almeja, ainda, a promoção da diversidade cultural e acadêmica, em face da multipli - cidade das cooperações estabelecidas e na construção de redes de conhecimento integradas.","internacionalização, desenvolvida, uff, almeja, ainda, promoção, diversidade, acadêmica"
PDI_UFF,PDI UFF.pdf,26,academica_formativa,"deve envolver alunos, docentes e técnicos administrativos e estar afinada com valores e interesses da instituição e do país, sendo capaz de reconhecer as diferenças culturais e linguísticas e cumprir sua missão educacional, formativa e acadêmica.","deve, envolver, alunos, docentes, técnicos, administrativos, estar, afinada"
PDI_UFF,PDI UFF.pdf,27,indefinido,"apesar dos constantes desafios no âmbito da atração de discentes e pesquisadores para a universidade, em especial por conta das diferenças em conhecimentos linguísticos, assim como para o envio de membros da comunidade acadêmica local para ins - tituições estrangeiras por conta dos custos acarretados pelo processo de deslocamento físico, a cultura de internacionalização está em constante crescimento na universidade.","conta, apesar, constantes, desafios, âmbito, atração, discentes, pesquisadores"
PDI_UFF,PDI UFF.pdf,28,indefinido,expansão da consciência linguística e de habilidades inter - culturais e críticas;,"expansão, consciência, linguística, habilidades, inter, críticas"
PDI_UFF,PDI UFF.pdf,29,organizacional_gestao,"a) o aprimoramento da comunicação e articulação interna, com a manutenção de uma agenda de reuniões intersetoriais que visem a ampliação das ações de sus - tentabilidade na universidade, b) um maior engajamento interno que estimule o estabelecimento de novas políticas institucio - nalizadas, observando-se as prioridades e viabilidade de implementação, bem como, c) a construção de uma cultura de dados sobre sustentabilidade na universidade, auxiliando a produção de informações e tomada de decisão pela gestão no que se refere à temática.","aprimoramento, comunicação, articulação, interna, manutenção, agenda, reuniões, intersetoriais"
PDI_UFF,PDI UFF.pdf,30,indefinido,cultura;,
PDI_UFJF,PDI UFJF.pdf,1,academica_formativa,"valadares cursos de graduação ofertados em modalidade ead (ensino à distância) cursos de pós-graduação sticto sensu residências ofertadas no âmbito da ufjf cursos de pós-graduação lato sensu conhecendo os grupos de vagas (cotas) equipamentos com vinculação à extensão órgãos executores de cultura e espaços culturais da ufjf a governança do pdi ações, objetivos e metas do pdi plano de ação características gerais dos servidores da ufjf perfil discente – distribuição por campus perfil discente – por sexo perfil discente – distribuição por turno perfil discente – por cor perfil discente – distribuição por área do conhecimento perfil discente – por forma de ingresso perfil discente – ingresso (sistema de cotas) macroprocessos - cadeia de valor orientações gerais para as macropolíticas da ufjf -a .","perfil, discente, ufjf, cursos, graduação, distribuição, pós, sensu"
PDI_UFJF,PDI UFJF.pdf,2,indefinido,equipamentos culturais .,equipamentos
PDI_UFJF,PDI UFJF.pdf,3,indefinido,cultura .,
PDI_UFJF,PDI UFJF.pdf,4,academica_formativa,"apresentação (ufjf) é uma instituição com anos de vida, com impacto reconhecido na formação de gerações, no desenvolvimento regional e como referência na vida cultural da cidade e da região em seu entorno.","vida, apresentação, ufjf, é, instituição, anos, impacto, reconhecido"
PDI_UFJF,PDI UFJF.pdf,5,academica_formativa,"indica a missão e os valores que permeiam a universidade, inseridos em um ambiente onde a produção de conhecimento, acoplados às macropolíticas de ensino/pesquisa/extensão/inovação/cultura, opera como elementos estruturantes da vida universitária.","indica, missão, valores, permeiam, inseridos, ambiente, onde, produção"
PDI_UFJF,PDI UFJF.pdf,6,organizacional_gestao,"também como informação adicional, houve grande dificuldade na formulação de dados referentes aos custos financeiros da ação, resultado da incerteza orçamentária, mas também refletindo a necessidade do desenvolvimento de uma cultura de planejamento para a instituição.","também, informação, adicional, houve, grande, dificuldade, formulação, dados"
PDI_UFJF,PDI UFJF.pdf,7,indefinido,"práticas culturais também passaram a ser desenvolvida s, principalmente na praça cívica, onde acontecem eventos como shows, apresentações de dança, teatro e exposições, por exemplo.","práticas, também, passaram, desenvolvida, s, principalmente, praça, cívica"
PDI_UFJF,PDI UFJF.pdf,8,indefinido,"o me-ufjf também era bastante ativo no cenário cultural da cidade, entendendo a cultura como um meio de resistência e de luta política.","me, ufjf, também, era, bastante, ativo, cenário, cidade"
PDI_UFJF,PDI UFJF.pdf,9,inovacao_empreendedorismo,"além da óbvia contribuição formativa e intelectual, também produz cultura e inovação, emprego e renda e fator de desenvolvimento local e regional.","além, óbvia, contribuição, formativa, intelectual, também, produz, inovação"
PDI_UFJF,PDI UFJF.pdf,10,academica_formativa,"• liberdade de expressão por meio do ensino, da pesquisa e da divulgação do pensamento, da cultura, da arte e do conhecimento;","liberdade, expressão, meio, ensino, pesquisa, divulgação, pensamento, arte"
PDI_UFJF,PDI UFJF.pdf,11,diversidade_inclusao,"• respeito para com a diversidade pessoal, acadêmica, étnica e cultural;","respeito, diversidade, pessoal, acadêmica, étnica"
PDI_UFJF,PDI UFJF.pdf,12,organizacional_gestao,"uma universidade compromissada com o planejamento desenvolver uma extensa cultura de planejamento institucional, associando -a a uma gestão competente de dados e informações para monitoramento, estimulando mecanismos de integração entre as áreas e realizando gestão orçamentária e financeira transparente e em atenção às melhores práticas gerenciais.","planejamento, gestão, compromissada, desenvolver, extensa, associando, competente, dados"
PDI_UFJF,PDI UFJF.pdf,13,indefinido,"equipamentos culturais a ufjf possui, em juiz de fora, o maior conjunto de aparelhos culturais da cidade e da região.","equipamentos, ufjf, possui, juiz, fora, maior, conjunto, aparelhos"
PDI_UFJF,PDI UFJF.pdf,14,artistica_patrimonial,"a universidade é uma referência na área de promoção e divulgação cultural, mantendo teatros, três maiores acervos em arte moderna do estado de mg.","é, referência, área, promoção, divulgação, mantendo, teatros, três"
PDI_UFJF,PDI UFJF.pdf,15,artistica_patrimonial,"toda a ação cultural realizada pela universidade integra -se ao impacto econômico, acadêmico e de extensão, proporcionado pela instituição na sua vasta área de abrangência.","toda, ação, realizada, integra, impacto, econômico, acadêmico, extensão"
PDI_UFJF,PDI UFJF.pdf,16,indefinido,quadro – órgãos executores de cultura e espaços culturais da ufjf .,"quadro, órgãos, executores, espaços, ufjf"
PDI_UFJF,PDI UFJF.pdf,17,inovacao_empreendedorismo,"a ser definido (sujeito a disponibilidade orçamentária) o1 promover o debate e a formação acadêmica em diferentes temas transversais (meio ambiente e sustentabilidade, direitos humanos, gênero e sexualidade, empreendedorismo, inovação e cultura).","definido, sujeito, disponibilidade, orçamentária, promover, debate, formação, acadêmica"
PDI_UFJF,PDI UFJF.pdf,18,artistica_patrimonial,"cultura objetivo artística (pibiart), que visa a proporcionar aos alunos de graduação da ufjf a participação em projetos acadêmicos vinculados à prática artística;","artística, objetivo, pibiart, visa, proporcionar, alunos, graduação, ufjf"
PDI_UFJF,PDI UFJF.pdf,19,artistica_patrimonial,"divulgar a pesquisa e as atividades artísticas na comunidade ac adêmica, científica e cultural da ufjf e fora dela;","divulgar, pesquisa, atividades, artísticas, comunidade, ac, adêmica, científica"
PDI_UFJF,PDI UFJF.pdf,20,artistica_patrimonial,qualificar graduandos da ufjf na área artístico-cultural em articulação com a comunidade acadêmica e externa à universidade;,"qualificar, graduandos, ufjf, área, artístico, articulação, comunidade, acadêmica"
PDI_UFJF,PDI UFJF.pdf,21,artistica_patrimonial,"ampliação da política de promoção da cultura, oportunizando a criação e divulgação das produções artísticas de forma democrática, fortalecendo as bases da política cultural da ufjf e reafirmando sua importância e valor na sociedade.","política, ampliação, promoção, oportunizando, criação, divulgação, produções, artísticas"
PDI_UFJF,PDI UFJF.pdf,22,artistica_patrimonial,"dar continuidade à produção das revistas da procult – poliedro e bia, a fim de propagar os projetos artístico -culturais desenvolvidos pela ufjf como um todo e pelos alunos bolsistas do programa pibiart.","dar, continuidade, produção, revistas, procult, poliedro, bia, fim"
PDI_UFJF,PDI UFJF.pdf,23,artistica_patrimonial,"manter e ampliar a produção das revistas da procult – poliedro e bia, a fim de propagar os projetos artístico -culturais desenvolvidos pela ufjf como um todo e pelos alunos bolsistas do programa pibiart.","manter, ampliar, produção, revistas, procult, poliedro, bia, fim"
PDI_UFJF,PDI UFJF.pdf,24,artistica_patrimonial,"dar manutenção aos programas estáveis e ampliar ações em exposições, seminários, simpósios e demais eventos artístico - culturais.","dar, manutenção, programas, estáveis, ampliar, ações, exposições, seminários"
PDI_UFJF,PDI UFJF.pdf,25,indefinido,"estimular e promover novos temas em encontros, oficinas e demais formas de divulgação acadêmico-cultural.","estimular, promover, novos, temas, encontros, oficinas, demais, formas"
PDI_UFJF,PDI UFJF.pdf,26,artistica_patrimonial,"expandir a relação dos equipamentos de cultura com a comunidade e incentivar as produções artísticas e culturais, a exemplo de:","expandir, relação, equipamentos, comunidade, incentivar, produções, artísticas, exemplo"
PDI_UFJF,PDI UFJF.pdf,27,indefinido,origem dos dados pró-reitoria de cultura resultado previsto • :,"origem, dados, pró, reitoria, resultado, previsto"
PDI_UFJF,PDI UFJF.pdf,28,indefinido,"(re) entregues e dos vídeos (vd) produzidos, dividida pela quantidade esperada de materiais com base no total de bolsas oferecidas no ano origem dos dados pró-reitoria de cultura resultado previsto exibição de vídeos da mostra pibiart e seleção de projetos para a revista bia.","vídeos, re, entregues, vd, produzidos, dividida, quantidade, esperada"
PDI_UFJF,PDI UFJF.pdf,29,indefinido,(qpi) origem dos dados pró-reitoria de cultura resultado previsto colaborar para o bem -estar social e a qualidade de vida;,"qpi, origem, dados, pró, reitoria, resultado, previsto, colaborar"
PDI_UFJF,PDI UFJF.pdf,30,indefinido,democratizar espaços culturais da ufjf;,"democratizar, espaços, ufjf"
PDI_UFJF,PDI UFJF.pdf,31,artistica_patrimonial,"valorizar a cultura, a classe artística e a economia criativa na manutenção e na visibilidade de suas atividades.","valorizar, classe, artística, economia, criativa, manutenção, visibilidade, atividades"
PDI_UFJF,PDI UFJF.pdf,32,artistica_patrimonial,"origem dos dados pró-reitoria de cultura resultado previsto melhorar o valor da premiação sem diminuir a quantidade de projetos apoiados, ficando estabelecido que o valor do prêmio acompanhará anualmente o teto vigente para premiações artísticas de pessoa física sem dedução de ir.","valor, origem, dados, pró, reitoria, resultado, previsto, melhorar"
PDI_UFJF,PDI UFJF.pdf,33,indefinido,origem dos dados pró-reitoria de cultura resultado previsto • :,"origem, dados, pró, reitoria, resultado, previsto"
PDI_UFJF,PDI UFJF.pdf,34,indefinido,a cultura se mede pela construção do ser humano em seu potencial diante da vida e do mundo.,"mede, construção, humano, potencial, diante, vida, mundo"
PDI_UFJF,PDI UFJF.pdf,35,artistica_patrimonial,origem dos dados equipamentos da procult responsável pela coleta procult e diretores dos setores resultado previsto a manutenção dos programas estáveis resulta na preservação do fazer cultural e artístico de uma cidade cuja produção criativa está intimamente ligada à universidade.,"procult, origem, dados, equipamentos, responsável, coleta, diretores, setores"
PDI_UFJF,PDI UFJF.pdf,36,indefinido,origem dos dados equipamentos da procult responsável pela coleta procult e diretores dos setores resultado previsto potencialização da capacidade de rea lização das atividades desenvolvidas pelos equipamentos culturais e grupos estáveis.,"equipamentos, procult, origem, dados, responsável, coleta, diretores, setores"
PDI_UFJF,PDI UFJF.pdf,37,artistica_patrimonial,"assim, faz -se necessário ter diferentes questões e seus conteúdos abordados sob a ótica da arte e da cultura, sempre tendo em pauta o pensamento crítico em livre expressão.","assim, faz, necessário, ter, diferentes, questões, conteúdos, abordados"
PDI_UFJF,PDI UFJF.pdf,38,indefinido,"o que será medido a capacidade de investimento para desenvolvimento de encontros, oficinas e outros meios de divulgação acadêmico-cultural.","será, medido, capacidade, investimento, desenvolvimento, encontros, oficinas, outros"
PDI_UFJF,PDI UFJF.pdf,39,artistica_patrimonial,origem dos dados equipamentos da procult responsável pela coleta procult e diretores dos setores resultado previsto manutenção das atividades agendadas e expansão da relação dos equipamentos de cultura da ufjf com a comunidade e incentivo às produções artísticas e culturais em ambos os campi e seus entornos.,"equipamentos, procult, origem, dados, responsável, coleta, diretores, setores"
PDI_UFJF,PDI UFJF.pdf,40,artistica_patrimonial,"observações em virtude da pandemia, que obrigou ao afastamento do público presencial, impactando seriamente na produção artística e cultural, a procult reinventou suas programações, migrando para o plano virtual, que continuará sendo amplamente utilizado concomitantemente ao retorno gradual das atividades em juiz de fora indicador i1.","observações, virtude, pandemia, obrigou, afastamento, público, presencial, impactando"
PDI_UFJF,PDI UFJF.pdf,41,indefinido,o que será medido a capacidade de investimento da ufjf nas ações culturais vinculadas à procult.,"será, medido, capacidade, investimento, ufjf, ações, vinculadas, procult"
PDI_UFJF,PDI UFJF.pdf,42,indefinido,"origem dos dados equipamentos da procult responsável pela coleta procult e diretores dos setores meio de seus órgãos executores, cumprindo sua função como responsável por grande parte dos equipamentos culturais de juiz de fora e governador valadares, ampliando a relação desses espaços com a comunidade e incentivando a economia criativa nas cidades e observações indicador i1.","equipamentos, procult, responsável, origem, dados, coleta, diretores, setores"
PDI_UFJF,PDI UFJF.pdf,43,indefinido,origem dos dados equipamentos culturais da procult responsável pela coleta procult e diretores dos equipamentos culturais resultado previsto • :,"equipamentos, procult, origem, dados, responsável, coleta, diretores, resultado"
PDI_UFJF,PDI UFJF.pdf,44,indefinido,- manter e ampliar a política de promoção e divulgação das ações culturais.,"manter, ampliar, política, promoção, divulgação, ações"
PDI_UFJF,PDI UFJF.pdf,45,diversidade_inclusao,"o programa foi ampliado, com a inclusão das modalidades de grupos artísticos, contemplando estudantes de graduação que desenvolvem trabalhos ligados às diversas linguagens culturais em grupos artísticos permanentes da instituição;","grupos, artísticos, programa, ampliado, inclusão, modalidades, contemplando, estudantes"
PDI_UFJF,PDI UFJF.pdf,46,diversidade_inclusao,"e a inclusão da mediação artística, voltada para projetos de cunho educativo - cultural desenvolvidos nos aparelhos culturais da universidade, onde será feito?","inclusão, mediação, artística, voltada, projetos, cunho, educativo, desenvolvidos"
PDI_UFJF,PDI UFJF.pdf,47,indefinido,pró-reitoria de cultura quem fará?,"pró, reitoria, quem, fará"
PDI_UFJF,PDI UFJF.pdf,48,indefinido,pró-reitoria de cultura quando será feito?,"pró, reitoria, quando, será, feito"
PDI_UFJF,PDI UFJF.pdf,49,indefinido,- manter e ampliar a política de promoção e divulgação das ações culturais.,"manter, ampliar, política, promoção, divulgação, ações"
PDI_UFJF,PDI UFJF.pdf,50,diversidade_inclusao,"por que será feito nesse momento, em que o tempo se dilui em preocupações que evidenciam a fragilidade dos seres humanos, faz -se necessário que a cultura seja um mecanismo capaz de conectar pessoas, mesmo a distância, extrapolando seu lugar usual para ocupar a posição essencial de aproximação.","será, feito, nesse, momento, tempo, dilui, preocupações, evidenciam"
PDI_UFJF,PDI UFJF.pdf,51,indefinido,"além das práticas normais de entretenimento, reflexão e transcendência, a cultura é uma companhia diária imprescindível, que expande a experiência do mundo a um nível improvável.","além, práticas, normais, entretenimento, reflexão, transcendência, é, companhia"
PDI_UFJF,PDI UFJF.pdf,52,artistica_patrimonial,"diante desta nova experiência e da necessidade de reinventar a forma de consumir arte e cultura, a procult lançou, em , um novo instrumento de incentivo, divulgação e engajamento cultural, o prêmio janelas abe rtas, projeto que pretendemos manter e expandir cada vez mais como uma das ferramentas para cumprimento de nossas políticas culturais.","diante, desta, nova, experiência, necessidade, reinventar, forma, consumir"
PDI_UFJF,PDI UFJF.pdf,53,indefinido,pró-reitoria de cultura.,"pró, reitoria"
PDI_UFJF,PDI UFJF.pdf,54,indefinido,• recebimento dos produtos culturais;,"recebimento, produtos"
PDI_UFJF,PDI UFJF.pdf,55,indefinido,• postagem e divulgação dos produtos culturais;,"postagem, divulgação, produtos"
PDI_UFJF,PDI UFJF.pdf,56,indefinido,- manter e ampliar a política de promoção e divulgação das ações culturais.,"manter, ampliar, política, promoção, divulgação, ações"
PDI_UFJF,PDI UFJF.pdf,57,artistica_patrimonial,projetos artístico -culturais desenvolvidos pela ufjf como um todo e pelos alunos bolsistas do programa pibiart.,"projetos, artístico, desenvolvidos, ufjf, todo, alunos, bolsistas, programa"
PDI_UFJF,PDI UFJF.pdf,58,indefinido,"a revista poliedro, por sua vez, abre -se às muitas perspectivas do meio cultural.","revista, poliedro, vez, abre, s, muitas, perspectivas, meio"
PDI_UFJF,PDI UFJF.pdf,59,artistica_patrimonial,"além de ser um veículo voltado para a divulgação da produção artístico -cultural da uni versidade – e não exclusivamente das realizações da procult –, se propõe a ecoar as questões e os desafios da cultura em juiz de fora.","além, veículo, voltado, divulgação, produção, artístico, uni, versidade"
PDI_UFJF,PDI UFJF.pdf,60,indefinido,pró-reitoria de cultura.,"pró, reitoria"
PDI_UFJF,PDI UFJF.pdf,61,indefinido,- manter e ampliar a política de promoção e divulgação das ações culturais.,"manter, ampliar, política, promoção, divulgação, ações"
PDI_UFJF,PDI UFJF.pdf,62,artistica_patrimonial,"- dar manutenção aos programas estáveis e ampliar ações em exposições, seminários, simpósios e demais eventos artístico-culturais.","dar, manutenção, programas, estáveis, ampliar, ações, exposições, seminários"
PDI_UFJF,PDI UFJF.pdf,63,artistica_patrimonial,"manter e fomentar os programas estáveis no âmbito da pró -reitoria de cultura e seus espaços, ampliando atividades que vêm sendo consolidadas ao longo dos anos, com uma programação constante de mostras, seminários, simpósios, abarcando uma agenda que contemple as artes visuais, o cinema, o teatro e a literatura, em diálogo com temas de interesse cultural, artístico, científico e popular, em consonância com a missão delimitada pelos equipamentos da procult.","manter, fomentar, programas, estáveis, âmbito, pró, reitoria, espaços"
PDI_UFJF,PDI UFJF.pdf,64,artistica_patrimonial,"por que será feito a continuidade dos programas estabilizados no âmbito da pró-reitoria de cultura se faz necessária para alimentar o caldeirão de atividades culturais que a ufjf oferece à cidade ao longo dos tempos, fazendo jus a seu importante patrimônio artístico, cultural e histórico, disponibilizando ao público seus espaços, muitos deles imóveis tombados que merecem ser vistos e compartilhados como bens públicos que são, a contribuir na missão de fazer fruir esse complexo material e imaterial em prol de todos os cidadãos.","será, feito, continuidade, programas, estabilizados, âmbito, pró, reitoria"
PDI_UFJF,PDI UFJF.pdf,65,indefinido,pró-reitoria de cultura e direção dos respectivos equipamentos.,"pró, reitoria, direção, respectivos, equipamentos"
PDI_UFJF,PDI UFJF.pdf,66,indefinido,- manter e ampliar a política de promoção e divulgação das ações culturais.,"manter, ampliar, política, promoção, divulgação, ações"
PDI_UFJF,PDI UFJF.pdf,67,indefinido,"- estimular e promover novos temas em encontros, oficinas e demais formas de divulgação acadêmico-cultural.","estimular, promover, novos, temas, encontros, oficinas, demais, formas"
PDI_UFJF,PDI UFJF.pdf,68,artistica_patrimonial,"proceder ao estímulo e à promoção de novos temas em encontros, oficinas e outros meios de divulgação acadêmico-cultural, expandindo os horizontes da procult e do público em geral com vistas a manter o diálogo aberto principalmente no tocante a assuntos pertinentes à arte, à cultura e ao conhecimento no que se refere ao direito de todos os cidadãos de se inteirar sobre o que acontece à sua volta.","proceder, estímulo, promoção, novos, temas, encontros, oficinas, outros"
PDI_UFJF,PDI UFJF.pdf,69,artistica_patrimonial,"por que será feito porque a procult acredita que se faz necessário manter-se atenta às questões pertinentes à vida cultural e artística q ue a universidade proporciona aos cidadãos, sempre pautada no direito de todos à fruição de seus bens materiais e imateriais.","será, feito, porque, procult, acredita, faz, necessário, manter"
PDI_UFJF,PDI UFJF.pdf,70,indefinido,em todos os equipamentos culturais sob responsabilidade da procult.,"todos, equipamentos, sob, responsabilidade, procult"
PDI_UFJF,PDI UFJF.pdf,71,indefinido,"por meio de encontros, oficinas e outras formas de divulgação acadêmico-cultural.","meio, encontros, oficinas, outras, formas, divulgação, acadêmico"
PDI_UFJF,PDI UFJF.pdf,72,indefinido,- manter e ampliar a política de promoção e divulgação das ações culturais.,"manter, ampliar, política, promoção, divulgação, ações"
PDI_UFJF,PDI UFJF.pdf,73,indefinido,"- expandir a relação dos equipamentos de cultura com a comunidade e incentivar as produções terra, dentre outros.","expandir, relação, equipamentos, comunidade, incentivar, produções, terra, dentre"
PDI_UFJF,PDI UFJF.pdf,74,indefinido,"atividades que estreitam ainda mais o diálogo entre os equipamentos culturais da procult e o público em geral, aproximando a universidade da sociedade com uma programação harmonizada com os interesses de todos, como vem sendo realizado ao longo dos anos.","atividades, estreitam, ainda, mais, diálogo, equipamentos, procult, público"
PDI_UFJF,PDI UFJF.pdf,75,indefinido,"o fórum da cultura, que bateu recorde de acessos em suas postagens sobre a programação do espaço, aumentou seu número de seguidores on -line, graças a um cronograma de apresentações que têm como mote seu centenário, justificando atividades como o festival de curtas-metragens “ anos região para mais perto com o projeto do “ufjf-gv convida!”, a fim de levar em consideração diferentes vozes, em que se incluem tanto discentes, servidores e docentes da instituição, quanto representantes de grupos lgbtqia+, comunidades vizinhas, entidades públicas e privadas.","fórum, bateu, recorde, acessos, postagens, sobre, programação, espaço"
PDI_UFJF,PDI UFJF.pdf,76,artistica_patrimonial,"por que será feito para fomentar e difundir, de forma democrática, transparente, igualitária, gratuita e sustentável, as múltiplas linguagens artísticas e culturais no âmbito da c omunidade acadêmica e da sociedade em geral.","será, feito, fomentar, difundir, forma, democrática, transparente, igualitária"
PDI_UFJF,PDI UFJF.pdf,77,indefinido,- manter e ampliar a política de promoção e divulgação das ações culturais.,"manter, ampliar, política, promoção, divulgação, ações"
PDI_UFJF,PDI UFJF.pdf,78,indefinido,- manter e ampliar a política de promoção e divulgação das ações culturais.,"manter, ampliar, política, promoção, divulgação, ações"
PDI_UFJF,PDI UFJF.pdf,79,indefinido,"por que será feito a criação, reestruturação e/ou manutenção de sites próprios para cada um dos órgãos executores e estáveis da procult vem, a partir de , somar esforços para que as ações institucionais no campo da cultura sejam amplamente divulgadas, indo ao encontro da necessidade de publicização co ntínua dos dados referentes às ações, atividades e projetos desenvolvidos, em atendimento aos princípios dos dados abertos e cumprindo sua obrigação com a sociedade nesse campo.","ações, campo, dados, será, feito, criação, reestruturação, manutenção"
PDI_UFJF,PDI UFJF.pdf,80,artistica_patrimonial,", ano (sujeito a disponibilidade orçamentária) objetivo proporcionar tratamento adequado às coleções antropológica, arqueológica, etnográfica, científica, bibliográfica, documental, cultural e artística sob a guarda da ufjf para sua preservação e segurança.","ano, sujeito, disponibilidade, orçamentária, objetivo, proporcionar, tratamento, adequado"
PDI_UFJF,PDI UFJF.pdf,81,artistica_patrimonial,"dar prosseguimento e fortalecer as ações de cultura, gestão documental, memória e patrimônio em int erface com as ações de pesquisa, ensino e extensão.","ações, dar, prosseguimento, fortalecer, gestão, documental, memória, patrimônio"
PDI_UFJF,PDI UFJF.pdf,82,artistica_patrimonial,"promover seminários e exposições nos equipamentos culturais, de acordo com sua missão, e concluir o processo de digitalização dos acervos i1.","promover, seminários, exposições, equipamentos, acordo, missão, concluir, processo"
PDI_UFJF,PDI UFJF.pdf,83,indefinido,resultado previsto assegurar o investimento necessário para que as ações -fins dos equipamentos culturais vinculados à procult sejam realizadas.,"resultado, previsto, assegurar, investimento, necessário, ações, fins, equipamentos"
PDI_UFJF,PDI UFJF.pdf,84,artistica_patrimonial,"o que será medido quantidade de ações/atividades idealizadas e promovidas nos espaços culturais que trabalham diretamente com a gestão documental, a memória da cultura e a preservação do patrimônio.","será, medido, quantidade, ações, atividades, idealizadas, promovidas, espaços"
PDI_UFJF,PDI UFJF.pdf,85,indefinido,resultado previsto garantir a realização das ações -fins dos equipamentos culturais vinculados à procult.,"resultado, previsto, garantir, realização, ações, fins, equipamentos, vinculados"
PDI_UFJF,PDI UFJF.pdf,86,artistica_patrimonial,"o que será medido a quantidade de pessoas atingidas/alcançadas com ações voltadas ao desenvolvimento dos temas ligados à conservação de acervos, bem como à preservação da memória e do patrimônio cultural aplica dos aos métodos de formação, organização e conservação desse patrimônio.","conservação, patrimônio, será, medido, quantidade, pessoas, atingidas, alcançadas"
PDI_UFJF,PDI UFJF.pdf,87,organizacional_gestao,o que será medido quantidade de ações/ atividades idealizadas e promovidas nos espaços culturais que trabalham diretamente com a gestão documental e a preservação dos acervos.,"será, medido, quantidade, ações, atividades, idealizadas, promovidas, espaços"
PDI_UFJF,PDI UFJF.pdf,88,indefinido,resultado previsto garantir a realização das ações -fins dos equipamentos culturais vinculados à procult.,"resultado, previsto, garantir, realização, ações, fins, equipamentos, vinculados"
PDI_UFJF,PDI UFJF.pdf,89,indefinido,observações o que será medido total de ações realizadas o indicador atende a quantidade de ações/atividades idealizadas e promovidas pelos equipamentos culturais.,"ações, observações, será, medido, total, realizadas, indicador, atende"
PDI_UFJF,PDI UFJF.pdf,90,indefinido,nome do indicador garantir a realização das ações -fins dos equipamentos culturais vinculados à procult.,"nome, indicador, garantir, realização, ações, fins, equipamentos, vinculados"
PDI_UFJF,PDI UFJF.pdf,91,indefinido,"o que será medido a quantidade de pessoas atingidas/alcançadas com ações voltadas à promoção de seminários, exposições com alcance cada vez maior do acesso à cultura na cidade e na região.","será, medido, quantidade, pessoas, atingidas, alcançadas, ações, voltadas"
PDI_UFJF,PDI UFJF.pdf,92,artistica_patrimonial,"digitalizar e disponibilizar as coleções científicas, culturais e artísticas sob a guarda da ufjf.","digitalizar, disponibilizar, coleções, científicas, artísticas, sob, guarda, ufjf"
PDI_UFJF,PDI UFJF.pdf,93,artistica_patrimonial,"é de extrema importância que os acervos, tão culturalmente ricos, geridos por nossos espaços, sejam acessíveis a pesquisadores de outros lugares do país e do mundo, por meio da internet.","é, extrema, importância, acervos, tão, ricos, geridos, nossos"
PDI_UFJF,PDI UFJF.pdf,94,artistica_patrimonial,"digitalizar e disponibilizar as coleções científicas , culturais e artísticas sob a guarda da ufjf.","digitalizar, disponibilizar, coleções, científicas, artísticas, sob, guarda, ufjf"
PDI_UFJF,PDI UFJF.pdf,95,artistica_patrimonial,"- dar prosseguimento e fortalecer as ações de cultura, gestão documental, memória e patrimônio em interface com as ações de pesquisa, ensino e extensão.","ações, dar, prosseguimento, fortalecer, gestão, documental, memória, patrimônio"
PDI_UFJF,PDI UFJF.pdf,96,artistica_patrimonial,"promover ações e políticas de inserção, extensão e participação de comunidade intra e extra acadêmica em projetos com o objetivo de ampliar o conhecimento e o acesso a coleções dos diversos acervos existentes sob a salvaguarda dos espaços da pró -reitoria de cultura especializados nesse ramo, disponibilizando-os para fins de visitação, consultas e pesquisas, principalmente para estudantes e pesquisadores de juiz de fora e região.","promover, ações, políticas, inserção, extensão, participação, comunidade, intra"
PDI_UFJF,PDI UFJF.pdf,97,artistica_patrimonial,"pretende-se buscar a realização de atividades e eventos diversos nos espaços c ulturais que trabalham diretamente com a gestão documental, a memória da cultura e a preservação do patrimônio, por que será feito?","pretende, buscar, realização, atividades, eventos, diversos, espaços, c"
PDI_UFJF,PDI UFJF.pdf,98,artistica_patrimonial,"ampliar os conhecimentos sobre a importância das iniciativas que visem à preservação da memória, do patrimônio, como também de seus registros e acervos diversos , além de promover o resgate e a preservação da trajetória das diversas contribuições que constituem a cultura da cidade através de projetos que contemplam a memória cultural e social da cidade e da instituição.","preservação, memória, cidade, ampliar, conhecimentos, sobre, importância, iniciativas"
PDI_UFJF,PDI UFJF.pdf,99,indefinido,mrpif e o fórum da cultura quando será feito?,"mrpif, fórum, quando, será, feito"
PDI_UFJF,PDI UFJF.pdf,100,artistica_patrimonial,"a proposta é explorar aspectos quanto à importância das iniciativas que visem à preservação da memória, do patrimônio, bem como de seus registros diversos no âmbito da preservação da cultura aplicada aos métodos de formação, organização e conservação por parte dos espaços que atuam como guardiões da memória.","preservação, memória, proposta, é, explorar, aspectos, quanto, importância"
PDI_UFJF,PDI UFJF.pdf,101,artistica_patrimonial,"digitalizar e disponibilizar as coleções científicas, culturais e artísticas sob a guarda da meta m1.","digitalizar, disponibilizar, coleções, científicas, artísticas, sob, guarda, meta"
PDI_UFJF,PDI UFJF.pdf,102,diversidade_inclusao,"como alternativas para esse intuito, busca -se a realização de cursos, minicursos, seminários e palestras por parte dos equipamentos culturais da procult empenhados nas ações de conservação e preservação arquivística, bem como o estabelecimento de parcerias com agentes internos e também externos que visem a suprir essa demanda relativa à difusão de procedimentos rela tivos à guarda, preservação e acessibilidade de acervos documentais.","preservação, alternativas, esse, intuito, busca, realização, cursos, minicursos"
PDI_UFJF,PDI UFJF.pdf,103,artistica_patrimonial,"o intuito é promover a realização de seminários, minicursos, oficinas e palestras com o tema da importância do acervo documental como patrimônio a ser pesquisado, conhecido, salvaguardad o nos/pelos equipamentos culturais que atuem mais fortemente nessa seara, tais por que será feito?","intuito, é, promover, realização, seminários, minicursos, oficinas, palestras"
PDI_UFJF,PDI UFJF.pdf,104,artistica_patrimonial,"visa -se ainda a despertar a conscientização da sociedade para a compreensão de que o acervo documental também se const itui como patrimônio e, por isso, precisa ser preservado e conhecido como parte importante da memória cultural.","visa, ainda, despertar, conscientização, sociedade, compreensão, acervo, documental"
PDI_UFJF,PDI UFJF.pdf,105,indefinido,mrpif e o fórum da cultura quando será feito?,"mrpif, fórum, quando, será, feito"
PDI_UFJF,PDI UFJF.pdf,106,artistica_patrimonial,"para tanto, a promoção de cursos, palestras, oficinas e seminários com a temática da importância do acervo documental como patrimônio a ser salvaguardado nos/pelos equipamentos culturais, além de conhecido e valorizado pela população, é de fundamental importância para alcance e concretização da meta estabelecida.","importância, tanto, promoção, cursos, palestras, oficinas, seminários, temática"
PDI_UFJF,PDI UFJF.pdf,107,artistica_patrimonial,"digitalizar e disponibilizar as coleções científicas, culturais e artísticas sob a guarda da meta m1.","digitalizar, disponibilizar, coleções, científicas, artísticas, sob, guarda, meta"
PDI_UFJF,PDI UFJF.pdf,108,artistica_patrimonial,"- promover seminários, exposições nos equipamentos culturais, de acordo com sua missão, e concluir o processo de digitalização dos acervos.","promover, seminários, exposições, equipamentos, acordo, missão, concluir, processo"
PDI_UFJF,PDI UFJF.pdf,109,indefinido,"idealização e promoção de exposições, seminários, palestras e eventos afins que ampliem ao público o acesso à cultura em conformidade com as missões de cada equipamento integrante da abrangência da cultura e oportunizar o acesso às comunidades interna e externa constituem uma das principais missões da procult por meio da democratização da cultura e da expansão das práticas culturais da ufjf.","acesso, missões, idealização, promoção, exposições, seminários, palestras, eventos"
PDI_UFJF,PDI UFJF.pdf,110,indefinido,"o intuito é promover, nas dependências dos equipamentos culturais da ufjf, a realização de exposições, seminários, minicursos, oficinas, palestras e outras iniciativas voltadas à participação cidadã nas atividades culturais promovidas por esse s espaços.","intuito, é, promover, dependências, equipamentos, ufjf, realização, exposições"
PDI_UFJF,PDI UFJF.pdf,111,indefinido,"também se vislumbra a realização de ações em parceria com entidades vinculadas ao município, visando a oportunizar de forma cada vez mais abrangente o acesso da população às iniciativas culturais.","também, vislumbra, realização, ações, parceria, entidades, vinculadas, município"
PDI_UFJF,PDI UFJF.pdf,112,academica_formativa,um dos princípios norteador es do trabalho desenvolvido pela pró - com vistas à formação de um público cada vez mais interessado em acessar e usufruir a cultura em suas diversas manifestações.,"princípios, norteador, es, trabalho, desenvolvido, pró, vistas, formação"
PDI_UFJF,PDI UFJF.pdf,113,indefinido,"nesse sentido, busca-se, principalmente, despertar na comunidade intra e extra-acadêmica maior interesse em acessar e valorizar produtos culturais.","nesse, sentido, busca, principalmente, despertar, comunidade, intra, extra"
PDI_UFJF,PDI UFJF.pdf,114,artistica_patrimonial,"divisão de arte-educação, equipe administrativa e corpo diretivo dos espaços integrantes da pró-reitoria de cultura.","divisão, arte, educação, equipe, administrativa, corpo, diretivo, espaços"
PDI_UFJF,PDI UFJF.pdf,115,indefinido,planejar a programação de eventos que tenham como intuito oportunizar o acesso à cultura de forma cada mais abrangente à população;,"planejar, programação, eventos, tenham, intuito, oportunizar, acesso, forma"
PDI_UFJF,PDI UFJF.pdf,116,diversidade_inclusao,"origem dos dados pró-reitoria de cultura resultado previsto a cada ano, obter maior diversidade de artistas apresentados nas exposições.","origem, dados, pró, reitoria, resultado, previsto, cada, ano"
PDI_UFJF,PDI UFJF.pdf,117,indefinido,origem dos dados pró-reitoria de cultura resultado previsto taxa mínima de ocupação de % ao ano observações indicador i1.,"origem, dados, pró, reitoria, resultado, previsto, taxa, mínima"
PDI_UFJF,PDI UFJF.pdf,118,diversidade_inclusao,"origem dos dados pró-reitoria de cultura resultado previsto garantir a diversidade de artistas apresentados nas exposições, tendo como base as informações dos anos anteriores.","origem, dados, pró, reitoria, resultado, previsto, garantir, diversidade"
PDI_UFJF,PDI UFJF.pdf,119,indefinido,origem dos dados pró-reitoria de cultura desenvolvimento de ações e exposições nos anos seguintes.,"origem, dados, pró, reitoria, desenvolvimento, ações, exposições, anos"
PDI_UFJF,PDI UFJF.pdf,120,indefinido,"além de agregar turismo e educação biológica, a área também é um importante viabilizador cultural, uma vez que sua casa-sede abriga exposições artí sticas que cultuam o local e sua história.","além, agregar, turismo, educação, biológica, área, também, é"
PDI_UFJF,PDI UFJF.pdf,121,artistica_patrimonial,"reforma e estruturação do espaço para receber exposições artísticas, culturais e científicas em suas múltiplas possibilidades.","reforma, estruturação, espaço, receber, exposições, artísticas, científicas, múltiplas"
PDI_UFJF,PDI UFJF.pdf,122,indefinido,"a definir (sujeito a disponibilidade orçamentária) aprimorar a estrutura de monitoramento dos equipamentos culturais, em sua maioria situados em construções de valor históricocultural.","definir, sujeito, disponibilidade, orçamentária, aprimorar, estrutura, monitoramento, equipamentos"
PDI_UFJF,PDI UFJF.pdf,123,artistica_patrimonial,"promover maior segurança na preservação do patrimônio arquitetônico, assim como dos bens culturais que estão abrigados nos espaços culturais vinculados à ufjf.","promover, maior, segurança, preservação, patrimônio, arquitetônico, assim, bens"
PDI_UFJF,PDI UFJF.pdf,124,artistica_patrimonial,"dar segurança aos prédios ocupados pelos equipamentos de cultura da ufjf, muitos deles tombados pelo patrimônio histórico da dar segurança aos valiosos acervos salvaguardados nesses espaços, e, sobretudo, proporcionar segurança às pessoas que os frequentam.","segurança, dar, prédios, ocupados, equipamentos, ufjf, muitos, deles"
PDI_UFJF,PDI UFJF.pdf,125,indefinido,"elaborar e executar projetos de combate a incêndio e pânico em todos os equipamentos culturais, de forma a garantir seu funcionamento adequado e respeitando a legislação vigente.","elaborar, executar, projetos, combate, incêndio, pânico, todos, equipamentos"
PDI_UFJF,PDI UFJF.pdf,126,indefinido,de vigilância e monitoramento dos espaços culturais.,"vigilância, monitoramento, espaços"
PDI_UFJF,PDI UFJF.pdf,127,indefinido,nome do indicador desenvolvimento das etapas de implementação o que será medido andamento das etapas para implementação de medidas de segurança contra incêndio e pânico nos equipamentos culturais.,"etapas, implementação, nome, indicador, desenvolvimento, será, medido, andamento"
PDI_UFJF,PDI UFJF.pdf,128,indefinido,"resultado previsto melhoria nas instalações físicas dos espaços culturais e instalação de equipamentos de combate a incêndio e pânico, atendendo às demandas específicas dos órgãos suplementares o mais breve possível, a fim de garantir a obtenção do avcb - auto de vistoria do observações indicador i1.","resultado, previsto, melhoria, instalações, físicas, espaços, instalação, equipamentos"
PDI_UFJF,PDI UFJF.pdf,129,indefinido,nome do indicador capacidade de investimento para implementação da ação o que será medido a capacidade de investimento para desenvolvimento das ações de melhoria e segurança contra incêndio nos espaços culturais.,"capacidade, investimento, nome, indicador, implementação, ação, será, medido"
PDI_UFJF,PDI UFJF.pdf,130,indefinido,"os espaços culturais vinculados à procult, com previsão de conclusão até final de .","espaços, vinculados, procult, previsão, conclusão, até, final"
PDI_UFJF,PDI UFJF.pdf,131,indefinido,nome do indicador desenvolvimento das etapas de implementação o que será medido andamento das etapas para implementação de medidas de segurança / videomonitoramento nos equipamentos culturais.,"etapas, implementação, nome, indicador, desenvolvimento, será, medido, andamento"
PDI_UFJF,PDI UFJF.pdf,132,artistica_patrimonial,resultado previsto garantir maior segurança e manutenção do patrimônio artístico - cultural da ufjf e maior integridade da população que frequenta os espaços culturais.,"maior, resultado, previsto, garantir, segurança, manutenção, patrimônio, artístico"
PDI_UFJF,PDI UFJF.pdf,133,indefinido,nome do indicador capacidade de investimento para implementação da ação o que será medido a capacidade de investimento em equipamentos e adequações estruturais para consolidação das ações nos espaços culturais.,"capacidade, investimento, nome, indicador, implementação, ação, será, medido"
PDI_UFJF,PDI UFJF.pdf,134,indefinido,"culturais vinculados à procult, com previsão de conclusão até final de .","vinculados, procult, previsão, conclusão, até, final"
PDI_UFJF,PDI UFJF.pdf,135,indefinido,"- elaborar e executar projetos de combate a incêndio e pânico em todos os equipamentos culturais, de forma a garantir seu funcionamento adequado e respeitando a legislação vigente extrema urgência de abertura de pregão para contratação de para at ender às demandas específicas dos órgãos suplementares o mais breve possível, a fim de garantir a obtenção do avcb - auto de vistoria do corpo de bombeiros em todos os equipamentos de atender as demandas específicas dos órgãos suplementares da procult em caráter emergencial justifica-se pelos motivos:","todos, equipamentos, garantir, demandas, específicas, órgãos, suplementares, elaborar"
PDI_UFJF,PDI UFJF.pdf,136,indefinido,o pscip é fundamental para a posterior obtenção do avcb certifica o cumprimento da legislação de segurança contra incêndio e é imprescindível para assegurar o pleno funcionamento dos equipamentos culturais.,"é, pscip, fundamental, posterior, obtenção, avcb, certifica, cumprimento"
PDI_UFJF,PDI UFJF.pdf,137,artistica_patrimonial,"estão instalados em bens tombados (ou em processo de tombamento) pelo município por seu valor histórico, cultural e arquitetônico, e fazem parte da memória da ufjf, além de receberem diariamente um número expressivo de pessoas por reunirem importantes acervos artísticos e históricos, bibliotecas e arquivos de pesquisa, além de abrigarem ensaios de corpos musicais e teatrais de grupos estáveis da ufjf.","ufjf, além, estão, instalados, bens, tombados, processo, tombamento"
PDI_UFJF,PDI UFJF.pdf,138,indefinido,"a postergação das medidas necessárias para adequar os equipamentos às normas de segurança sujeita os equipamentos de cultura a novas notificações e autuações, com risco de interdição dos espaços e prejuízo para a imagem da cultura da ufjf junto à sociedade.","equipamentos, postergação, medidas, necessárias, adequar, s, normas, segurança"
PDI_UFJF,PDI UFJF.pdf,139,indefinido,a definir (sujeito a disponibilidade orçamentária) monitoramento dos espaços culturais.,"definir, sujeito, disponibilidade, orçamentária, monitoramento, espaços"
PDI_UFJF,PDI UFJF.pdf,140,indefinido,"a princípio, a implantação será realizada em espaços culturais.","princípio, implantação, será, realizada, espaços"
PDI_UFJF,PDI UFJF.pdf,141,artistica_patrimonial,"como alguns desses espaços são bens tombados, há necessidade de desenvolver um projeto que considere as especificidades dos prédios, além da necessidade de proteção e manutenção de todos os detalhes artísticos e arquitetônicos, como determina o instituto do patrimônio histórico e da cultura.","necessidade, alguns, desses, espaços, são, bens, tombados, há"
PDI_UFJF,PDI UFJF.pdf,142,artistica_patrimonial,"adquirir novos equipamentos para o corpus artístico do centro cultural pró -música, de modo que se amplie a oferta de apresentações gratuitas e didáticas para a cidade de juiz de fora e região.","adquirir, novos, equipamentos, corpus, artístico, centro, pró, música"
PDI_UFJF,PDI UFJF.pdf,143,indefinido,"adequar e aprimorar a estrutura da sala de espetáculos do fórum da cultura, que se encontra totalmente ultrapassada e em péssimas condições.","adequar, aprimorar, estrutura, sala, espetáculos, fórum, encontra, totalmente"
PDI_UFJF,PDI UFJF.pdf,144,diversidade_inclusao,realizar obras de acessibilidade em todos os equipamentos culturais.,"realizar, obras, acessibilidade, todos, equipamentos"
PDI_UFJF,PDI UFJF.pdf,145,indefinido,capacidade de investimento no fórum da cultura.,"capacidade, investimento, fórum"
PDI_UFJF,PDI UFJF.pdf,146,artistica_patrimonial,atividades culturais e artísticas;,"atividades, artísticas"
PDI_UFJF,PDI UFJF.pdf,147,indefinido,nome do indicador desenvolvimento das etapas de reforma do teatro o que será medido andamento das etapas para reforma do espaço cultural.,"etapas, reforma, nome, indicador, desenvolvimento, teatro, será, medido"
PDI_UFJF,PDI UFJF.pdf,148,indefinido,origem dos dados fórum da cultura de utilização do espaço e a melhoria das ações já desenvolvidas;,"origem, dados, fórum, utilização, espaço, melhoria, ações, já"
PDI_UFJF,PDI UFJF.pdf,149,indefinido,aumento do público alcançado pelo fórum da cultura da ufjf;,"aumento, público, alcançado, fórum, ufjf"
PDI_UFJF,PDI UFJF.pdf,150,indefinido,"origem dos dados fórum da cultura resultado previsto aquisição dos equipamentos e materiais necessários para o pleno funcionamento das atividades do fórum da cultura, até .","fórum, origem, dados, resultado, previsto, aquisição, equipamentos, materiais"
PDI_UFJF,PDI UFJF.pdf,151,indefinido,o que será medido andamento das etapas para reforma do espaço cultural.,"será, medido, andamento, etapas, reforma, espaço"
PDI_UFJF,PDI UFJF.pdf,152,indefinido,criação de espaço físico destinado a ações educativas e culturais;,"criação, espaço, físico, destinado, ações, educativas"
PDI_UFJF,PDI UFJF.pdf,153,artistica_patrimonial,dinamizar e aprimorar o trabalho dos setores educativo e de produção cultural do museu;,"dinamizar, aprimorar, trabalho, setores, educativo, produção, museu"
PDI_UFJF,PDI UFJF.pdf,154,indefinido,"aumento do número de visitantes desenvolvimento das atividades educativas e culturais já desenvolvidas em plataformas on -line, como exposições virtuais, publicações, vídeos e podcasts;","aumento, número, visitantes, desenvolvimento, atividades, educativas, já, desenvolvidas"
PDI_UFJF,PDI UFJF.pdf,155,indefinido,o que será medido andamento das etapas para reforma dos espaços culturais vinculados à procult.,"será, medido, andamento, etapas, reforma, espaços, vinculados, procult"
PDI_UFJF,PDI UFJF.pdf,156,diversidade_inclusao,"resultado previsto finalização da renovação de infraestrutura dos espaços culturais, garantindo a plena acessibilidade de cada um até .","resultado, previsto, finalização, renovação, infraestrutura, espaços, garantindo, plena"
PDI_UFJF,PDI UFJF.pdf,157,indefinido,o que será medido andamento das etapas para implementação do espaço cultural.,"será, medido, andamento, etapas, implementação, espaço"
PDI_UFJF,PDI UFJF.pdf,158,artistica_patrimonial,"concluir a galeria angelo bi ggi resulta em preservação de uma memória que remete a diferentes fases de evolução da cultura e das artes através dos tem pos, cujas implicações históricas remetem a momentos de progresso econômico, social e político de juiz de fora.","concluir, galeria, angelo, bi, ggi, resulta, preservação, memória"
PDI_UFJF,PDI UFJF.pdf,159,indefinido,"realizar reformas e obras para renovação, manutenção e adequação dos equipamentos culturais da ufjf o que será feito?","realizar, reformas, obras, renovação, manutenção, adequação, equipamentos, ufjf"
PDI_UFJF,PDI UFJF.pdf,160,indefinido,"cumprindo com o compromisso assumido, a universidade deu início à reforma do prédio da antiga casa de cultura da ufjf para abrigar a plásticas e da música.","cumprindo, compromisso, assumido, deu, início, reforma, prédio, antiga"
PDI_UFJF,PDI UFJF.pdf,161,artistica_patrimonial,atividades culturais e artísticas;,"atividades, artísticas"
PDI_UFJF,PDI UFJF.pdf,162,indefinido,"realizar reformas e obras para renovação, manutenção e adequação dos equipamentos culturais da ufjf meta m1.","realizar, reformas, obras, renovação, manutenção, adequação, equipamentos, ufjf"
PDI_UFJF,PDI UFJF.pdf,163,indefinido,"aquisição de instr umentos musicais utilizados nas apresentações da transporte de instrumentos musicais utilizados nas apresentações da aquisição de capas para transporte de instrumentos musicais , o coral pró-música tem participado ininterruptamente da vida da cidade desde então, com apresentações em eventos culturais, e se destacado em festivais e encontros de corais.","musicais, apresentações, aquisição, utilizados, transporte, instrumentos, instr, umentos"
PDI_UFJF,PDI UFJF.pdf,164,indefinido,"espera-se que, ao adquirir novos instrumentos e cases/capas para pró-música/ufjf, possamos levar ao público uma melhor qualidade sonora, e, ao mesmo tempo, ter a mobilidade de apresentar em mais lugares os projetos desenvolvidos pelo centro cultural, a saber:","espera, adquirir, novos, instrumentos, cases, capas, pró, música"
PDI_UFJF,PDI UFJF.pdf,165,artistica_patrimonial,"• música nas igrejas – série de concertos que leva às igrejas, de diferentes confissões religiosas e bairros da cidade, apresentações de pelo menos um dos grupos artísticos da instituição, contemplando todos os meses do ano, com o intuito de formar plateias e ampliar o público, além de difundir a música erudita e popular pelos bairros da cidade, despertando o interesse da população em comparecer aos centros culturais para se inteirar da agenda oferecida gratuitamente e criar o hábito de assistir às apresentações.","música, igrejas, s, bairros, cidade, apresentações, série, concertos"
PDI_UFJF,PDI UFJF.pdf,166,indefinido,"realizar reformas e obras para renovação, manutenção e adequação dos equipamentos culturais da ufjf o que será feito?","realizar, reformas, obras, renovação, manutenção, adequação, equipamentos, ufjf"
PDI_UFJF,PDI UFJF.pdf,167,indefinido,"a qualidade do espaço cultural se tornou limitadíssima, inviabilizando apresentações que requerem recursos técnicos mais atualizados, tanto no setor de iluminação, quanto no de som, além de representarem riscos p ara a segurança.","qualidade, espaço, tornou, limitadíssima, inviabilizando, apresentações, requerem, recursos"
PDI_UFJF,PDI UFJF.pdf,168,indefinido,fórum da cultura.,fórum
PDI_UFJF,PDI UFJF.pdf,169,indefinido,"realizar reformas e obras para renovação, manutenção e adequação dos equipamentos culturais da ufjf meta m1.","realizar, reformas, obras, renovação, manutenção, adequação, equipamentos, ufjf"
PDI_UFJF,PDI UFJF.pdf,170,artistica_patrimonial,"• renovação e aprimoramento dos espaços físicos do museu de arte murilo mendes, cumprindo a política de manutenção e preservação dos equipamentos de cultura da universidade.","renovação, aprimoramento, espaços, físicos, museu, arte, murilo, mendes"
PDI_UFJF,PDI UFJF.pdf,171,indefinido,"esse espaço irá permitir diversas ações culturais e educativas ligadas aos setores de vazio, sendo necessária a aquisição de mobi liário específico para o desenvolvimento dos trabalhos.","esse, espaço, irá, permitir, diversas, ações, educativas, ligadas"
PDI_UFJF,PDI UFJF.pdf,172,artistica_patrimonial,área externa - o museu possui uma ampla área externa que frequentemente é utilizada para diversos eventos culturais e projetos educativos da instituição.,"área, externa, museu, possui, ampla, frequentemente, é, utilizada"
PDI_UFJF,PDI UFJF.pdf,173,indefinido,"realizar reformas e obras para renovação, manutenção e adequação dos equipamentos culturais da ufjf meta m1.","realizar, reformas, obras, renovação, manutenção, adequação, equipamentos, ufjf"
PDI_UFJF,PDI UFJF.pdf,174,indefinido,adequação e aprimoramento da estrutura do setor de educação e difusão cultural com a aquisição de itens.,"adequação, aprimoramento, estrutura, setor, educação, difusão, aquisição, itens"
PDI_UFJF,PDI UFJF.pdf,175,indefinido,"a adequação e o aprimoramento da estrutura do setor de educação e difusão cultural é uma ação imprescin dível para que o órgão aperfeiçoe o desenvolvimento de ações educativas e culturais, sobretudo em plataformas virtuais.","adequação, aprimoramento, estrutura, setor, educação, difusão, é, ação"
PDI_UFJF,PDI UFJF.pdf,176,indefinido,"ao longo do ano de , o mrpif consolidou uma série de projetos nesse sentido, como a criação do “memorial podcast” e do “panteão”, es paço virtual destinado à produção de exposição on-line e demais ações culturais e educativas.","longo, ano, mrpif, consolidou, série, projetos, nesse, sentido"
PDI_UFJF,PDI UFJF.pdf,177,indefinido,"realizar reformas e obras para renovação, manutenção e adequação dos equipamentos culturais da ufjf meta m1.","realizar, reformas, obras, renovação, manutenção, adequação, equipamentos, ufjf"
PDI_UFJF,PDI UFJF.pdf,178,diversidade_inclusao,- realizar obras de acessibilidade em todos os equipamentos culturais o que será feito?,"realizar, obras, acessibilidade, todos, equipamentos, será, feito"
PDI_UFJF,PDI UFJF.pdf,179,diversidade_inclusao,acessibilidade e inclusão no fórum da cultura:,"acessibilidade, inclusão, fórum"
PDI_UFJF,PDI UFJF.pdf,180,artistica_patrimonial,"o acesso livre, gratuito e facilitado aos bens históricos, artísticos e culturais é um direito de todos os cidadãos.","acesso, livre, gratuito, facilitado, bens, históricos, artísticos, é"
PDI_UFJF,PDI UFJF.pdf,181,indefinido,"trata -se de um processo essencialmente democrático, que e nvolve não apenas o conhecimento e o fazer cultural, mas a aplicação de todos os dispositivos legais ao seu alcance.","trata, processo, essencialmente, democrático, nvolve, não, apenas, conhecimento"
PDI_UFJF,PDI UFJF.pdf,182,diversidade_inclusao,"a partir da superação das barreiras instrumentais, sejam elas físicas, de informação ou do saber, será possível ampliar o acesso à rede de equipamentos culturais de que dispomos, chegando, finalmente, à plena inclusão dos cidadãos.","partir, superação, barreiras, instrumentais, sejam, elas, físicas, informação"
PDI_UFJF,PDI UFJF.pdf,183,diversidade_inclusao,"a transformação social, que é dever das instituições públicas, só se dará quando esses “muros” forem desfeitos e a acessibilidade nos espaços culturais disponíveis se aproximar do ideal, encurtando a distância entre a academia e a população em geral.","transformação, social, é, dever, instituições, públicas, só, dará"
PDI_UFJF,PDI UFJF.pdf,184,indefinido,• fórum da cultura:,fórum
PDI_UFJF,PDI UFJF.pdf,185,indefinido,"instalação de elevador, rampas e sinalização, a fim de tornar o espaço acessível, para que as pessoas com deficiência ou limitações motoras, assim como os idosos, possam usufruir das inúmeras atividades culturais desenvolvidas naquele espaço, sempre com grande repercussão e prestígio junto ao público juiz-forano.","espaço, instalação, elevador, rampas, sinalização, fim, tornar, acessível"
PDI_UFJF,PDI UFJF.pdf,186,artistica_patrimonial,"efetivar, no segundo andar do teatro, o projeto cri ado pela que integra o compromisso explícito na doação, pelo colecionador e arquiteto antônio carlos duarte, de obras originais do artista italiano responsável pelas pinturas parietais que ornam o interior do prédio do cine -theatro central, inaugurado em , cujo valor foi reconhecido com o seu tombamento pelo instituto do patrimônio memória que abrange diferentes fases de evolução da cultura e das artes através dos tempos, cujas implicações históricas remetem a momentos de progresso econômico, social e político de juiz de fora.","efetivar, segundo, andar, teatro, projeto, cri, ado, integra"
PDI_UFJF,PDI UFJF.pdf,187,indefinido,"realizar reformas e obras para renovação, manutenção e adequação dos equipamentos culturais da ufjf o que será feito?","realizar, reformas, obras, renovação, manutenção, adequação, equipamentos, ufjf"
PDI_UFJF,PDI UFJF.pdf,188,indefinido,sua vasta e contínua atuação no campo da cultura.,"vasta, contínua, atuação, campo"
PDI_UFJF,PDI UFJF.pdf,189,academica_formativa,"são mais de anos de contribuição, sobretudo para a formação musical e para a pesquisa e a divulgação da música colonial brasi leira e da música antiga, trabalho cuja principal vitrine, ao longo de edições, tem galeria renato de almeida –, a instituição se abre para acolher outras manifestações culturais, proporcionando a artistas e produtores locais a oportunidade de apresentarem suas obras em dois espaços amplos em pleno centro, na principal avenida de juiz de fora.","música, principal, são, mais, anos, contribuição, sobretudo, formação"
PDI_UFJF,PDI UFJF.pdf,190,artistica_patrimonial,"a continuidade dessa reforma se faz necessária, pois o fechamento desse importante espaço cultural está impactando negativamente a vida cultural e artística da cidade, uma vez que suas características sempre foram a de abraçar as produções locais, promover intercâmbio artístico e cultural e atuar na formação de público de cultura na cidade.","cidade, continuidade, dessa, reforma, faz, necessária, pois, fechamento"
PDI_UFJF,PDI UFJF.pdf,191,indefinido,a definir (sujeito a disponibilidade orçamentária) implementar normativos e um fórum setorial de cultura na ufjf com vistas à formalização de uma política cultural e transparência de suas ações para o público acadêmico e externo.,"definir, sujeito, disponibilidade, orçamentária, implementar, normativos, fórum, setorial"
PDI_UFJF,PDI UFJF.pdf,192,organizacional_gestao,"fortalecer os espaços culturais da procult, regulamentando e atualizando os seus regimentos, valorizando as gestões e os gestores dos locais.","fortalecer, espaços, procult, regulamentando, atualizando, regimentos, valorizando, gestões"
PDI_UFJF,PDI UFJF.pdf,193,indefinido,assegurar os atuais cargos de direção dos setores culturais e consolidar a gratificação de funções para todos os diretores dos equipamentos de cultura da ufjf.,"assegurar, atuais, cargos, direção, setores, consolidar, gratificação, funções"
PDI_UFJF,PDI UFJF.pdf,194,indefinido,"fórmula de cálculo (ee/ep) x interpretação do cálculo a capacidade de desenvolvimento da ação será medida considerando origem dos dados pró-reitoria de cultura encontros com periodicidade de, no mínimo, um encontro por mês.","cálculo, fórmula, ee, ep, x, interpretação, capacidade, desenvolvimento"
PDI_UFJF,PDI UFJF.pdf,195,indefinido,fórmula de cálculo (ee/ep) x interpretação do cálculo a capacidade de desenvolvimento da ação será medida considerando origem dos dados pró-reitoria de cultura resultado previsto implementação e/ou atualização de todos os regimentos dos espaços culturais da pró -reitoria de cultura;,"cálculo, pró, reitoria, fórmula, ee, ep, x, interpretação"
PDI_UFJF,PDI UFJF.pdf,196,indefinido,origem dos dados pró-reitoria de cultura resultado previsto medir a quantidade de integralizações que foram consolidadas no período de ano.,"origem, dados, pró, reitoria, resultado, previsto, medir, quantidade"
PDI_UFJF,PDI UFJF.pdf,197,indefinido,"origem dos dados pró-reitoria de cultura resultado previsto completar a implementação da proposta, até .","origem, dados, pró, reitoria, resultado, previsto, completar, implementação"
PDI_UFJF,PDI UFJF.pdf,198,indefinido,pró-reitoria de cultura.,"pró, reitoria"
PDI_UFJF,PDI UFJF.pdf,199,indefinido,reuniões para definição dos normativos de implementação do fórum de diretores de cultura;,"reuniões, definição, normativos, implementação, fórum, diretores"
PDI_UFJF,PDI UFJF.pdf,200,indefinido,- assegurar os atuais cargos de direção dos setores culturais e consolidar a gratificação de funções para todos os diretores dos equipamentos de cultura da ufjf.,"assegurar, atuais, cargos, direção, setores, consolidar, gratificação, funções"
PDI_UFJF,PDI UFJF.pdf,201,indefinido,implementação e/ou atualização de todos os regimentos dos espaços culturais da pró -reitoria de cultura;,"implementação, atualização, todos, regimentos, espaços, pró, reitoria"
PDI_UFJF,PDI UFJF.pdf,202,indefinido,"para valorizar os espaços culturais, instrumentalizando e formalizando os seus planos de ação e o desenvolvimento de suas potencialidades.","valorizar, espaços, instrumentalizando, formalizando, planos, ação, desenvolvimento, potencialidades"
PDI_UFJF,PDI UFJF.pdf,203,indefinido,pró-reitoria de cultura.,"pró, reitoria"
PDI_UFJF,PDI UFJF.pdf,204,indefinido,abertura de fóruns de discussão em todos os espaços culturais para que haja atualização do seu regimento e consequente criação de minuta para apreciação do consu;,"abertura, fóruns, discussão, todos, espaços, haja, atualização, regimento"
PDI_UFJF,PDI UFJF.pdf,205,indefinido,realização de reuniões para estabelecimento de política cultural integrada para fortalecimento conjunto de todos os espaços.,"realização, reuniões, estabelecimento, política, integrada, fortalecimento, conjunto, todos"
PDI_UFJF,PDI UFJF.pdf,206,indefinido,para fortalecimento das políticas culturais institucionais da ufjf.,"fortalecimento, políticas, institucionais, ufjf"
PDI_UFJF,PDI UFJF.pdf,207,artistica_patrimonial,setores onde encontraremos museus e grupos artísticos não ligados à pró-reitoria de cultura.,"setores, onde, encontraremos, museus, grupos, artísticos, não, ligados"
PDI_UFJF,PDI UFJF.pdf,208,indefinido,"em seguida, instauração de uma equipe múltipla que represente todos os espaços para discussões e estabelecimento de uma política cultural que integre os setores e haja intercâmbio de ideias e projetos.","seguida, instauração, equipe, múltipla, represente, todos, espaços, discussões"
PDI_UFJF,PDI UFJF.pdf,209,indefinido,"realizar um concurso de propostas culturais entre os membros da comunidade acadêmica, promovendo, ao final do processo, uma mostra cultural com os projetos premiados e os mais bem avaliados.","realizar, concurso, propostas, membros, comunidade, acadêmica, promovendo, final"
PDI_UFJF,PDI UFJF.pdf,210,indefinido,"responsável pela coleta pró-reitoria de cultura resultado previsto ao menos cinco agendas realizadas em um ou mais espaços museais da pró -reitoria de cul tura, com perspectiva de realização de ações presenciais que possibilitem o acesso do público ao evento.","pró, reitoria, responsável, coleta, resultado, previsto, menos, cinco"
PDI_UFJF,PDI UFJF.pdf,211,indefinido,cultura.,
PDI_UFJF,PDI UFJF.pdf,212,indefinido,responsável pela coleta pró-reitoria de cultura.,"responsável, coleta, pró, reitoria"
PDI_UFJF,PDI UFJF.pdf,213,indefinido,"responsável pela coleta pró-reitoria de cultura resultado previsto alto número de eventos realizados, com perspectiva de ações presenciais que possibilitem o acesso do público ao evento.","responsável, coleta, pró, reitoria, resultado, previsto, alto, número"
PDI_UFJF,PDI UFJF.pdf,214,indefinido,evento e a pró-reitoria de cultura.,"evento, pró, reitoria"
PDI_UFJF,PDI UFJF.pdf,215,indefinido,"realizar produções culturais em parceria com instituições nacionais e/ou internacionais, públicas e/ou privadas.","realizar, produções, parceria, instituições, nacionais, internacionais, públicas, privadas"
PDI_UFJF,PDI UFJF.pdf,216,organizacional_gestao,"que reúnem centros culturais e de memória de todo o brasil com o objetivo comum de realizar programações especiais que dialoguem sobre a importância da prevenção, da gestão e da manutenção dos participaram das edições de ambas as programações.","programações, reúnem, centros, memória, todo, brasil, objetivo, comum"
PDI_UFJF,PDI UFJF.pdf,217,indefinido,cultura visa a participar das próximas edições da primavera de espaços museais que a integram:,"visa, participar, próximas, edições, primavera, espaços, museais, integram"
PDI_UFJF,PDI UFJF.pdf,218,artistica_patrimonial,"a pró-reitoria de cultura da ufjf, por meio de seus espaços museais credenciados para a ocasião, estará com uma série de atividades de museus, ambas promovidas pelo ibram, com entrad a franca.","pró, reitoria, ufjf, meio, espaços, museais, credenciados, ocasião"
PDI_UFJF,PDI UFJF.pdf,219,indefinido,"o rol de instituições participantes, vai ao encontro da necessária conexão que deve ser estabelecida nesse momento em que as instituições museais brasileiras devem estar unidas sob o propósito indispensável de divulgar a cultura e o conhecimento, bem como de fomentar a ampliação do acesso aos espaços museais e às diversas manifestações culturais neles desenvolvidas.","instituições, museais, rol, participantes, vai, encontro, necessária, conexão"
PDI_UFJF,PDI UFJF.pdf,220,indefinido,"realizar produções culturais em parceria com instituições nacionais e/ou internacionais, públicas e/ou privadas.","realizar, produções, parceria, instituições, nacionais, internacionais, públicas, privadas"
PDI_UFJF,PDI UFJF.pdf,221,artistica_patrimonial,"promover a manutenção e a realização desse patrimônio imaterial de brasileira e música antiga e dar continuidade às exigências concomitantemente à realização do festival, promover a realização das próximas edições do encontro de musicologia histórica, evento tradicional que movimenta pesquisadores na área da cultura ligada à música histórica.","realização, promover, música, histórica, manutenção, desse, patrimônio, imaterial"
PDI_UFJF,PDI UFJF.pdf,222,indefinido,"com a participação de pesquisadores com relevantes contribuições sobre o tema da edição, o evento costuma contar com três mesas -redondas, cada qual dedicada a um dos períodos da parcerias com espaços culturais no âmbito do município para a quando será feito?","participação, pesquisadores, relevantes, contribuições, sobre, tema, edição, evento"
PDI_UFJF,PDI UFJF.pdf,223,indefinido,"realizar produções culturais em parceria com instituições nacionais e/ou internacionais, públicas e/ou privadas.","realizar, produções, parceria, instituições, nacionais, internacionais, públicas, privadas"
PDI_UFJF,PDI UFJF.pdf,224,academica_formativa,"todo o trabalho visa a contribuir, principalmente, para estimular entre os estudantes a maior produção e fruição de produtos culturais, já que, uma vez que ingressaram no ensino superior, muitos deles não conseguem priorizar tempo para atividades culturais .","todo, trabalho, visa, contribuir, principalmente, estimular, estudantes, maior"
PDI_UFJF,PDI UFJF.pdf,225,artistica_patrimonial,"em pesquisa realizada entre e , foi diagnosticado que % dos estudantes da ufjf -gv tinham o hábito de participarem de cursos e atividades na área artístico -cultural na infância.","pesquisa, realizada, diagnosticado, estudantes, ufjf, gv, tinham, hábito"
PDI_UFJF,PDI UFJF.pdf,226,indefinido,"na época, apenas % disseram ter tempo de praticar ou ir a projetos culturais.","época, apenas, disseram, ter, tempo, praticar, ir, projetos"
PDI_UFJF,PDI UFJF.pdf,227,artistica_patrimonial,"na expectativa de estimular aqueles que conseguem manter o contato com a arte e também fomentar o interesse de outros estudantes pelo assunto, é que se propõe o projeto conexão, que visa a premiar boas propostas no campo artístico -cultural e realizar uma mostra com os projetos premiados e também com os mais bem pontuados.","também, expectativa, estimular, aqueles, conseguem, manter, contato, arte"
PDI_UFJF,PDI UFJF.pdf,228,artistica_patrimonial,o conexão visa a fomentar o interesse e a participação dos estudantes em ações de arte e cultura.,"conexão, visa, fomentar, interesse, participação, estudantes, ações, arte"
PDI_UFJF,PDI UFJF.pdf,229,artistica_patrimonial,"o projeto contemplará a estruturação de um edital simples, em que estudantes e servidores vão inscrever propostas nas diferentes áreas de arte e cultura.","projeto, contemplará, estruturação, edital, simples, estudantes, servidores, vão"
PDI_UFJF,PDI UFJF.pdf,230,academica_formativa,serão levadas em c onsideração as propostas que prezem pela pluralidade e que tiverem maior impacto na formação de público para a área cultural.,"serão, levadas, c, onsideração, propostas, prezem, pluralidade, tiverem"
PDI_UFJF,PDI UFJF.pdf,231,indefinido,"após o lançamento do edital e seleção dos projetos, será alugado um espaço e contratada uma estrutura de som para a realização de uma mostra cultural, onde serão apresentados os projetos ganhadores e também serão convidados outros projetos bem avaliados pelos pareceristas.","projetos, serão, após, lançamento, edital, seleção, será, alugado"
PDI_UFJF,PDI UFJF.pdf,232,indefinido,"o evento terá também a participação de outros trabalhos realizados pela ufjf -gv no campo cultural, como o projeto história em movimento, que conta a história do campus avançado através de fotografias e vídeos.","história, evento, terá, também, participação, outros, trabalhos, realizados"
PDI_UFJF,PDI UFJF.pdf,233,indefinido,essa entrega contará com a presença de um representante da pró-reitoria de cultura e da direção geral da quanto custará?,"essa, entrega, contará, presença, representante, pró, reitoria, direção"
PDI_UFJF,PDI UFJF.pdf,234,artistica_patrimonial,"com o objetivo de estimular a fruição de arte e cultura entre os universitários, além de ampliar a integração da comunidade acadêmica com a comunidade externa, através do canto coral.","comunidade, objetivo, estimular, fruição, arte, universitários, além, ampliar"
PDI_UFJF,PDI UFJF.pdf,235,academica_formativa,promover formação de público de cultura.,"promover, formação, público"
PDI_UFJF,PDI UFJF.pdf,236,indefinido,ampliar e diversificar ações do coral ufjf no processo de construção de cidadania e de enriquecimento da produção cultural local e regional;,"ampliar, diversificar, ações, coral, ufjf, processo, construção, cidadania"
PDI_UFJF,PDI UFJF.pdf,237,indefinido,"cultura, tem entre seus objetivos a divulgação da prod ução musical regional, nacional e internacional e o estímulo à produção e ao desenvolvimento musicais na comunidade acadêmica.","tem, objetivos, divulgação, prod, ução, musical, regional, nacional"
PDI_UFJF,PDI UFJF.pdf,238,indefinido,pró-reitoria de cultura quem fará?,"pró, reitoria, quem, fará"
PDI_UFJF,PDI UFJF.pdf,239,indefinido,pró-reitoria de cultura quando será feito?,"pró, reitoria, quando, será, feito"
PDI_UFJF,PDI UFJF.pdf,240,indefinido,• realizar parceria com centros culturais e instituições culturais para intercâmbio e troca de experiências;,"realizar, parceria, centros, instituições, intercâmbio, troca, experiências"
PDI_UFJF,PDI UFJF.pdf,241,indefinido,• pesquisar e inscrever o coral em editais de atuação cultural.,"pesquisar, inscrever, coral, editais, atuação"
PDI_UFJF,PDI UFJF.pdf,242,artistica_patrimonial,"a ufjf-gv tem se empenhado em contribuir para o desenvolvimento sociocultural do vale do rio doce através da execução, junto à sua comunidade acadêmica e externa, de ações no âmbito artístico - cultural.","ufjf, gv, tem, empenhado, contribuir, desenvolvimento, sociocultural, vale"
PDI_UFJF,PDI UFJF.pdf,243,academica_formativa,"as atividades buscam também auxiliar na formação in tegral dos estudantes, tendo como premissa a ideia de que, além da formação técnica, é possível que o ensino superior contribua ou amplie a formação cultural das pessoas.","formação, atividades, buscam, também, auxiliar, in, tegral, estudantes"
PDI_UFJF,PDI UFJF.pdf,244,artistica_patrimonial,"entre os trabalhos propostos pela ufjf-gv, que visa a estimular a prática e a fruição tanto de atividades artístico -culturais quanto de integração, está o coral universitário, que nasceu entre e .","trabalhos, propostos, ufjf, gv, visa, estimular, prática, fruição"
PDI_UFJF,PDI UFJF.pdf,245,indefinido,"junto à produtora cultural da ufjf -gv, o bolsista e o instrutor irão definir o calendário de ações e, junto ao setor de comunicação, as pr opostas de divulgação de audições do projeto.","junto, produtora, ufjf, gv, bolsista, instrutor, irão, definir"
PDI_UFJF,PDI UFJF.pdf,246,indefinido,articulação do setor de produção cultural da ufjf -gv em relação ao projeto;,"articulação, setor, produção, ufjf, gv, relação, projeto"
PDI_UFJF,PDI UFJF.pdf,247,academica_formativa,"sob a regência de victor cassem iro, jovens estudantes de música da cidade e conta com o apoio de é fundamental a permanência do grupo e sua consolidação para que haja expansão cada vez maior da prática musical dos estudantes e ampliação da cultura musical, fundamental para a formação humana.","estudantes, fundamental, musical, sob, regência, victor, cassem, iro"
PDI_UFJF,PDI UFJF.pdf,248,academica_formativa,"é fundamental a permanência do grupo para que não haja descontinuidade dos t rabalhos, permitindo o desenvolvimento da prática musical entre os estudantes e ampliando a cultura musical, fundamental para a formação humana.","fundamental, musical, é, permanência, grupo, não, haja, descontinuidade"
PDI_UFJF,PDI UFJF.pdf,249,indefinido,", em computadores e mobiliário (de acordo com disponibilidade orçamentária) objetivo o1 desenvolver e fomentar ações de cultura e esporte no âmbito da assistência estudantil da ufjf.","computadores, mobiliário, acordo, disponibilidade, orçamentária, objetivo, desenvolver, fomentar"
PDI_UFJF,PDI UFJF.pdf,250,indefinido,construir parcerias com os equipamentos de cultura e esporte da ufjf.,"construir, parcerias, equipamentos, esporte, ufjf"
PDI_UFJF,PDI UFJF.pdf,251,indefinido,abrir edital para financiamento de projetos de promoção de cultura e esporte direcionados para a assistência estudantil na ufjf.,"abrir, edital, financiamento, projetos, promoção, esporte, direcionados, assistência"
PDI_UFJF,PDI UFJF.pdf,252,indefinido,número de estudantes contemplados pelas parcerias com os equipamentos de cultura e esporte.,"número, estudantes, contemplados, parcerias, equipamentos, esporte"
PDI_UFJF,PDI UFJF.pdf,253,indefinido,número de parcerias formalizadas com os equipamentos de cultura e esporte.,"número, parcerias, formalizadas, equipamentos, esporte"
PDI_UFJF,PDI UFJF.pdf,254,indefinido,número de projetos financiados pelos editais de promoção da cultura e do esporte para a assistência estudantil.,"número, projetos, financiados, editais, promoção, esporte, assistência, estudantil"
PDI_UFJF,PDI UFJF.pdf,255,indefinido,nome do indicador número de estudantes contemplados pelas parcerias com os equipamentos de cultura e esporte.,"nome, indicador, número, estudantes, contemplados, parcerias, equipamentos, esporte"
PDI_UFJF,PDI UFJF.pdf,256,indefinido,o que será medido o número de estudantes beneficiados pelas parcerias estabelecidas com os equipamentos de cultura e esporte da ufjf.,"será, medido, número, estudantes, beneficiados, parcerias, estabelecidas, equipamentos"
PDI_UFJF,PDI UFJF.pdf,257,indefinido,"interpretação do cálculo quanto maior o número de estudantes beneficiados, maior é a difusão da cultura e do esporte na assistência estudantil.","maior, interpretação, cálculo, quanto, número, estudantes, beneficiados, é"
PDI_UFJF,PDI UFJF.pdf,258,indefinido,o que será medido o número de parcerias formalizadas com os equipamentos de cultura fórmula de cálculo não há.,"será, medido, número, parcerias, formalizadas, equipamentos, fórmula, cálculo"
PDI_UFJF,PDI UFJF.pdf,259,indefinido,"interpretação do cálculo quanto maior o número de parcerias formalizadas, maior é a possibilidade de acesso e difusão da cultura e do esporte na assistência estudantil da ufjf.","maior, interpretação, cálculo, quanto, número, parcerias, formalizadas, é"
PDI_UFJF,PDI UFJF.pdf,260,indefinido,o que será medido o número de projetos financiados pelos editais de promoção da cultura e do esporte para a assistência estudantil.,"será, medido, número, projetos, financiados, editais, promoção, esporte"
PDI_UFJF,PDI UFJF.pdf,261,indefinido,"interpretação do cálculo quanto maior o número de projetos inscritos e financiados pelos editais, maior é a promoção da cultura e do esporte no âmbito da assistência estudantil da ufjf e consequentemente maior é o acesso dos estudantes.","maior, é, interpretação, cálculo, quanto, número, projetos, inscritos"
PDI_UFJF,PDI UFJF.pdf,262,indefinido,nome do indicador número de estudantes contemplados pelos projetos financiados nos editais de promoção de cultura e esporte.,"nome, indicador, número, estudantes, contemplados, projetos, financiados, editais"
PDI_UFJF,PDI UFJF.pdf,263,indefinido,o que será medido o número de estudantes contemplados pelos projetos financiados nos editais de promoção de cultura e esporte.,"será, medido, número, estudantes, contemplados, projetos, financiados, editais"
PDI_UFJF,PDI UFJF.pdf,264,indefinido,parceria com os equipamentos de cultura e esporte da ufjf para o acesso dos estudantes beneficiários da assistência estudantil por meio de cotas de entrada e de utilização dos equipamentos.,"equipamentos, parceria, esporte, ufjf, acesso, estudantes, beneficiários, assistência"
PDI_UFJF,PDI UFJF.pdf,265,indefinido,"e estabelece em seu artigo 3º, parágrafo 1º, incisos vi e vii, que a cultura e esporte são áreas que devem ser contempladas n a política de assistência estudantil.","estabelece, artigo, parágrafo, incisos, vi, vii, esporte, são"
PDI_UFJF,PDI UFJF.pdf,266,indefinido,"reunir os equipamentos de cultura, esporte, unidades acadêmicas e administrativas para exposição da demanda;","reunir, equipamentos, esporte, unidades, acadêmicas, administrativas, exposição, demanda"
PDI_UFJF,PDI UFJF.pdf,267,indefinido,financiar por meio de edital projetos de promoção de cultura e esporte propostos pela comunidade acadêmica e direcionados para os beneficiários da assistência estudantil na ufjf.,"financiar, meio, edital, projetos, promoção, esporte, propostos, comunidade"
PDI_UFJF,PDI UFJF.pdf,268,indefinido,"e estabelece em seu artigo 3º, parágrafo 1º, incisos vi e vii, que a cultura e esporte são áreas que devem ser contempladas na política de assistência estudantil.","estabelece, artigo, parágrafo, incisos, vi, vii, esporte, são"
PDI_UFJF,PDI UFJF.pdf,269,indefinido,abertura de edital anual para o recebimento de propostas e projetos de promoção de cultura e esporte.,"abertura, edital, anual, recebimento, propostas, projetos, promoção, esporte"
PDI_UFJF,PDI UFJF.pdf,270,indefinido,- promover o evento cultura sem fronteiras indicadores da m2.,"promover, evento, fronteiras, indicadores, m"
PDI_UFJF,PDI UFJF.pdf,271,indefinido,promover o evento cultura sem fronteiras por que será feito?,"promover, evento, fronteiras, será, feito"
PDI_UFJF,PDI UFJF.pdf,272,artistica_patrimonial,a arte e a cultura afro -brasileira.,"arte, afro, brasileira"
PDI_UFJF,PDI UFJF.pdf,273,diversidade_inclusao,"sem custo financeiro previsto objetivo conscientização de servidores e estudantes da comunidade ufjf através de programas e ações de caráter pedagógico e permanente com respeito a promoção e garantia dos direitos humanos, bem como defesa e difusão de uma cultura de tolerância, do respeito aos direitos fundamentais, promovendo uma convivência solidária, ética e pacífica.","respeito, direitos, custo, financeiro, previsto, objetivo, conscientização, servidores"
PDI_UFJF,PDI UFJF.pdf,274,indefinido,"estabelecer uma cultura da cidadania na vida cotidiana na ufjf, colaborando para a construção de novas acadêmicas e institucionais mais inclusivas e democráticas.","estabelecer, cidadania, vida, cotidiana, ufjf, colaborando, construção, novas"
PDI_UFJF,PDI UFJF.pdf,275,diversidade_inclusao,"realização de campanhas e eventos, assim como desenvolver material informativo com respeito aos temas de inclusão de pessoas com deficiência, de identidade de gênero e sexualidade, aos direitos das mulheres e das pessoas lgbtqi+, de dive rsidade étnico -raciais, das culturas afro -brasileira e indígena, das relações institucionais e interpessoais de combate ao assédio, especialmente nas datas chaves para as temáticas acima.","pessoas, realização, campanhas, eventos, assim, desenvolver, material, informativo"
PDI_UFJF,PDI UFJF.pdf,276,diversidade_inclusao,"conscientização de servidores e estudantes da comunidade ufjf através de programas e ações de caráter pedagógico e permanente com respeito a promoção e garantia dos direitos humanos, bem como defesa e difusão de uma cultura de tolerância, do respeito aos direitos fundamentais, promovendo uma convivênc ia solidária, ética e pacífica.","respeito, direitos, conscientização, servidores, estudantes, comunidade, ufjf, através"
PDI_UFJF,PDI UFJF.pdf,277,indefinido,"o sistema bim demanda treinamento contínuo para atualização das equipes de projeto, para efetiva mudança da cultura projetual e atualização sobre as ferramentas e softwares que compõe esse sistema.","sistema, atualização, bim, demanda, treinamento, contínuo, equipes, projeto"
PDI_UFJF,PDI UFJF.pdf,278,indefinido,"o sistema bim demanda contínuo aprendizado e possibilita inúmeras atividades que podem ser realizadas com maior economicidade agregando a equipe de projetos, manutenção e fiscalização de obras acadêmicos de arquitetura e engenharia por meio de projetos de manutenção civil da proinf ra já conta com uma cultura exitosa de abrir editais para bolsistas e voluntários em tpg desde de .","projetos, manutenção, sistema, bim, demanda, contínuo, aprendizado, possibilita"
PDI_UFJF,PDI UFJF.pdf,279,indefinido,"o sistema bim demanda contínuo aprendizado e possibilita inúmeras atividades que podem ser realizadas com maior economicidade agregando a equipe de projetos, manutenção e fiscalização de obras acadêmicos de arquitetura e engenharia por meio de projetos de manutenção civil da proinfra já conta com uma cultura exitosa de abrir editais para bolsistas e voluntários em tpg desde de .","projetos, manutenção, sistema, bim, demanda, contínuo, aprendizado, possibilita"
PDI_UFJF,PDI UFJF.pdf,280,indefinido,"em torno de r$ mil por ano o sistema bim demanda treinamento contínuo para atualização das equipes de projeto, para efetiva mudança da cultura projetual e atualização sobre as ferramentas e softwares que compõe esse sistema.","sistema, atualização, torno, r, mil, ano, bim, demanda"
PDI_UFJF,PDI UFJF.pdf,281,indefinido,uma nova cultura de atuação dos profissionais da área no atendimento das demandas de tic na universidade.,"nova, atuação, profissionais, área, atendimento, demandas, tic"
PDI_UFJF,PDI UFJF.pdf,282,organizacional_gestao,"a política de comunicação deve estar em sintonia com os objetivos estratégicos e com a cultura organizacional e deve ser assumida por todos indistintamente, em particular por quem exerce atividades de comunicação na instituição ou participa do processo de tomada de decisões.","comunicação, deve, política, estar, sintonia, objetivos, estratégicos, organizacional"
PDI_UFJF,PDI UFJF.pdf,283,inovacao_empreendedorismo,"ao contribuir com a democratização do conhecimento científico, criase uma cultura ligada ao desenvolvimento de pesquis a e inovação, despertando o interesse das gerações mais novas pela carreira de cientista, como também se valoriza a ciência como um todo, destacando sua relevância social e de desenvolvimento do país.","desenvolvimento, contribuir, democratização, conhecimento, científico, criase, ligada, pesquis"
PDI_UFJF,PDI UFJF.pdf,284,organizacional_gestao,"imperativo legal para se implementar e tornar o processo de gestão de riscos parte da cultura da ufjf, visando o foco no cumprimento dos objetivos estratégicos quem fará?","imperativo, legal, implementar, tornar, processo, gestão, riscos, parte"
PDI_UFJF,PDI UFJF.pdf,285,organizacional_gestao,"necessidade de que os gestores estejam bem treinados, de modo a disseminar em suas unidades/setores a cultura de gestão de riscos quando será feito?","necessidade, gestores, estejam, bem, treinados, modo, disseminar, unidades"
PDI_UFJF,PDI UFJF.pdf,286,organizacional_gestao,"imperativo legal para se implementar e tornar o processo de gestão de riscos parte da cultura da ufjf, visando o foco no cumprimento dos objetivos estratégicos quem fará?","imperativo, legal, implementar, tornar, processo, gestão, riscos, parte"
PDI_UFJF,PDI UFJF.pdf,287,organizacional_gestao,"necessidade de que os gestores estejam bem treinados, de modo a disseminar em suas unidades/setores a cultura de gestão de riscos quando será feito?","necessidade, gestores, estejam, bem, treinados, modo, disseminar, unidades"
PDI_UFJF,PDI UFJF.pdf,288,organizacional_gestao,objetivo o1 promover institucionalmente a cultura de segurança da informação e estabelecer um modelo de gestão que permita a criação e a m1.,"objetivo, promover, institucionalmente, segurança, informação, estabelecer, modelo, gestão"
PDI_UFJF,PDI UFJF.pdf,289,organizacional_gestao,"necessidade de que os gestores estejam bem treinados, de modo a disseminar em suas unidades/setores a cultura de gestão de riscos quando será feito?","necessidade, gestores, estejam, bem, treinados, modo, disseminar, unidades"
PDI_UFJF,PDI UFJF.pdf,290,organizacional_gestao,"promover o desenvolvimento profissional dos servidores da instituição, especialmente dos ocupantes de cargos ou funções de confiança (tae's e/ou docentes), além de promover e incentivar a cultura de gestão por processos.","promover, desenvolvimento, profissional, servidores, instituição, especialmente, ocupantes, cargos"
PDI_UFJF,PDI UFJF.pdf,291,organizacional_gestao,"desenvolvimento profissional de servidores tae's e docentes, especialmente dos ocupantes de cargos e funções de confiança, bem como o fomento à cultura da gestão por processos, por meio de eventos e atividades presenciais e/ou virtuais (reuniões, capacitações, treinamentos, encontros, manuais de boas práticas etc.) ministrados por servidores da instituição e/ou convidados com o objetivo de atingir um público de, pelo menos, servidores anualmente até .","servidores, desenvolvimento, profissional, tae, s, docentes, especialmente, ocupantes"
PDI_UFJF,PDI UFJF.pdf,292,indefinido,apoio cultural .,apoio
PDI_UFJF,PDI UFJF.pdf,293,diversidade_inclusao,"a edificação da terceira idade possui complexos problemas de acessibilidade, tanto interna quanto nos acessos externos à rua e à casa de cultura.","edificação, terceira, idade, possui, complexos, problemas, acessibilidade, tanto"
PDI_UFLA,PDI UFLA.pdf,1,academica_formativa,"a ufla tem por finalidade precípua a melhoria das condições de vida das pessoas por meio da formação superior de cidadãos éticos com alta qualificação profissional e da produção e difusão de conhecimento filosófico, científico, cultural, tecnológico e inovador, integradas ao ensino, à pesquisa e à extensão, em harmonia e interação com a sociedade.","ufla, tem, finalidade, precípua, melhoria, condições, vida, pessoas"
PDI_UFLA,PDI UFLA.pdf,2,indefinido,"a partir de sua visão, a ufla busca ser referência nacional e internacional como universidade sócio e ambientalmente correta, integrada à sociedade, como centro de excelência na produção acadêmica, científica, tecnológica e cultural.","partir, visão, ufla, busca, referência, nacional, internacional, sócio"
PDI_UFLA,PDI UFLA.pdf,3,organizacional_gestao,"esses breves fatos e dados mostram a existência de uma cultura organizacional orientada para a formação de docentes, pesquisadores e profissionais, bem como para a produção científica e tecnológica, e revelam os principais aspectos do contexto institucional, incluindo aqueles que dizem respeito à atuação conjunta dos departamentos.","esses, breves, fatos, dados, mostram, existência, organizacional, orientada"
PDI_UFLA,PDI UFLA.pdf,4,organizacional_gestao,"agosto graduação ensino promoção de processos de interação entre universidade, sociedade e mercado, por meio de programas, projetos, cultura, tecnologia e serviços prestados sociedade parcerias técnicos administrativos terceirizada materiais e estudantes sobre a elaboração, avaliação e revisão do planejamento estratégico institucional dos órgãos e das entidades da administração pública federal integrantes do sistema de organização e pela lei nº .","sociedade, agosto, graduação, ensino, promoção, processos, interação, mercado"
PDI_UFLA,PDI UFLA.pdf,5,artistica_patrimonial,"- consolidar a cultura como mais um eixo estratégico de desenvolvimento sustentável, provendo o acesso, a produção e a fruição da cultura, o exercício dos direitos culturais, a preservação e a difusão da memória e do patrimônio cultural.","consolidar, mais, eixo, estratégico, desenvolvimento, sustentável, provendo, acesso"
PDI_UFLA,PDI UFLA.pdf,6,indefinido,"051d - ampliar em , % o número de projetos culturais fomentados e incentivados objetivo:","d, ampliar, número, projetos, fomentados, incentivados, objetivo"
PDI_UFLA,PDI UFLA.pdf,7,artistica_patrimonial,"estabelecimento e consolidação de políticas públicas para os campos do patrimônio cultural, da memória social e dos museus, visando à democratização das instituições e do acesso aos bens culturais.","estabelecimento, consolidação, políticas, públicas, campos, patrimônio, memória, social"
PDI_UFLA,PDI UFLA.pdf,8,artistica_patrimonial,"valorização do patrimônio cultural sob a guarda dos museus, compreendendo-os como unidades de valor estratégico nos diferentes processos identitários, sejam eles de caráter nacional, regional ou local.","valorização, patrimônio, sob, guarda, museus, compreendendo, unidades, valor"
PDI_UFLA,PDI UFLA.pdf,9,diversidade_inclusao,desenvolvimento de práticas e políticas educacionais orientadas para o respeito à diferença e à diversidade cultural do povo brasileiro.,"desenvolvimento, práticas, políticas, educacionais, orientadas, respeito, diferença, diversidade"
PDI_UFLA,PDI UFLA.pdf,10,organizacional_gestao,"reconhecimento e garantia dos direitos das comunidades organizadas de participar, com técnicos e gestores culturais, dos processos de registro e proteção legal e dos procedimentos técnicos e políticos de definição do patrimônio a ser musealizado.","técnicos, reconhecimento, garantia, direitos, comunidades, organizadas, participar, gestores"
PDI_UFLA,PDI UFLA.pdf,11,artistica_patrimonial,patrimônio cultural.,patrimônio
PDI_UFLA,PDI UFLA.pdf,12,artistica_patrimonial,"incentivo a programas e ações que viabilizem a conservação, a preservação e a sustentabilidade do patrimônio cultural submetido a processo de musealização.","incentivo, programas, ações, viabilizem, conservação, preservação, sustentabilidade, patrimônio"
PDI_UFLA,PDI UFLA.pdf,13,artistica_patrimonial,"respeito ao patrimônio cultural das comunidades indígenas e afro-descendentes, de acordo com as suas especificidades e diversidades.","respeito, patrimônio, comunidades, indígenas, afro, descendentes, acordo, especificidades"
PDI_UFLA,PDI UFLA.pdf,14,organizacional_gestao,"extremo grau de relevância estruturas de comunicação existentes para favorecer forte inserção na sociedade ausência de uma base de dados integrada para medir a produção científica cultura de gestão para a nova estrutura organizacional na figura , apresentam-se os resultados obtidos quanto à densidade dos quadrantes da matriz swot, considerando-se as forças, as fraquezas, as oportunidades e as ameaças identificadas pela comissão de elaboração de proposta do pdi - por meio da utilização da técnica de brainstorming.","extremo, grau, relevância, estruturas, comunicação, existentes, favorecer, forte"
PDI_UFLA,PDI UFLA.pdf,15,indefinido,"e compromisso social ser referência nacional e internacional como universidade sócio e ambientalmente correta, integrada à sociedade, como centro de excelência na produção acadêmica, científica, tecnológica e cultural .","compromisso, social, referência, nacional, internacional, sócio, ambientalmente, correta"
PDI_UFLA,PDI UFLA.pdf,16,organizacional_gestao,"a maior parte dessas relações educativas ocorre nos espaços de aprendizagem da universidade, um documento que cumpre requisitos legais, deve se traduzir em formas de se viabilizarem além disso, deve considerar que a missão institucional, além da formação de pessoas no sentido mais estrito, busca a produção do conhecimento científico e tecnológico de alta qualidade, a disseminação da cultura acadêmica e dos conhecimentos nela produzidos para a sociedade.","deve, além, maior, parte, dessas, relações, educativas, ocorre"
PDI_UFLA,PDI UFLA.pdf,17,indefinido,"desse modo, ao proporcionar acesso à cultura acumulada, a ação da universidade deve contribuir para a elaboração de novos conhecimentos.","desse, modo, proporcionar, acesso, acumulada, ação, deve, contribuir"
PDI_UFLA,PDI UFLA.pdf,18,indefinido,tem-se como referência uma concepção de universidade “aberta” “onde o conjunto de saberes científicos e culturais se articulam entre si com a perspectiva de inovar na solução dos problemas e necessidades que se apresentam como desafios aos pesquisadores e docentes desta instituição.,"tem, referência, concepção, aberta, onde, conjunto, saberes, científicos"
PDI_UFLA,PDI UFLA.pdf,19,artistica_patrimonial,"embora se considere a existência de um universo de conhecimentos científicos e culturais já constituídos, e que é função da universidade fazer a socialização deste patrimônio cultural, há também a produção de novos saberes e soluções para os problemas enfrentados pela sociedade”.","embora, considere, existência, universo, conhecimentos, científicos, já, constituídos"
PDI_UFLA,PDI UFLA.pdf,20,artistica_patrimonial,"considerar a extensão como socialização do conhecimento junto à sociedade, assim como valorizar os saberes e a cultura que constituem as representações dos diversos grupos sociais;","considerar, extensão, socialização, conhecimento, junto, sociedade, assim, valorizar"
PDI_UFLA,PDI UFLA.pdf,21,indefinido,"considerar a relevância da educação com ênfase na qualidade, respeitando às culturas, o uso e convivência sustentáveis com o meio ambiente e as necessidades sociais da região e do país;","considerar, relevância, educação, ênfase, qualidade, respeitando, s, uso"
PDI_UFLA,PDI UFLA.pdf,22,academica_formativa,"dessa forma, os princípios pedagógicos norteiam-se pela autonomia dos estudantes e pela indissociabilidade entre a formação específica e formação cidadã, de modo que as experiências acadêmicas, culturais, sociais, políticas e técnicas vivenciadas pelo aluno na universidade se constituam em um ambiente de formação para que ele seja, como cidadão, agente e sujeito de criação de uma sociedade mais justa e democrática.","formação, dessa, forma, princípios, pedagógicos, norteiam, autonomia, estudantes"
PDI_UFLA,PDI UFLA.pdf,23,academica_formativa,"o currículo que serve como balizador das atividades educativas é sempre resultado de uma seleção feita em um universo mais amplo de conhecimentos e saberes, socialmente e culturalmente estabelecido, do qual se seleciona aquela parte que vai constituir efetivamente o currículo.","currículo, serve, balizador, atividades, educativas, é, sempre, resultado"
PDI_UFLA,PDI UFLA.pdf,24,indefinido,"toda a construção curricular implica em concepções de natureza humana, de conhecimento, da sociedade e da cultura.","toda, construção, curricular, implica, concepções, natureza, humana, conhecimento"
PDI_UFLA,PDI UFLA.pdf,25,indefinido,"assim, as opções metodológicas que contemplam a natureza complexa e heterogênea desse processo levam em conta, necessariamente, a autonomia, a peculiaridade dos sujeitos envolvidos, bem como o fato de que não pode existir tal processo fora da mediação social, cultural e tecnológica.","processo, assim, opções, metodológicas, contemplam, natureza, complexa, heterogênea"
PDI_UFLA,PDI UFLA.pdf,26,artistica_patrimonial,"essas atividades devem ter foco na prática da atividade profissional ou cidadã, envolvendo a elaboração e desenvolvimento de projetos sociais, artísticos, culturais e experiência no mundo do trabalho.","essas, atividades, devem, ter, foco, prática, atividade, profissional"
PDI_UFLA,PDI UFLA.pdf,27,inovacao_empreendedorismo,"essa dinâmica de ensino-aprendizagem deve levar em conta o perfil da instituição, sua história, sua tradição e a necessidade de construir uma nova cultura na comunidade acadêmica cada vez mais plural e diversificada, compatível com o perfil dos estudantes atuais, que têm o hábito de utilizar rotineiramente a tecnologia da informação.","perfil, essa, dinâmica, ensino, aprendizagem, deve, levar, conta"
PDI_UFLA,PDI UFLA.pdf,28,organizacional_gestao,"portanto, a oferta de cursos na modalidade ead faz parte da cultura organizacional da instituição.","portanto, oferta, cursos, modalidade, ead, faz, parte, organizacional"
PDI_UFLA,PDI UFLA.pdf,29,organizacional_gestao,"no âmbito institucional, a pesquisa tem como concepção fundamental o respeito à ética científica no que se refere à pessoa humana, aos animais e aos princípios de uma sociedade democrática, fundada no estado de direito, no respeito aos cidadãos, e a uma relação construtiva e pacífica com outros povos e culturas.","respeito, âmbito, pesquisa, tem, concepção, fundamental, ética, científica"
PDI_UFLA,PDI UFLA.pdf,30,artistica_patrimonial,"além disso, ainda de acordo com tal conceito, a extensão deve ser entendida como um processo capaz de envolver várias e diferentes disciplinas, se caracterizando ainda por apresentar implicações e objetivos educativos, culturais e científicos.","ainda, além, disso, acordo, tal, conceito, extensão, deve"
PDI_UFLA,PDI UFLA.pdf,31,artistica_patrimonial,"nessa direção, é fundamental notar que as atividades de extensão se revestem da maior importância por implicarem a promoção e realização dos valores democráticos, inclusive podendo auxiliar decisivamente no estabelecimento de uma real e sólida cultura democrática nas diferentes regiões em que a universidade se insere ou atue.","nessa, direção, é, fundamental, notar, atividades, extensão, revestem"
PDI_UFLA,PDI UFLA.pdf,32,academica_formativa,"concepções e diretrizes para assuntos estudantis e comunitários dentro da concepção de uma universidade, entende-se que os programas e projetos de assistência estudantil devam ser desenvolvidos como instrumentos de acesso, permanência e conclusão de curso dos estudantes nas instituições públicas, tendo como pressuposto que a assistência estudantil é uma política essencial no contexto do ensino, pesquisa e extensão e estes segmentos, devem estar diretamente aliados ao investimento em cultura, esporte, lazer e principalmente em ações sociais.","assistência, estudantil, concepções, diretrizes, assuntos, estudantis, comunitários, dentro"
PDI_UFLA,PDI UFLA.pdf,33,organizacional_gestao,"outra iniciativa institucional de assistência é o investimento na educação infantil, prioritariamente aos filhos de estudantes e servidores, como um espaço não doméstico privilegiado de convivência, de construção de identidades coletivas e ampliação de saberes e conhecimentos de diferentes naturezas, reforçando o compromisso de oferecer as melhores condições e recursos construídos histórica e culturalmente.","outra, iniciativa, assistência, é, investimento, educação, infantil, prioritariamente"
PDI_UFLA,PDI UFLA.pdf,34,academica_formativa,"a missão da universidade federal de lavras é manter e promover a excelência no ensino, na pesquisa e na extensão, formando cidadãos e profissionais qualificados, produzindo conhecimento científico e tecnológico de alta qualidade e disseminando a cultura acadêmica, o conhecimento científico e tecnológico na sociedade.","conhecimento, científico, tecnológico, missão, lavras, é, manter, promover"
PDI_UFLA,PDI UFLA.pdf,35,organizacional_gestao,"nesse aspecto, a infraestrutura e a logística para eventos acadêmicos, esportivos e culturais torna-se papel importante para a gestão do campus.","nesse, aspecto, infraestrutura, logística, eventos, acadêmicos, esportivos, torna"
PDI_UFLA,PDI UFLA.pdf,36,organizacional_gestao,"respeitando a cultura organizacional da ufla ancorada na participação, na democracia e no reconhecimento que seus servidores são sujeitos ativos, a universidade deve manter oportunidades para que por meio da qualificação e da capacitação, seus servidores prosperem na carreira.","servidores, respeitando, organizacional, ufla, ancorada, participação, democracia, reconhecimento"
PDI_UFLA,PDI UFLA.pdf,37,organizacional_gestao,criar condições necessárias à preservação de uma cultura organizacional comprometida com a inovação e com a permanente adequação das competências dos servidores aos objetivos da ufla.,"criar, condições, necessárias, preservação, organizacional, comprometida, inovação, permanente"
PDI_UFLA,PDI UFLA.pdf,38,indefinido,"m², contendo áreas para lanchonete, restaurante, lojas, sanitários, vestiários, apresentações culturais, atendimento bancário e paisagismo.","m, contendo, áreas, lanchonete, restaurante, lojas, sanitários, vestiários"
PDI_UFLA,PDI UFLA.pdf,39,organizacional_gestao,essas informações evidenciam uma cultura organizacional orientada para a formação iniciativas de cooperação interdepartamental não se limitam aos cursos oferecidos.,"essas, informações, evidenciam, organizacional, orientada, formação, iniciativas, cooperação"
PDI_UFLA,PDI UFLA.pdf,40,academica_formativa,"formação ética, estética e cultural de educadores;","formação, ética, estética, educadores"
PDI_UFLA,PDI UFLA.pdf,41,indefinido,"as discussões nesse âmbito favoreceram o nascimento de uma nova cultura universitária, focada na avaliação, como indica a declaração mundial sobre educação superior no século xxi, na seção da visão à ação, em seu artigo :","discussões, nesse, âmbito, favoreceram, nascimento, nova, universitária, focada"
PDI_UFLA,PDI UFLA.pdf,42,academica_formativa,"intercâmbio de conhecimentos, criação de redes interativas, mobilidade de professores e estudantes, e projetos de pesquisa internacionais, levando-se sempre em conta os valores culturais e as situações nacionais.","intercâmbio, conhecimentos, criação, redes, interativas, mobilidade, professores, estudantes"
PDI_UFLA,PDI UFLA.pdf,43,indefinido,"• criar uma cultura de avaliação em toda a instituição, focalizada na constante melhoria e renovação de suas atividades;","criar, avaliação, toda, instituição, focalizada, constante, melhoria, renovação"
PDI_UFLA,PDI UFLA.pdf,44,diversidade_inclusao,"o conjunto de ações do setor representa o esforço para o fomento da prática do esporte de caráter educativo e participativo, para toda a comunidade acadêmica, além de fortalecer a identidade cultural esportiva e ações integradas com outros segmentos da ies, incentivando o desenvolvimento de talentos esportivos em potencial e aprimorando o desempenho de atletas e par atletas de alto rendimento, assim como proporcionar as práticas de atividades físicas, esportivas e de lazer, envolvendo todas as faixas etárias da comunidade universitária, promovendo a saúde e bem-estar, favorecendo a socialização e contribuindo para que o esporte e o lazer sejam tratados como direito de todos.","ações, esporte, comunidade, atletas, lazer, conjunto, setor, representa"
PDI_UFLA,PDI UFLA.pdf,45,artistica_patrimonial,"o portal da ufla (ufla.br) possui entradas para acesso a todos os sites dos departamentos didático-científicos, cursos de graduação e de pós, pesquisa, extensão, cultura, conselhos superiores, entre outros serviços.","ufla, portal, br, possui, entradas, acesso, todos, sites"
PDI_UFLA,PDI UFLA.pdf,46,indefinido,uma estufa de cultura bacteriológica – incubadora;,"estufa, bacteriológica, incubadora"
PDI_UFLA,PDI UFLA.pdf,47,organizacional_gestao,"neste sentido, há o planejamento de ampliar esta arrecadação nos próximos anos, com o aumento na área cultivada, que também trará impacto significativo para as atividades de ensino que serão conduzidas durante o cultivo de culturas anuais.","neste, sentido, há, planejamento, ampliar, arrecadação, próximos, anos"
PDI_UFLA,PDI UFLA.pdf,48,indefinido,reformas emergenciais do centro de cultura e adequação do espaço as diretrizes do fórum de cultura.,"reformas, emergenciais, centro, adequação, espaço, diretrizes, fórum"
PDI_UFLA,PDI UFLA.pdf,49,academica_formativa,"infraestrutura física, tecnológica e de pessoal projetada para a sede e para os polos de educação a distância, em consonância com os cursos a serem ofertados a ufla assume como missão institucional “manter e promover a excelência no ensino, na pesquisa e na extensão, formando cidadãos e profissionais qualificados, produzindo conhecimento científico e tecnológico de alta qualidade e disseminando a cultura acadêmica, o conhecimento científico e tecnológico na sociedade”.","conhecimento, científico, tecnológico, infraestrutura, física, tecnológica, pessoal, projetada"
PDI_UFLA,PDI UFLA.pdf,50,indefinido,a ampliação da promoção de eventos culturais diversos;,"ampliação, promoção, eventos, diversos"
PDI_UFLA,PDI UFLA.pdf,51,organizacional_gestao,"buscará, ainda, fortalecer e ampliar a vertente de conteúdos público-educativos, pela qual os conhecimentos gerados na universidade, ou de seu domínio, serão pauta para produções diversas de interesse direto da sociedade, bem como conteúdos culturais, de preservação da memória, campanhas de conscientização e cidadania, entre outros, de forma a complementar a comunicação institucional e servir à sociedade.","conteúdos, sociedade, buscará, ainda, fortalecer, ampliar, vertente, público"
PDI_UFMG,PDI UFMG.pdf,1,diversidade_inclusao,"questões que surgem de maneira destacada neste documento como saúde, educação, ciência e tecnologia, acessibilidade e inclusão, ações afirmativas e inclusão, políticas de permanência, saúde mental, sanea mento, meio ambiente e sustentabilidade, geração e distribuição de renda, trabalho, direito à moradia, acesso à cultura, inclusão digital, vida nas cidades, diversidade, segurança, democracia e liberdade, entre outras, requerem, cada vez mais, esforços coo rdenados de articulação e mobilização de todas as instâncias e áreas do conhecimento.","inclusão, saúde, questões, surgem, maneira, destacada, neste, documento"
PDI_UFMG,PDI UFMG.pdf,2,academica_formativa,"tabela – número de concluintes dos cursos de graduaçã o noturnos no período de tabela – número de concluintes dos cursos presenciais de licenciatura no período veterinário - área de concentração (todas com duração de dois anos) e superior científica e continuada gerais envelhecimento educação gerais tem por finalidades precípuas a geração, o desenvolvimento, a transmissão e a aplicação de conhecimentos por meio do ensino, da pesquisa e da extensão, compreendidos de f orma indissociada e integrados na educação e na formação científica e técnico -profissional de cidadãos imbuídos de responsabilidades sociais, bem como na difusão da cultura e na criação filosófica, artística e tecnológica.","tabela, número, concluintes, cursos, período, científica, gerais, educação"
PDI_UFMG,PDI UFMG.pdf,3,indefinido,"no cumprimento dos seus objetivo s, a ufmg mantém cooperação acadêmica, científica, tecnológica e cultural com instituições nacionais, estrangeiras e internacionais e constitui -se em veículo de desenvolvimento regional, nacional e mundial, almejando consolidar -se como universidade de exce lência e relevância, mundialmente reconhecida.","cumprimento, objetivo, s, ufmg, mantém, cooperação, acadêmica, científica"
PDI_UFMG,PDI UFMG.pdf,4,academica_formativa,"missão visando ao cumprimento integral das suas finalidades e de seu compromisso com os interesses sociais, a ufmg assume como missão gerar , compartilhar e difundir conhecimentos científicos, tecnológicos e culturais, destacando-se como instituição de referência na formação de indivíduos críticos e éticos, dotados de sólida base científica e humanística e comprometidos com intervenções transformadoras na s ociedade, com vistas à promoção do desenvolvimento econômico, da diminuição de desigualdades sociais, da redução das assimetrias regionais, bem como do desenvolvimento sustentável.","missão, sociais, desenvolvimento, visando, cumprimento, integral, finalidades, compromisso"
PDI_UFMG,PDI UFMG.pdf,5,diversidade_inclusao,"englobando as oito áreas temáticas (saúde, educação, trabalho, meio ambiente, comunicação, direitos humanos e justiça, tecnologia de produção e cultura), resultando em produção diversificada, sendo a maioria trabalhos apresentados em eventos acadêmicos-científicos e produtos audiovisuais.","produção, englobando, oito, áreas, temáticas, saúde, educação, trabalho"
PDI_UFMG,PDI UFMG.pdf,6,organizacional_gestao,"dado seu caráter estratégico no conjunto do patrimônio acadêmico, científico e cultural brasileiro, a gestão responsável de uma instituição de ensino superio r pública como a ufmg deve, primeiramente, preservar os patamares de solidez e de qualidade atingidos ao longo de décadas de investimentos de toda ordem.","dado, caráter, estratégico, conjunto, patrimônio, acadêmico, científico, brasileiro"
PDI_UFMG,PDI UFMG.pdf,7,organizacional_gestao,"para consolidar tal missão, esta universidade procura disseminar suas formas de atuação em áreas geograficamente diversificadas, investindo permanentemente nas dimensões quantitativa e qualitativa dos projetos acadêmicos, científicos, tecnológicos e culturais em andamento ou em fase de planejamento.","consolidar, tal, missão, procura, disseminar, formas, atuação, áreas"
PDI_UFMG,PDI UFMG.pdf,8,organizacional_gestao,"partindo da compreensão de que a educação superior cumpre uma função estratégica no desenvolvimento econômico, social e cultural das nações, a ufmg constrói formas efetivas de cooperação institucional nos contextos regional, nacional e internacional.","partindo, compreensão, educação, superior, cumpre, função, estratégica, desenvolvimento"
PDI_UFMG,PDI UFMG.pdf,9,academica_formativa,"em segundo lugar, pela proposição de projetos de cooperação, que não se esgotam nessas finalidades, mas se estendem, em muitos casos, à formação de núcleos de ensino, pesquisa e extensão voltados ao avanço do conhec imento e comprometidos com a qualidade e a relevância social das produções acadêmico -científicas, tecnológicas e culturais.","segundo, lugar, proposição, projetos, cooperação, não, esgotam, nessas"
PDI_UFMG,PDI UFMG.pdf,10,indefinido,"de stacam-se como exemplos a atuação do núcleo de educação em saúde coletiva (nescon), que desenvolve projetos multidisciplinares para induzir avanços na universidades, tem como objetivo desenvolver e utilizar ferramentas tecnológicas para reduzir barreiras geográficas, econômicas e culturais de acesso da população a serviços de saúde de qualidade, por meio de suporte aos profissionais de saúde, espe cialmente em regiões remotas e pouco assistidas.","saúde, stacam, exemplos, atuação, núcleo, educação, coletiva, nescon"
PDI_UFMG,PDI UFMG.pdf,11,artistica_patrimonial,"atualmente participação de programas e projetos de extensão da ufmg, universidade federal de outra prioridade da ufmg consiste na interiorização das suas atividades, o que se dá tanto pelo fortalecimento dos seus espaços de atuação situados no interior do programas e projetos de extensão universitária ou de ação cultural.","programas, projetos, extensão, ufmg, atualmente, participação, outra, prioridade"
PDI_UFMG,PDI UFMG.pdf,12,academica_formativa,"da língua chinesa e da comunicação nos níveis acadêmicos e culturais entre ufmg, hust e outras instituições chinesas de ensino superior.","língua, chinesa, comunicação, níveis, acadêmicos, ufmg, hust, outras"
PDI_UFMG,PDI UFMG.pdf,13,inovacao_empreendedorismo,"voltada, precipuamente, à formação de quali dade dos seus estudantes, em todos os níveis, a ufmg atua de forma comprometida com o desenvolvimento científico, tecnológico, cultural, econômico e social do estado, da região e do país.","voltada, precipuamente, formação, quali, dade, estudantes, todos, níveis"
PDI_UFMG,PDI UFMG.pdf,14,indefinido,a ufmg reconhece que a informação por ela produzida ou sob sua guarda é um bem público e incentiva a cultura do acesso.,"ufmg, reconhece, informação, ela, produzida, sob, guarda, é"
PDI_UFMG,PDI UFMG.pdf,15,organizacional_gestao,"por fim, com vistas a intensificar a eficácia dos sistemas de controle institucionais voltados à prevenção, detecção, punição e reversão de atos de fraude e julho de , a unidade de gestão da integridade, responsável pela coordenação da estruturação, execução e monitoramento de seu programa de integridade, nos coordenar ações, levantar dados e informações, promover ações de capacitação de servidores e, sobretudo, identificar se as exigências impostas pelo modelo de gestão pautado na cultura de integridade estão satisfato riamente implementadas nos procedimentos estratégicos, já instituídos pela universidade, para prevenção, combate e punição de atos de fraude e corrupção.","integridade, prevenção, punição, atos, fraude, gestão, ações, fim"
PDI_UFMG,PDI UFMG.pdf,16,indefinido,a convivência de nossos estudantes com outras culturas;,"convivência, nossos, estudantes, outras"
PDI_UFMG,PDI UFMG.pdf,17,indefinido,"enriquecimento similar advém da presença habitual, na ufmg, de estudantes oriundos das mais diferentes culturas e países ou mesmo de outras regiões do brasil.","enriquecimento, similar, advém, presença, habitual, ufmg, estudantes, oriundos"
PDI_UFMG,PDI UFMG.pdf,18,diversidade_inclusao,"ao caracte rizar a ufmg como um espaço social constituído pela multiplicidade de culturas e de línguas, a discussão permanente sobre suas políticas linguísticas é relevante para que a instituição construa um ambiente cada vez mais democrático, plural, ético e justo, favorecendo processos de inclusão de grupos tradicionalmente excluídos desses espaços.","caracte, rizar, ufmg, espaço, social, constituído, multiplicidade, línguas"
PDI_UFMG,PDI UFMG.pdf,19,indefinido,"à cultura da avaliação, já em curso há bastante tempo na universidade, busca -se atribuir crescente importância, atestada, de forma inequívoca, em cada pdi.","avaliação, já, curso, há, bastante, tempo, busca, atribuir"
PDI_UFMG,PDI UFMG.pdf,20,indefinido,"a construção de ambiente acadêmico orientado à cons tituição da cidadania cultural dos discentes, por meio de uma ampla oferta de atividades acadêmicas curriculares que objetivem a constituição de repertório de ferramentas de análise e de matrizes de interpretação dos fenômenos da sociedade e da cultura.","construção, ambiente, acadêmico, orientado, cons, tituição, cidadania, discentes"
PDI_UFMG,PDI UFMG.pdf,21,artistica_patrimonial,"a) articulação com a investigação científica, tecnológica, artística e cultural;","articulação, investigação, científica, tecnológica, artística"
PDI_UFMG,PDI UFMG.pdf,22,indefinido,"b) interação permanente com a realidade social, econômica, cultural e ambiental do país e do mundo;","b, interação, permanente, realidade, social, econômica, ambiental, país"
PDI_UFMG,PDI UFMG.pdf,23,organizacional_gestao,"o objetivo é que sejam instituídos, em cada período letivo, momentos para fortalecermos a cultura de autoavaliaç ão, planejamento e trabalho coletivo no cotidiano das unidades, articulando professores, estudantes e técnicos - administrativos em educação nas estruturas já existentes – departamento, colegiado, que sejam potenciais para o aprimoramento do ensino de graduação.","sejam, objetivo, é, instituídos, cada, período, letivo, momentos"
PDI_UFMG,PDI UFMG.pdf,24,academica_formativa,"a mostra tem entre seus objetivos auxiliar os futuros universitários em suas escolhas seus estudantes no âmbito do ensino, da pesquisa, da extensão, da cultura e do esporte;","mostra, tem, objetivos, auxiliar, futuros, universitários, escolhas, estudantes"
PDI_UFMG,PDI UFMG.pdf,25,artistica_patrimonial,"as atividades presenciais incluem salas interativas e pal estras com participação de professores e estudantes da universidade, além de atividades artísticas e culturais.","atividades, presenciais, incluem, salas, interativas, pal, estras, participação"
PDI_UFMG,PDI UFMG.pdf,26,academica_formativa,"assegurar que as atividades acadêmicas complementares de ensino, pesquisa e extensão, assim como as atividades culturais e esportivas, sejam incorporadas como atividades integralizadoras de créditos nos projetos pedagógicos.","atividades, assegurar, acadêmicas, complementares, ensino, pesquisa, extensão, assim"
PDI_UFMG,PDI UFMG.pdf,27,indefinido,"g) intercâmbio com instituições acadêmicas e culturais, bem como com a sociedade em geral;","g, intercâmbio, instituições, acadêmicas, bem, sociedade, geral"
PDI_UFMG,PDI UFMG.pdf,28,artistica_patrimonial,"sendo assim, podem ser reconhecidos saberes acadêmicos, científicos, artísticos e culturais já presentes da universidade, e de outras tradições científicos e artísticos e culturais, tais como indígenas, afro-brasileiros, quilombolas, das culturas populares e demais tradições.","científicos, artísticos, tradições, sendo, assim, podem, reconhecidos, saberes"
PDI_UFMG,PDI UFMG.pdf,29,indefinido,"estimular novos formatos de programas de pós-graduação que contemplem demandas da sociedade, sejam tecnológicas, culturais ou sociais.","estimular, novos, formatos, programas, pós, graduação, contemplem, demandas"
PDI_UFMG,PDI UFMG.pdf,30,inovacao_empreendedorismo,"a soberania e o desenvolvimento nacional exigem políticas públicas dedicadas ao avanço nas áreas de ciência, tecnologia e cultura.","soberania, desenvolvimento, nacional, exigem, políticas, públicas, dedicadas, avanço"
PDI_UFMG,PDI UFMG.pdf,31,artistica_patrimonial,"gerais, que atendem a quaisquer áreas do conhecimento (bibliotecas, centrais criogênicas, oficinas mecânicas e de prototipagem, centrais de distribuição de informação ou utilidades, dentre outras) e temáticas, que atendem a áreas específicas do conhecimento (biotérios, acervos, coleções, ambientes de exposição artística ou cultural, museus, dentre outras) .","atendem, áreas, conhecimento, centrais, dentre, outras, gerais, quaisquer"
PDI_UFMG,PDI UFMG.pdf,32,indefinido,"as pesquisas realizadas pelos institutos de estudos avançados frequentemente têm impactos significativos na sociedade, abordando questões críticas e contribuindo para o desenvolvimento de novas tecnologias, políticas públi cas e práticas culturais.","pesquisas, realizadas, institutos, estudos, avançados, frequentemente, têm, impactos"
PDI_UFMG,PDI UFMG.pdf,33,inovacao_empreendedorismo,"a rede ubias, iniciada em , congrega atualmente mais de institutos de estudos avançados ao redor do mundo, e tem a proposta de promo ver um ambiente para a troca de experiências entre pesquisadores de diversas áreas, culturas e formações, um espaço produtivo para pesquisa inovadora.","rede, ubias, iniciada, congrega, atualmente, mais, institutos, estudos"
PDI_UFMG,PDI UFMG.pdf,34,artistica_patrimonial,"extensão a extensão, processo interdisciplinar, educativo, cultural, científico e político que promove a interação dialógica e transformadora entre universidade e outros setores da sociedade, por meio da produção e da aplicação do conhecimento, organiza -se a partir do princípio constitucional da indissociabilidade entre ensino, política, cujo compromisso deliberado é o estreitamento de vínculos com a sociedade para que a universidade cumpra sua função pública e sustente sua relevância social.","extensão, sociedade, processo, interdisciplinar, educativo, científico, político, promove"
PDI_UFMG,PDI UFMG.pdf,35,academica_formativa,"essa forma de atuar tem por finalidade aprofundar as a ções de democratização dos saberes científico, cultural, artístico, tecnológico, bem como os saberes tradicionais de relevância social e coletiva, a fim de produzir novos conhecimentos e práticas que vão ao encontro dos anseios e interesses da sociedade e que, ao mesmo tempo, qualificam a formação discente.","saberes, essa, forma, atuar, tem, finalidade, aprofundar, ções"
PDI_UFMG,PDI UFMG.pdf,36,inovacao_empreendedorismo,"atividade que se constrói juntamente com a comunidade externa em torno de objet ivos que necessitam de trabalho processual e contínuo para serem alcançados, com atuação na produção e na construção de conhecimento voltados para o desenvolvimento social, cultural, artístico e tecnológico, podendo abranger, de forma vinculada, cursos, ev entos e prestação de serviços.","atividade, constrói, juntamente, comunidade, externa, torno, objet, ivos"
PDI_UFMG,PDI UFMG.pdf,37,inovacao_empreendedorismo,"ação que implica na apresentação ou exibição pública, livre ou com clientela específica, do conhecimento ou produto cultural, artístico, esportivo, científico/acadêmico ou tecnológico desenvolvido ou reconhecido pela universidade.","ação, implica, apresentação, exibição, pública, livre, clientela, específica"
PDI_UFMG,PDI UFMG.pdf,38,diversidade_inclusao,"saúde, educação, trabalho, meio ambiente, comunicação, direitos humanos e justiça, tecnologia e prod ução e cultura, são coordenadas por servidores docentes ou tae com nível superior, em efetivo exercício na ufmg.","saúde, educação, trabalho, meio, ambiente, comunicação, direitos, humanos"
PDI_UFMG,PDI UFMG.pdf,39,indefinido,"neste sentido, a partir de propostas encaminhadas pelas câmaras de diretrizes curriculares para a integralização de atividades acadêmicas curriculares de científica na ufmg, visando ampliar o diálogo das ciências e o intercâmbio de saberes com os diversos setores da sociedade, promover a democratização do conhecimento científico e ampliar o reconhecimento da ciência e dos saberes tradiciona is como ferramenta para o enfrentamento das questões locais, regionais e internacionais e para a promoção do desenvolvimento social, cultural e econômico.","curriculares, ampliar, saberes, neste, sentido, partir, propostas, encaminhadas"
PDI_UFMG,PDI UFMG.pdf,40,organizacional_gestao,"os espaços -membros da rede, com distintos perfis institucional, científico e cultural, comportam coleções e acervos tão variados quanto são diversificados e amplos os campos de conhecimento acolhidos em departamentos e unidades acadêmicas da universidade.","espaços, membros, rede, distintos, perfis, científico, comportam, coleções"
PDI_UFMG,PDI UFMG.pdf,41,indefinido,a ufmg jovem visa promover o intercâmbio de trabalhos técnico -científicos e produções culturais realizados nas escolas públicas e privadas de minas gerais;,"ufmg, jovem, visa, promover, intercâmbio, trabalhos, técnico, científicos"
PDI_UFMG,PDI UFMG.pdf,42,indefinido,"• promover e participar de espaços de discussão, elaboração e execução de políticas públicas associadas ao desenvolvimento econômico, social, cultural e político.","promover, participar, espaços, discussão, elaboração, execução, políticas, públicas"
PDI_UFMG,PDI UFMG.pdf,43,diversidade_inclusao,• promover culturas e práticas de direitos humanos que tenham como diretrizes fundamentais:,"promover, práticas, direitos, humanos, tenham, diretrizes, fundamentais"
PDI_UFMG,PDI UFMG.pdf,44,artistica_patrimonial,"cultura da ufmg e a prograd, por meio do apoio ao desenvolvimento de projetos de ensino em interface com extensão e aproximação com os cursos de licenciatura, promovendo o fortalecimento das ações educativas e extensionistas dos espaços.","ufmg, prograd, meio, apoio, desenvolvimento, projetos, ensino, interface"
PDI_UFMG,PDI UFMG.pdf,45,diversidade_inclusao,"promover um edital conjunto de fomento a atividades de ensino, pesquisa, extensão, cultura e internacionalização em direitos humanos.","promover, edital, conjunto, fomento, atividades, ensino, pesquisa, extensão"
PDI_UFMG,PDI UFMG.pdf,46,artistica_patrimonial,"cultura contexto relevantes na área da cultura, gerando, ao longo dos anos, movimentos de intervenção direta na cena cultural local, regional e nacional, assim como a oferta de cursos de artes, e a promoção de atividades culturais – destacando aqui a inestimável contribuição dos festivais de inverno da ufmg para o teatro, a dança, a música, as artes visuais, a literatura e para a discussão de grandes temas de interesse nacional.","nacional, artes, contexto, relevantes, área, gerando, longo, anos"
PDI_UFMG,PDI UFMG.pdf,47,artistica_patrimonial,"ações voltadas para dinâmicas internas também têm sido realizadas, como a constituição de um conjunto de espaços culturais, programas, projetos, coleções e acervos;","ações, voltadas, dinâmicas, internas, também, têm, sido, realizadas"
PDI_UFMG,PDI UFMG.pdf,48,academica_formativa,a incorporação de conteúdos e práticas culturais aos processos de formação acadêmica e as iniciativas destinadas à formação de público para as mais diversas manifestações culturais.,"formação, incorporação, conteúdos, práticas, processos, acadêmica, iniciativas, destinadas"
PDI_UFMG,PDI UFMG.pdf,49,diversidade_inclusao,"da produção e da política cultural da ufmg, e se fundamenta no reconhecimento da dimensão acadêmica da cultura como uma das bases da formação dos estudantes e da atuação dos professores e técnicos administrativos, assim como na afirmação da garantia dos direitos culturais, estabelecidos na constituição federal.","produção, política, ufmg, fundamenta, reconhecimento, dimensão, acadêmica, bases"
PDI_UFMG,PDI UFMG.pdf,50,indefinido,"criada em , continuidade e atualiza a política de cultura da ufmg a partir das seguintes diretrizes:","criada, continuidade, atualiza, política, ufmg, partir, seguintes, diretrizes"
PDI_UFMG,PDI UFMG.pdf,51,indefinido,a promoção do direito à cultura;,"promoção, direito"
PDI_UFMG,PDI UFMG.pdf,52,organizacional_gestao,descentralização da gestão da política cultural;,"descentralização, gestão, política"
PDI_UFMG,PDI UFMG.pdf,53,indefinido,a inserção plena da cultura no projeto acadêmico;,"inserção, plena, projeto, acadêmico"
PDI_UFMG,PDI UFMG.pdf,54,indefinido,o reconhecimento da transversalidade da cultura.,"reconhecimento, transversalidade"
PDI_UFMG,PDI UFMG.pdf,55,indefinido,importa -nos ressaltar que a transversalidade da cultura se contrapõe a práticas de centralização e se sin gulariza pela necessária participação democrática com o objetivo prioritário de garantir o direito cultural a toda a comunidade universitária.,"importa, ressaltar, transversalidade, contrapõe, práticas, centralização, sin, gulariza"
PDI_UFMG,PDI UFMG.pdf,56,indefinido,a cultura perpassa todas as dimensões acadêmicas constituindo-se parte dessas e articulando -as entre si de maneir a a formar uma rede epistemológica aberta aos saberes construídos na sociedade.,"perpassa, todas, dimensões, acadêmicas, constituindo, parte, dessas, articulando"
PDI_UFMG,PDI UFMG.pdf,57,indefinido,a compreensão da cultura como direito inalienável do cidadão fundamenta os seguintes princípios que regem as políticas de cultura da ufmg:,"compreensão, direito, inalienável, cidadão, fundamenta, seguintes, princípios, regem"
PDI_UFMG,PDI UFMG.pdf,58,indefinido,o direito de todo cidadão à cultura;,"direito, todo, cidadão"
PDI_UFMG,PDI UFMG.pdf,59,diversidade_inclusao,a cultura como instância que promove a coexistência entre diferenças e singularidades constituindo-se como índice da diversidade e pluralidade de saberes e conhecimentos;,"instância, promove, coexistência, diferenças, singularidades, constituindo, índice, diversidade"
PDI_UFMG,PDI UFMG.pdf,60,academica_formativa,a cultura como parte da trajetória formativa acadêmica dos estudantes;,"parte, trajetória, formativa, acadêmica, estudantes"
PDI_UFMG,PDI UFMG.pdf,61,organizacional_gestao,"o compromisso com a preservação e conservação da memó ria de bens culturais materiais e imateriais e a articulação entre a produção de conhecimentos artísticos e culturais e as atividades de a procult é também responsável pela gestão de diversos espaços culturais da da pró -reitoria de cultura destacam -se por sua longa trajetória e oferecem condições para a prática cultural, contribuindo para a execução da política cultural da ufmg.","compromisso, preservação, conservação, memó, ria, bens, materiais, imateriais"
PDI_UFMG,PDI UFMG.pdf,62,artistica_patrimonial,"centro cultural ufmg , inaugurado em , promove a aproximação entre a universidade e a sociedade, por meio de ações artístico -culturais de ensino, pesquisa e extensão, de forma presencial e online, como:","centro, ufmg, inaugurado, promove, aproximação, sociedade, meio, ações"
PDI_UFMG,PDI UFMG.pdf,63,artistica_patrimonial,"residências artísticas, exposições de artes visuais, fotografia, videoarte, mídias conte mporâneas, mostras de cinema, apresentações de música, literatura, dança, teatro, performance, palestras, promoção de cursos em artes e culturas.","artes, residências, artísticas, exposições, visuais, fotografia, videoarte, mídias"
PDI_UFMG,PDI UFMG.pdf,64,indefinido,"o prédio pas sou por uma ampla reforma e restauração e foi reinaugurado no ano , tornando -se um espaço apropriado para realização de eventos acadêmicos e culturais.","prédio, pas, sou, ampla, reforma, restauração, reinaugurado, ano"
PDI_UFMG,PDI UFMG.pdf,65,artistica_patrimonial,"manifestações de arte e cultura, por meio de projetos de ensino, de pesquisa, de extensão e de cooperação com instituições públicas e privadas de tiradentes e de outras cidades da região.","manifestações, arte, meio, projetos, ensino, pesquisa, extensão, cooperação"
PDI_UFMG,PDI UFMG.pdf,66,artistica_patrimonial,somam-se às ações culturais realizadas nesses e spaços da procult as atividades artístico-culturais de difusão e formação das quais se destacam festival de verão;,"somam, s, ações, realizadas, nesses, spaços, procult, atividades"
PDI_UFMG,PDI UFMG.pdf,67,indefinido,"redigido pela comunidade universitária participante do evento, o documento contém as propostas de ações prioritárias relacionadas a dez temas emergentes da cultura na universidade.","redigido, comunidade, universitária, participante, evento, documento, contém, propostas"
PDI_UFMG,PDI UFMG.pdf,68,indefinido,"a fim de contribuir para o pla nejamento da área cultural no pdi - , em processo de elaboração, a pró -reitoria de cultura realizou, em dezembro de , um novo ciclo com fóruns abertos a toda comunidade universitária.","fim, contribuir, pla, nejamento, área, processo, elaboração, pró"
PDI_UFMG,PDI UFMG.pdf,69,indefinido,a partir do fóruns ufmg de cultura foi elencar (cinco) ações prioritárias referentes a cada um dos temas em questão:,"partir, fóruns, ufmg, elencar, cinco, ações, prioritárias, referentes"
PDI_UFMG,PDI UFMG.pdf,70,indefinido,• criação de redes de comunicação cultural na ufmg;,"criação, redes, comunicação, ufmg"
PDI_UFMG,PDI UFMG.pdf,71,indefinido,• transversalidades da cultura:,transversalidades
PDI_UFMG,PDI UFMG.pdf,72,inovacao_empreendedorismo,"• transversalidades da cultura - relações internacionais, inovação e pósgraduação;","transversalidades, relações, internacionais, inovação, pósgraduação"
PDI_UFMG,PDI UFMG.pdf,73,artistica_patrimonial,• patrimônio cultural - saberes da tradição e artes;,"patrimônio, saberes, tradição, artes"
PDI_UFMG,PDI UFMG.pdf,74,indefinido,"• financiamento, apoio e fomento da cultura;","financiamento, apoio, fomento"
PDI_UFMG,PDI UFMG.pdf,75,indefinido,• avaliação de políticas culturais.,"avaliação, políticas"
PDI_UFMG,PDI UFMG.pdf,76,artistica_patrimonial,"coordenação, a promoção, desenvolvimento e difusão da produçã o e da política cultural da ufmg, afirmar a cultura como conhecimento transversal a diversas áreas de conhecimento e saberes da sociedade e promover a democracia cultural, por meio da produção, expressão e fruição das culturas, artes e ciências.","conhecimento, coordenação, promoção, desenvolvimento, difusão, produçã, política, ufmg"
PDI_UFMG,PDI UFMG.pdf,77,indefinido,"• garantir sustentabilidade e aperfeiçoar programas, projetos e ações culturais dos espaços culturais da procult.","garantir, sustentabilidade, aperfeiçoar, programas, projetos, ações, espaços, procult"
PDI_UFMG,PDI UFMG.pdf,78,academica_formativa,"• potencializar a transversalidade da cultura em relação às dimensões do ensino, pesquisa, extensão, relações internacionais, inovação e política estudantil.","potencializar, transversalidade, relação, s, dimensões, ensino, pesquisa, extensão"
PDI_UFMG,PDI UFMG.pdf,79,indefinido,"• promover avaliações de programas, projetos e ações culturais no âmbito da procult.","promover, avaliações, programas, projetos, ações, âmbito, procult"
PDI_UFMG,PDI UFMG.pdf,80,indefinido,• fortalecer a descentralização dos projetos culturais da procult por meio do fomento aos programas e projetos da ufmg em seus diversos campi e comunidades alcançadas.,"projetos, fortalecer, descentralização, procult, meio, fomento, programas, ufmg"
PDI_UFMG,PDI UFMG.pdf,81,indefinido,• ampliar as ações de busca por financiamentos e possibilidades de captação para o setor cultural da universidade.,"ampliar, ações, busca, financiamentos, possibilidades, captação, setor"
PDI_UFMG,PDI UFMG.pdf,82,artistica_patrimonial,"políticas para o patrimônio material e imaterial, gestão de acervos e bens tombados da pró -reitoria de cultura, gestão do memória e afins.","gestão, políticas, patrimônio, material, imaterial, acervos, bens, tombados"
PDI_UFMG,PDI UFMG.pdf,83,indefinido,• criar e implementar redes de comunicação cultural na ufmg.,"criar, implementar, redes, comunicação, ufmg"
PDI_UFMG,PDI UFMG.pdf,84,academica_formativa,• dar continuidade à coordenação e oferta da formação transversal culturas em movimento e processos criativos.,"dar, continuidade, coordenação, oferta, formação, transversal, movimento, processos"
PDI_UFMG,PDI UFMG.pdf,85,indefinido,"buscar a consolidação das ações que garantam a sustentabilidade de programas, projetos e ações culturais dos espaços culturais da procult.","ações, buscar, consolidação, garantam, sustentabilidade, programas, projetos, espaços"
PDI_UFMG,PDI UFMG.pdf,86,artistica_patrimonial,"estabelecer mecanismos para alcançar investimento efetivo nas ações culturais da universidade, como financiamentos para projetos e ações, para infraestrutura, equipamentos e preservação do patrimônio material e imaterial.","ações, estabelecer, mecanismos, alcançar, investimento, efetivo, financiamentos, projetos"
PDI_UFMG,PDI UFMG.pdf,87,diversidade_inclusao,investir na construção de uma política de ampliação e qualificação de recursos humanos para o setor cultural da ufmg.,"investir, construção, política, ampliação, qualificação, recursos, humanos, setor"
PDI_UFMG,PDI UFMG.pdf,88,academica_formativa,aprimorar ações e projetos que tenham como premissa a importância da cultura no processo pedagógico e o compromisso social com a formação de uma cidadania cultural.,"aprimorar, ações, projetos, tenham, premissa, importância, processo, pedagógico"
PDI_UFMG,PDI UFMG.pdf,89,inovacao_empreendedorismo,"promover processos de inovação no campo da cultura, caracterizados pela transversalidade nas áreas da cultura, arte e tecnologia, em interações como a cultura e arte digital.","arte, promover, processos, inovação, campo, caracterizados, transversalidade, áreas"
PDI_UFMG,PDI UFMG.pdf,90,indefinido,promover a atualização contínua do mapa da cultura e criar um capturar o movimento da cultura na universidade e suas interconexões com a cidade e subsidiar as nossas avaliações.,"promover, atualização, contínua, mapa, criar, capturar, movimento, interconexões"
PDI_UFMG,PDI UFMG.pdf,91,indefinido,"como forma de atualização e avaliação constante de temas relativos à política cultural da universidade, podendo incluir fóruns destinados ao diálogo crítico-reflexivo com a comunidade externa à universidade.","forma, atualização, avaliação, constante, temas, relativos, política, podendo"
PDI_UFMG,PDI UFMG.pdf,92,indefinido,"interiorizar e descentralizar programas e projetos da procult como atividades estruturantes da política cultural da ufmg e integradoras dos laços entre os polos culturais e a universidade e, desta forma, reconhecer e valorizar as diversas expressões culturais presentes nos polos de atuação da ufmg.","ufmg, polos, interiorizar, descentralizar, programas, projetos, procult, atividades"
PDI_UFMG,PDI UFMG.pdf,93,indefinido,"buscar parcerias para financiamento de ações, projetos e equipamentos culturais, junto a agentes públicos ou privados que possuam valores, princípios e missões afins à política .","buscar, parcerias, financiamento, ações, projetos, equipamentos, junto, agentes"
PDI_UFMG,PDI UFMG.pdf,94,organizacional_gestao,empenhar esforços para consolidar ações que garantam sustentabilidade e aperfeiçoar a gestão do patrimônio cultural edificado tombado sob gestão da procult.,"gestão, empenhar, esforços, consolidar, ações, garantam, sustentabilidade, aperfeiçoar"
PDI_UFMG,PDI UFMG.pdf,95,artistica_patrimonial,"refletir sobre a criação de uma comissão permanente de patrimônio cultural da ufmg, instância específica e articuladora de vários setores da universidade, responsável pela construção de políticas de gestão do patrimônio cultural da ufmg direcionadas para o patrimônio edificado (tombado) e para os acervos (bens móveis) de valor histórico, artístico, cultural e científico da ufmg.","patrimônio, ufmg, refletir, sobre, criação, comissão, permanente, instância"
PDI_UFMG,PDI UFMG.pdf,96,indefinido,"fomentar a criação de uma agenda integrada de comunicação da cultura na ufmg, pensando em meios de operacionalizá-la e avaliá-la, considerando o alinhamento e compartilhamento das informações sobre a programação, projetos e políticas culturais da universidade para todos os setores de cultura envolvidos.","la, fomentar, criação, agenda, integrada, comunicação, ufmg, pensando"
PDI_UFMG,PDI UFMG.pdf,97,indefinido,"garantir a continuidade das parcerias com redes nacionais e internacionais de cooperação, buscando aprimorar, aprofundar e ampliar a expansão e a internacionalização das ações e projetos culturais da ufmg.","garantir, continuidade, parcerias, redes, nacionais, internacionais, cooperação, buscando"
PDI_UFMG,PDI UFMG.pdf,98,diversidade_inclusao,elaborar projetos e buscar recursos para aprimorar a adequação dos espaços culturais da procult no tocante à política de acessibilidade.,"elaborar, projetos, buscar, recursos, aprimorar, adequação, espaços, procult"
PDI_UFMG,PDI UFMG.pdf,99,indefinido,criar fundo de cultura para apoio a apresentações artísticoculturais.,"criar, fundo, apoio, apresentações, artísticoculturais"
PDI_UFMG,PDI UFMG.pdf,100,artistica_patrimonial,o tu da ufmg constitui uma escola de formação de atores em nível técnico que exerce importante papel no cenário artístico -cultural local e nacional.,"tu, ufmg, constitui, escola, formação, atores, nível, técnico"
PDI_UFMG,PDI UFMG.pdf,101,artistica_patrimonial,"nesse sentido, estabelece extensão e de cultura e outros órgãos.","nesse, sentido, estabelece, extensão, outros, órgãos"
PDI_UFMG,PDI UFMG.pdf,102,indefinido,"a promoção de políticas de fomento à cultura digital que atendam aos objetivos da aprendizagem, estimulem a participação ativa e propositiva dos estudantes;","promoção, políticas, fomento, digital, atendam, objetivos, aprendizagem, estimulem"
PDI_UFMG,PDI UFMG.pdf,103,indefinido,"cada vez mais, a ufmg torna-se lugar de sociabilidade de pessoas de uma diversa e muita rica experiência cultural, com valores e horizontes de expectativas também plurais.","cada, vez, mais, ufmg, torna, lugar, sociabilidade, pessoas"
PDI_UFMG,PDI UFMG.pdf,104,artistica_patrimonial,"aprovou, por meio da resolução complementar № / , a cri ação da pró - estabelecer ações voltadas para o atendimento às demandas de acolhimento, permanência, convivência, assistência e enriquecimento sociopolítico, cultural e artístico de estudantes desta universidade.","aprovou, meio, resolução, complementar, cri, ação, pró, estabelecer"
PDI_UFMG,PDI UFMG.pdf,105,academica_formativa,o diálogo e a pesquisa e cultura qualificam e potencializam práticas promotoras da permanência.,"diálogo, pesquisa, qualificam, potencializam, práticas, promotoras, permanência"
PDI_UFMG,PDI UFMG.pdf,106,diversidade_inclusao,"sendo assim, o direito à permanência acadêmica bem-sucedida considera, de um lado, o entrecruzamento das desigualdades sociais e diversidade étnico -raciais, socioeconômicas, culturais, territoriais, de gênero, de geração, de acessibilidade e inclusão dentre outras.","sendo, assim, direito, permanência, acadêmica, bem, sucedida, considera"
PDI_UFMG,PDI UFMG.pdf,107,indefinido,"por outro lado, cada vez mais a ufmg torna -se lugar de sociabilidade de estudantes de rica e diversa experiência cultural, com valores e horizontes de expectativas também plurais.","outro, lado, cada, vez, mais, ufmg, torna, lugar"
PDI_UFMG,PDI UFMG.pdf,108,academica_formativa,"a complexidade das dimensões materiais e culturais que atravessam a trajetória de formação de estudantes solicita uma estrutura de gestão intersetorial, canais de participação e estratégias de pesquisa de modo a organiz ar o conjunto de suportes necessários para um percurso acadêmico digno e exitoso.","complexidade, dimensões, materiais, atravessam, trajetória, formação, estudantes, solicita"
PDI_UFMG,PDI UFMG.pdf,109,indefinido,enriquecimento cultural:,enriquecimento
PDI_UFMG,PDI UFMG.pdf,110,indefinido,"coordenar e realiza r ações para expandir a experiência cultural em diversas linguagens, potencializando a sociabilidade estudantil pela participação em manifestações culturais diversas.","diversas, coordenar, realiza, r, ações, expandir, experiência, linguagens"
PDI_UFMG,PDI UFMG.pdf,111,indefinido,coordenar e realizar ações para conhecer o perfil socioeconômico e cultural de estudantes da ufmg.,"coordenar, realizar, ações, conhecer, perfil, socioeconômico, estudantes, ufmg"
PDI_UFMG,PDI UFMG.pdf,112,academica_formativa,"promover atualização contínua do mapa de perfis de estudantes identificando situações de vulnerabilidade socioeconômica e risco social e cultural, por meio de instrumentos específicos da prae e da integração de informações produzidas em outras instâncias administrativas e acadêmicas, visando equalizar oportunidades acadêmicas, mitigar as desigualdades sociais, reduzir índices de retenção e de evasão acadêmica, contribuir para formação acadêmica bem-sucedida.","acadêmicas, acadêmica, promover, atualização, contínua, mapa, perfis, estudantes"
PDI_UFMG,PDI UFMG.pdf,113,indefinido,estudantes em situação de vulnerabilidade socioeconômica e risco social e cultural.,"estudantes, situação, vulnerabilidade, socioeconômica, risco, social"
PDI_UFMG,PDI UFMG.pdf,114,academica_formativa,enriquecimento cultural e expansão da formação acadêmica;,"enriquecimento, expansão, formação, acadêmica"
PDI_UFMG,PDI UFMG.pdf,115,indefinido,"tem como público -alvo estudantes prioritariamente, em situação de vulnerabilidade econômica, risco social e cultural.","tem, público, alvo, estudantes, prioritariamente, situação, vulnerabilidade, econômica"
PDI_UFMG,PDI UFMG.pdf,116,indefinido,"a partir da a nálise socioeconômica e de acordo com o conjunto dos indicadores sociais, econômicos e culturais de contexto familiar, o estudante em situação de vulnerabilidade, que não consegue manter suas necessidades básicas e complementares para permanência na univer sidade pode ser posicionado em:","partir, nálise, socioeconômica, acordo, conjunto, indicadores, sociais, econômicos"
PDI_UFMG,PDI UFMG.pdf,117,organizacional_gestao,"as políticas de ações afirmativas assumem particular importância propondo o desenvolvimento de um conjunto articulado de práticas acadêmicas de acolhimento, atenção e apoio aos estudantes em suas necessidades para aproveitar e enriquecer sua permanência na ufmg (formação cultural, acompanhamento em sua singularidade de aprendizagem, planejamento de sua vida universitária, aconselhamento para sua carreira).","políticas, ações, afirmativas, assumem, particular, importância, propondo, desenvolvimento"
PDI_UFMG,PDI UFMG.pdf,118,organizacional_gestao,"a prae compreende que deve cuidar do acompanhamento e do apoio a estudantes em sua singularidade de aprendizagem, no planejamento de sua vida univer sitária, no aconselhamento para sua carreira e expansão de suas potências pessoais e ainda que esta seja uma ação por demais necessária, mas ir além, realizando um esforço para envolver estudantes em um enriquecimento permanente de sua formação cultural.","estudantes, prae, compreende, deve, cuidar, acompanhamento, apoio, singularidade"
PDI_UFMG,PDI UFMG.pdf,119,indefinido,"para integração entre os discentes e destes com a universidade são apoiadas e desenvolvidas, nas unidades acadêmicas e pela administração central, atividades culturais, esportivas e de lazer, em espaços nos tendo os estudantes como protagonistas, a universidade oferece apoio a projetos propostos por estudantes tanto em eventos acadêmicos quanto culturais e de convivência.","estudantes, integração, discentes, destes, são, apoiadas, desenvolvidas, unidades"
PDI_UFMG,PDI UFMG.pdf,120,indefinido,"ufmg, em seus princípios, eixos estruturantes, programas e ações, destinada a estudantes da educação básica, da graduação e da pósgraduação, com prioridade para estudantes em situação de vulnerabilidade econômica e risco social e cultural.","estudantes, ufmg, princípios, eixos, estruturantes, programas, ações, destinada"
PDI_UFMG,PDI UFMG.pdf,121,indefinido,"esporte e lazer são práticas culturais de central importância para enriquecer as experiências de sociabilidade entre estudantes, servidores d ocentes e taes, e também para fortalecer os laços com a comunidade externa.","esporte, lazer, são, práticas, central, importância, enriquecer, experiências"
PDI_UFMG,PDI UFMG.pdf,122,indefinido,"além de ser o principal responsável pelo desenvolvimento da política de esporte desse modo, esse centro serve à universidade para fins didáticos, culturais e de lazer, atuando como núcleo de orientação, aplicação, e renovação de métodos e técnicas relacionadas às atividades físicas, esportivas de lazer.","lazer, além, principal, responsável, desenvolvimento, política, esporte, desse"
PDI_UFMG,PDI UFMG.pdf,123,indefinido,"para que isso ocorra, é fundamental a busca do diálogo e o desenvolvimento de políticas acadêmicas em o conjunto de ações em que o ceu está envolvido representa o esforço para que a comunidade acadêmica da ufmg amplie suas vivências esportivas e de lazer, em uma perspectiva ampla, para que estas práticas também sejam fator de integração da comunidade interna e estimulem a construção e a difusão cultural.","comunidade, isso, ocorra, é, fundamental, busca, diálogo, desenvolvimento"
PDI_UFMG,PDI UFMG.pdf,124,inovacao_empreendedorismo,"em sintonia com sua missão institucional, a ufmg desenvolve iniciativas para a formação de recursos humanos nos temas da inovação e empreendedorismo, a deve-se destacar, que o ambiente favorável à inovação tecnológica na ufmg somente torna-se possível em virtude de alguns aspectos que caracterizam a cultura acadêmica desta instituição.","ufmg, inovação, sintonia, missão, desenvolve, iniciativas, formação, recursos"
PDI_UFMG,PDI UFMG.pdf,125,indefinido,"vários cursos de diversas áreas do conhecimento, ao longo dos últimos anos, passaram a contar com disciplinas ligadas à criação de negócios, planos de negócios e cultura empreendedora.","negócios, vários, cursos, diversas, áreas, conhecimento, longo, últimos"
PDI_UFMG,PDI UFMG.pdf,126,organizacional_gestao,"a atuação da ctit abrange ações como a proteção e a gestão qualificada dos ativos de propriedade intelectual (pi) da ufmg, a promoção da interação entre a disseminação do conhecimento e da cultura de ct&i e o fomento ao empreendedorismo.","atuação, ctit, abrange, ações, proteção, gestão, qualificada, ativos"
PDI_UFMG,PDI UFMG.pdf,127,inovacao_empreendedorismo,(iv) empreendedorismo e (v) disseminação da cultura de empreendedorismo e inovação.,"empreendedorismo, iv, v, disseminação, inovação"
PDI_UFMG,PDI UFMG.pdf,128,inovacao_empreendedorismo,"para tanto, entende -se ser necessário fomentar a busca por arranjos mais estruturantes e com viés estratégico com foco no fortalecimento do ecossistema de inovação e e mpreendedorismo da ufmg, inclusive por meio da potencialização dos ambientes promotores de inovação da universidade estendendo também as iniciativas às áreas ligadas à cultura, às artes e às humanidades.","s, inovação, tanto, entende, necessário, fomentar, busca, arranjos"
PDI_UFMG,PDI UFMG.pdf,129,indefinido,"o debate sobre a implantação de uma política de divulgação científica remonta aos eventos do fórum de cultura científica, que foi realizado pela primeira vez em junho de .","científica, debate, sobre, implantação, política, divulgação, remonta, eventos"
PDI_UFMG,PDI UFMG.pdf,130,academica_formativa,"a ufmg, motivada pelo duplo princípio da qualidade acadêmica e da relevância (ifes), no exercício de sua autonomia, promovam estudos e ações que possam colaborar para a formulação de políticas públicas mais abrangentes a propósito do tema da democratização do acesso e da permanência no sistema de ensino e outras como saúde, assistência social, cultura, esporte e lazer, trabalho etc.","ufmg, motivada, duplo, princípio, qualidade, acadêmica, relevância, ifes"
PDI_UFMG,PDI UFMG.pdf,131,diversidade_inclusao,"a ufmg tem o compromisso de desenvolver ações específicas com o objetivo de estabelecer uma cultura da cidadania na vida cotidiana da comunidade acadêmica, a ufmg, nos últimos anos, tem intensificado o debate sobre os direitos humanos e a formação para a cidadania democrática.","ufmg, tem, cidadania, compromisso, desenvolver, ações, específicas, objetivo"
PDI_UFMG,PDI UFMG.pdf,132,diversidade_inclusao,"6º, “desenvolver, de forma progressiva, programas e ações de caráter pedagógico e permanente que visem à conscientização, promoção e efetiva garantia dos direitos humanos, bem como defesa e difusão de uma cultura de tolerância, do respeito aos direitos fundamentais, de forma a promover uma convivência solidária, ética e pacífica no âmbito institucional, em conformidade com a ordem jurídica posta”.","forma, direitos, desenvolver, progressiva, programas, ações, caráter, pedagógico"
PDI_UFMG,PDI UFMG.pdf,133,indefinido,"a resolução / encontra -se em consonância migratória menos focada na segurança nacional e que visa ao desenvolvimento econômico, so cial e cultural do país, protege os migrantes e confirma os compromissos internacionais do brasil.","resolução, encontra, consonância, migratória, menos, focada, segurança, nacional"
PDI_UFMG,PDI UFMG.pdf,134,academica_formativa,"alicerçada na crença de que é preciso conhecer o território para melhor dialogar com as populações que nele vivem, a ufmg tem elaborado projetos e programas que pesquisadores de diversas áreas do conhecimento (antropologia, arquitetura e ensino e pesquisa envolvendo questões ambientais e sociais, além de moradores e além dessa rede, a proe x tem desenvolvido outros projetos e programas que refletem e propõem medidas para situações com graves implicações ambientais e, por consequência, culturais, sociais, históricas, econômicas e afetivas.","tem, projetos, programas, ambientais, sociais, além, alicerçada, crença"
PDI_UFMG,PDI UFMG.pdf,135,artistica_patrimonial,"a partir do ufmg, que reún e e articula grupos de extensão e pesquisa, iniciativas e atividades na região de mariana e em toda a extensão da bacia do rio doce com o objetivo de diagnosticar os problemas e propor ações de reconstrução relacionadas ao meio ambiente, moradia, geração de emprego e renda, saúde, educação, cultura, lazer, entre outras áreas.","extensão, partir, ufmg, reún, articula, grupos, pesquisa, iniciativas"
PDI_UFMG,PDI UFMG.pdf,136,artistica_patrimonial,"identificar e avaliar as necessidades emergenciais dos impactos socioeconômicos, ambientais, na saúde, na educação, nas estruturas urbanas, no patrimônio cultural material e imaterial e nas populações ribeirinhas, dentre outros impactos, em escala local, microrregional, mesorregional e regional.","impactos, identificar, avaliar, necessidades, emergenciais, socioeconômicos, ambientais, saúde"
PDI_UFMG,PDI UFMG.pdf,137,diversidade_inclusao,"espera -se que essa construção se dê em intenso diálogo com outros setores da sociedade, já que a promoção de uma cultura dos direitos humanos exige a articulação de diversos saberes.","espera, essa, construção, dê, intenso, diálogo, outros, setores"
PDI_UFMG,PDI UFMG.pdf,138,diversidade_inclusao,"no ano de , para fortalecer a vasta agenda da defesa dos direitos humanos, a a universidade dos direitos humanos busca fortalecer e fomentar atividades que colaborem com o fortalecimento de uma cultura dos direitos humanos.","direitos, humanos, fortalecer, ano, vasta, agenda, defesa, busca"
PDI_UFMG,PDI UFMG.pdf,139,diversidade_inclusao,"promover a formação em direitos humanos de forma multidisciplinar, destacando os aspectos históricos, políticos, sociais, educacionais, jurídicos, subjetivos e culturais.","promover, formação, direitos, humanos, forma, multidisciplinar, destacando, aspectos"
PDI_UFMG,PDI UFMG.pdf,140,academica_formativa,"• defender e difundir uma cultura de respeito aos direitos fundamentais, de forma a promover uma convivência solidária e ética no âmbito • empenhar esforços na construção do centro de referência e apoio das ações extensão, de ensino e de pesquisa, da produção de conhecimento qualificado, da formação acadêmica transversal e pluriepistêmica e da sensibilização para proteção destes direitos no âmbito da ufmg e em diálogo e colaboração com a sociedade.","direitos, âmbito, defender, difundir, respeito, fundamentais, forma, promover"
PDI_UFMG,PDI UFMG.pdf,141,organizacional_gestao,"alinhada com a perspectiva da despatologização da vida, a saúde ment al é entendida para além do adoecimento e tomada, na política institucional, como compromisso coletivo e responsabilidade de todos/as em favor de uma cultura de acolhimento, inclusão e permanência qualificada.","alinhada, perspectiva, despatologização, vida, saúde, ment, al, é"
PDI_UFMG,PDI UFMG.pdf,142,indefinido,"contribuir para uma cultura cidadã na vida cotidiana da comunidade ufmg, colaborando para a construção de novas condições sociais, acadêmicas e institucionais mais acolhedoras, inclusivas e democráticas.","contribuir, cidadã, vida, cotidiana, comunidade, ufmg, colaborando, construção"
PDI_UFMG,PDI UFMG.pdf,143,diversidade_inclusao,"essas iniciativas abrangem diversas dimensões de acessibilidade e visam tornar a ufmg uma instituição inclusiva e acessível, não apenas para cumprir a legislação, mas também para promover uma cultura de inclusão.","essas, iniciativas, abrangem, diversas, dimensões, acessibilidade, visam, tornar"
PDI_UFMG,PDI UFMG.pdf,144,organizacional_gestao,"nessa política institucional, a saúde men tal é entendida para além do adoecimento e tomada como compromisso coletivo e responsabilidade de todos/as em favor de uma cultura de acolhimento, inclusão e permanência qualificada.","nessa, política, saúde, men, tal, é, entendida, além"
PDI_UFMG,PDI UFMG.pdf,145,academica_formativa,"com repercussões nacionais e internacionais, o ensino, a pesquisa e a extensão na área da saúde estão dedicados à formação de pessoas e ao desenvolvimento de um pap el central na inovação, na ampliação do conhecimento científico, tecnológico, social e cultural.","repercussões, nacionais, internacionais, ensino, pesquisa, extensão, área, saúde"
PDI_UFMG,PDI UFMG.pdf,146,indefinido,"unidade e-saúde do hc-ufmg universidades, tem como objetivo desenvolver e utilizar ferramentas tecnológicas para reduzir barreiras geográficas, econômicas e culturais de acesso da população a serviços de saúde de qualidad e, por meio de suporte aos profissionais de saúde, especialmente em regiões remotas e pouco assistidas.","saúde, unidade, hc, ufmg, tem, objetivo, desenvolver, utilizar"
PDI_UFMG,PDI UFMG.pdf,147,indefinido,"a implantação dos centros de estudos permitiu intensificar novas formas de interação com outras culturas e de promov er o desenvolvimento de pesquisas conjuntas em âmbito internacional, objetivos esses que antes dependiam de iniciativas dos departamentos ou de ações e contatos individuais dos professores.","implantação, centros, estudos, permitiu, intensificar, novas, formas, interação"
PDI_UFMG,PDI UFMG.pdf,148,artistica_patrimonial,"a difusão local, regional, nacional e internacional das produções intelectual, científica, artística e cultural realizadas na ufmg.","difusão, local, regional, nacional, internacional, produções, intelectual, científica"
PDI_UFMG,PDI UFMG.pdf,149,organizacional_gestao,"o conceito de internacionalização está ligado à promoção institucional do fluxo internacional de pessoas, ideias, cultura e conhecimento.","conceito, internacionalização, está, ligado, promoção, fluxo, internacional, pessoas"
PDI_UFMG,PDI UFMG.pdf,150,organizacional_gestao,"a diretoria de cooperação institucional está responsável por criar condições de ufmg que visa criar e manter uma ligação entre a ufmg e se us ex -alunos, além de promover e incentivar a cultura do retorno à universidade.","criar, ufmg, diretoria, cooperação, está, responsável, condições, visa"
PDI_UFMG,PDI UFMG.pdf,151,indefinido,"a intenção é que os ex - alunos não se afastem da universidade e que continuem a participar de cursos de atualização, palestras e eventos culturais promovidos pela instituição e a frequentar suas dependências, incluindo bibliotecas e espaços de lazer.","intenção, é, ex, alunos, não, afastem, continuem, participar"
PDI_UFMG,PDI UFMG.pdf,152,indefinido,"visando a atender a demanda da comunidade universitária e também das suas entidades representativas, foi criada, em , a coo rdenadoria de assuntos coordenadoria é prestar o atendimento à comunidade universitária (discentes ou servidores docentes e taes) através de escuta qualificada, intervençã o social, apoio técnico e logístico, dentre outras ações que promovam a facilitação do acesso a bens e serviços oferecidos pela ufmg, conforme necessidades de cada um desses segmentos, para o desenvolvimento de atividades acadêmicas, culturais, políticas e sociais.","comunidade, universitária, visando, atender, demanda, também, entidades, representativas"
PDI_UFMG,PDI UFMG.pdf,153,artistica_patrimonial,"• criar novos instrumentos e métodos para otimizar, na ufmg, a captação de recursos voltados para as áreas relativas à extensão, à pesquisa, à cultura e aos esportes da universidade.","criar, novos, instrumentos, métodos, otimizar, ufmg, captação, recursos"
PDI_UFMG,PDI UFMG.pdf,154,indefinido,"• aprimorar os mecanismos de aproximação e interação entre a universidade e seus egressos, criando ações e oportunidades de aperfeiçoamento profissional e cultural, bem como contribuindo para sua inserção profissional.","profissional, aprimorar, mecanismos, aproximação, interação, egressos, criando, ações"
PDI_UFMG,PDI UFMG.pdf,155,academica_formativa,"otimizar a gestão dos espaços compartilhados para ensino, pesquisa, extensão e cultura.","otimizar, gestão, espaços, compartilhados, ensino, pesquisa, extensão"
PDI_UFMG,PDI UFMG.pdf,156,indefinido,"o passo é um programa que procura favorecer o processo de (re)integração dos servidores recém -admitidos, movimentados e em retorno ao ambiente e à cultura da universidade, possibilitan do a compreensão dos valores e objetivos institucionais, a aquisição de conhecimentos e habilidades para (re)assumirem seu cargo/função na várias ações nos processos admissionais, avaliativos, de movimentações interna e externas, acompanhamento e desenvolvimento dos servidores na universidade, tais documento com orientações aos servidores tae recém -admitidos;","servidores, re, recém, admitidos, passo, é, programa, procura"
PDI_UFMG,PDI UFMG.pdf,157,academica_formativa,"pessoal qualificado para o ensino, a pesquisa e a extensão de qualidade e um parque universitário capaz de nutrir um permanente desenvolvimento científico, tecnológico e cultural.","pessoal, qualificado, ensino, pesquisa, extensão, qualidade, parque, universitário"
PDI_UFMG,PDI UFMG.pdf,158,organizacional_gestao,promover a cultura da sustentabilidade junto à comunidade universitária incorporada aos princípios de todos os processos de gestão;,"promover, sustentabilidade, junto, comunidade, universitária, incorporada, princípios, todos"
PDI_UFMG,PDI UFMG.pdf,159,inovacao_empreendedorismo,"a terceira fase, iniciada com a implantação do reuni, está em curso e tem por objetivos o aumento de vagas discentes e a democratização do acesso à ufmg, a intensificação e generalização das práticas, atividades e instrumentos interdisciplinares, a ampliação das políticas e atividades de mobilidade internacional de discentes e docentes e de internacionalização da ufmg, a expansão do ensino de pós-graduação e das atividades de pesquisa científica e tecnológica e de inovação, a evolução e aperfeiçoamento da política de assistência estudantil, a reestruturação e multiplicação das atividades culturais, a reestruturação e expansão do sistema de tecnologia de informação, a consolidação do campus pampulha com a transferência de unidades acadêmicas, entre outras ações em curso e metas parcialmente atingidas.","atividades, curso, discentes, ufmg, expansão, reestruturação, terceira, fase"
PDI_UFMG,PDI UFMG.pdf,160,organizacional_gestao,"o planejamento das atividades da ufmg está voltado para assegurar que a universidade alcance seus objetivos através da geração e difusão de conhecimentos científicos, tecnológicos e culturais, sendo ao mesmo tempo formadora de indivíduos críticos e éticos, dotados de sólida base científica e humanística e comprometidos com intervenções transformadoras na sociedade.","planejamento, atividades, ufmg, está, voltado, assegurar, alcance, objetivos"
PDI_UFMG,PDI UFMG.pdf,161,organizacional_gestao,"o órgão implementar a política de comunicação da ufmg, integrando as estruturas e instâncias comunicacionais existentes e promovendo, por meio da cultura da convergência, a prática comunicativa institucional, com os diferentes públicos internos e externos, bem como a articulação com mídias externas, compreendendo o lugar estratégico da comunicação social na instituição.","comunicação, órgão, implementar, política, ufmg, integrando, estruturas, instâncias"
PDI_UFMG,PDI UFMG.pdf,162,indefinido,"as discussões acerca da implantação da política remontam aos eventos do fórum de cultura científica, que foi realizado pela primeira vez em junho de .","discussões, acerca, implantação, política, remontam, eventos, fórum, científica"
PDI_UFMG,PDI UFMG.pdf,163,indefinido,"a programação inclui palestras, exposições, convers as com cientistas, visitas a laboratórios, atividades culturais e premiação dos trabalhos de destaque apresentados por estudantes e servidores técnico -administrativos em a ufmg participa ainda da organização de incontáveis eventos regionais, nacionais e mundiais, com foco no desenvolvimento do conhecimento nas diversas áreas do conhecimento.","conhecimento, programação, inclui, palestras, exposições, convers, cientistas, visitas"
PDI_UFMG,PDI UFMG.pdf,164,academica_formativa,"promover o aumento da visibilidade da produção acadêmico -científica da ufmg e articular ações coordenadas de comunicação que visem promover o debate sobre a cultura científica como parte da formação cidadã, por um lado mobilizando docentes, pesquisadores (docentes e n ão docentes), estudantes e taes da ufmg para participar de tais ações, por outro lado ampliando os mecanismos de participação do público em geral, procu rando estabelecer relações dialógicas duradouras e de crescente intensidade com os públicos e as comunidades com os quais a instituição interage.","docentes, promover, científica, ufmg, ações, lado, aumento, visibilidade"
PDI_UFMG,PDI UFMG.pdf,165,indefinido,a ufmg reconhece que a informação por ela produzida ou sob sua guarda é um bem público e incentiva a cultura do acesso.,"ufmg, reconhece, informação, ela, produzida, sob, guarda, é"
PDI_UFMG,PDI UFMG.pdf,166,organizacional_gestao,"subsidiar, do ponto de vista da governança informacional, a defesa dos interesses públicos em matéria de educação, cultura, ciência, tecnologia e a promoção da transparência na interface universidade-sociedade.","subsidiar, ponto, vista, governança, informacional, defesa, interesses, públicos"
PDI_UFMG,PDI UFMG.pdf,167,indefinido,"a busca pela melhoria da infraestrutura da rede sem fio dos prédios acadêmicos, administrativos e culturais e dos espaços no seu entorno;","busca, melhoria, infraestrutura, rede, fio, prédios, acadêmicos, administrativos"
PDI_UFMG,PDI UFMG.pdf,168,indefinido,"além de conter essa dimensão integradora, com todos os benefícios acadêmicos e culturais dela decorrentes, a transferência das unidades acadêmicas dispersas pela capital para o campus pampulha constitui elemento gerador de maior eficiência.","além, conter, essa, dimensão, integradora, todos, benefícios, acadêmicos"
PDI_UFMG,PDI UFMG.pdf,169,inovacao_empreendedorismo,"o processo de internacionalização, a consolidação de um sistema de apoio à inovação, a consolidação de sistemas de apoio à formação doce nte, a expansão das atividades no âmbito da cultura, a implantação de diferentes mecanismos de apoio a estudantes etc.","apoio, consolidação, processo, internacionalização, sistema, inovação, sistemas, formação"
PDI_UFMG,PDI UFMG.pdf,170,artistica_patrimonial,"ufmg é responsável pela guarda de importante acervo de edificações históricas, que incluem prédios dos séculos xviii e xix situados nas cidades de tiradentes (onde funciona o complexo do campus cultural de além de prédios representativos da arquitetura modernista, como o prédio da escola de arquitetura e o prédio da rei toria, ambos tombados.","prédios, arquitetura, prédio, ufmg, é, responsável, guarda, importante"
PDI_UFMG,PDI UFMG.pdf,171,artistica_patrimonial,", – provenientes do fundo de embaixadores para preservação do patrimônio cultural –, com a contrapartida da ufmg de u$ .","provenientes, fundo, embaixadores, preservação, patrimônio, contrapartida, ufmg, u"
PDI_UFMG,PDI UFMG.pdf,172,artistica_patrimonial,"atualmente o sb/ufmg é constituído por bibliotecas situadas em todas as vinculadas às unidades especiais e atividades de extensão, cultura e lazer, assim contemplam acervos específicos.","atualmente, sb, ufmg, é, constituído, bibliotecas, situadas, todas"
PDI_UFMG,PDI UFMG.pdf,173,indefinido,atividades culturais e de entretenimento;,"atividades, entretenimento"
PDI_UFMG,PDI UFMG.pdf,174,artistica_patrimonial,"o objetivo do carro -biblioteca é democratizar a informação e a leitura junto às comunidades socialmente vulneráveis da grande bh, bem como promover ações culturais e educativas, além de proporc ionar o desdobramento de vários outros projetos acadêmicos, de pesquisa e de extensão na eci e oferecer bolsas de extensão para os estudantes.","extensão, objetivo, carro, biblioteca, é, democratizar, informação, leitura"
PDI_UFMG,PDI UFMG.pdf,175,indefinido,promover ações culturais no sb/ufmg.,"promover, ações, sb, ufmg"
PDI_UFMG,PDI UFMG.pdf,176,diversidade_inclusao,"em , na perspectiva de promover a acessibilidade e a difusão da produção científica e cultural da universidade, tiveram início os estudos de implementação do ambiente digital que tem por finalidade armazenar, preservar e divulgar a produção intelectual, segundo as diretrizes de acesso aberto e gratuito ao conhecimento.","produção, perspectiva, promover, acessibilidade, difusão, científica, tiveram, início"
PDI_UFMG,PDI UFMG.pdf,177,indefinido,"publicações científicas e culturais , que dá acesso a artigos de periódicos e de eventos, livros e capítulos de livros;","livros, publicações, científicas, dá, acesso, artigos, periódicos, eventos"
PDI_UFMG,PDI UFMG.pdf,178,organizacional_gestao,"/ ) impõe a todos os órgãos do poder público a responsabilidade pela gestão e preservação de seus documentos arquivísticos, como instrumentos de apoio à administração, à promoção da cultura, ao desenvolvimento científico e como elementos de prova e informação.","impõe, todos, órgãos, poder, público, responsabilidade, gestão, preservação"
PDI_UFMG,PDI UFMG.pdf,179,organizacional_gestao,"no período de a , a diarq continuará dedicada à implantação e ao monitoramento da política arquivística , articulando-a às outras políticas institucionais de informação, cultura e tecnologia da informação, visando aprimorar a gestão, a preservação e a segurança dos dados, das informações e dos documentos institucionais.","institucionais, informação, período, diarq, continuará, dedicada, implantação, monitoramento"
PDI_UFMG,PDI UFMG.pdf,180,organizacional_gestao,"implantar e monitora r a política arquivística da ufmg , articulando -a às outras políticas institucionais de informação, cultura e tecnologia da informação , visando aprimorar a gestão, a preservação e a segurança dos dados, das informações e dos documentos institucionais.","institucionais, informação, implantar, monitora, r, política, arquivística, ufmg"
PDI_UFMG,PDI UFMG.pdf,181,academica_formativa,"criada em julho de , com o objetivo de editar obras de valor científico e cultural como bens intangíveis representativos do trabalho de ensino, pesquisa e editoras mais atuantes do país.","criada, julho, objetivo, editar, obras, valor, científico, bens"
PDI_UFMG,PDI UFMG.pdf,182,diversidade_inclusao,"derivado de u ma política editorial fundada em uma perspectiva contemporânea e multidisciplinar, o catálogo da editora ufmg espelha, por um lado mais abrangente, o avanço do conhecimento científico internacional e, mais localmente, o crescimento dos traduz, por meio da diversidade e da qualidade das obras e autores publicados, no âmbito nac ional e internacional, o intercâmbio científico -cultural que predomina em nosso ambiente acadêmico.","mais, científico, internacional, derivado, u, ma, política, editorial"
PDI_UFMG,PDI UFMG.pdf,183,academica_formativa,"editar obras de valor científico e cultural que expressassem o trabalho de ensino, pesquisa e extensão da própria universidade, bem como obras de autores nacionais e estrangeiros que se articulem com a produção acadêmica da instituição.","obras, editar, valor, científico, expressassem, trabalho, ensino, pesquisa"
PDI_UFMG,PDI UFMG.pdf,184,organizacional_gestao,"em , por iniciativa de seus instituidores, a responsabilidade de sua gestão foi transferida à ufmg, dando início a um período de ampliação de s uas ações em que passou a gerir e colaborar com projetos importantes da área da cultura.","iniciativa, instituidores, responsabilidade, gestão, transferida, ufmg, dando, início"
PDI_UFMG,PDI UFMG.pdf,185,indefinido,"em , a frmfa foi credenciada como fundação de apoio da ufmg, atuando em especial na área da cultura, tornando-se apta a gerir projetos, iniciativas, cursos e eventos das mais diversas áreas do segmento cultural na ufmg e demais instituições apoiadas.","ufmg, frmfa, credenciada, fundação, apoio, atuando, especial, área"
PDI_UFMG,PDI UFMG.pdf,186,indefinido,) e à cultura (seção .,seção
PDI_UFMG,PDI UFMG.pdf,187,indefinido,"em março de , foi incorporado à ufmg, por meio da resolução № / , de de março de , do conselho universitário, passando a funcionar na s dependências da atuação que passaria a abranger além da geologia, temas das áreas de turismo, cartografia histórica e cultural.","março, incorporado, ufmg, meio, resolução, conselho, universitário, passando"
PDI_UFMG,PDI UFMG.pdf,188,indefinido,"cabe destacar que a casa da glória é um edifício de importância histórico - cultural, representando o símbolo da cidade de diamantina -mg para o brasil.","cabe, destacar, casa, glória, é, edifício, importância, histórico"
PDI_UFMG,PDI UFMG.pdf,189,artistica_patrimonial,"atualmente, toda a edificação está sob a responsabilidade administrativa do instituto de o instituto casa da glória hoje apoia a realização de projetos de pesquisa, cursos atividades e eventos artísticos, culturais e de outras áreas de conhecimento da ufmg e outras instituições.","instituto, outras, atualmente, toda, edificação, está, sob, responsabilidade"
PDI_UFMG,PDI UFMG.pdf,190,indefinido,"n a área de produção vegetal, incluem-se as atividades de produção de milho, sorgo, mandioca, frutas (banana, cacau, coco, uva, laranja, frutas nativas e etc.), hortaliças, palma forrageira, cana de açúcar, capim, além de outras culturas experimentais.","produção, frutas, n, área, vegetal, incluem, atividades, milho"
PDI_UFMG,PDI UFMG.pdf,191,indefinido,"culturas como so rgo, milho e cana de açúcar somam menos de % da área da fazenda, a produção de frutas, verduras e hortaliças não chega a % de ocupação de área e existe cerca de % de floresta plantada (principalmente eucalipto).","área, so, rgo, milho, cana, açúcar, somam, menos"
PDI_UFMG,PDI UFMG.pdf,192,indefinido,"grandes culturas (milho, trigo e sorgo), plantas medicinais, olericultura, frutíferas e forragicultura.","grandes, milho, trigo, sorgo, plantas, medicinais, olericultura, frutíferas"
PDI_UFMG,PDI UFMG.pdf,193,artistica_patrimonial,"democracia cultural, por meio da produção, expressão e fruição das culturas, artes e ciências.","democracia, meio, produção, expressão, fruição, artes, ciências"
PDI_UFMG,PDI UFMG.pdf,194,artistica_patrimonial,"desenvolve atividades na esfera de todas as manifestações da arte e da cultura, por meio de projetos de ensino, de pesquisa, de extensão e de cooperação com instituições públicas e privadas de tiradentes e de outras cidades da região.","desenvolve, atividades, esfera, todas, manifestações, arte, meio, projetos"
PDI_UFMG,PDI UFMG.pdf,195,indefinido,"(frmfa), que é vinculada à universidade desde , e institucionalizado em , funcionamento dos espaços culturais e museológicos nos bens imóveis da frmfa.","frmfa, é, vinculada, desde, institucionalizado, funcionamento, espaços, museológicos"
PDI_UFMG,PDI UFMG.pdf,196,indefinido,"torna-se mais presente na cidade promovendo uma rica e diversificada programação cultural, apoiando a realização de inúmeros eventos culturais, bem como estabelecendo parcerias com age ntes culturais, entidades governamentais e a sociedade civil.","torna, mais, presente, cidade, promovendo, rica, diversificada, programação"
PDI_UFMG,PDI UFMG.pdf,197,indefinido,"o campus cultural recebe cerca de mil visitantes anualmente e desenvolve, em cooperação com agentes culturais, múltiplas ações, projetos e iniciativas de produção do conhecimento, buscando a transversalidade e a democratização da cultura.","campus, recebe, cerca, mil, visitantes, anualmente, desenvolve, cooperação"
PDI_UFMG,PDI UFMG.pdf,198,indefinido,"além festivais culturais em tiradentes e recebe, anualmente, cerca de grupos escolares e mil alunos de escolas públicas, estaduais e municipais da região.","além, festivais, tiradentes, recebe, anualmente, cerca, grupos, escolares"
PDI_UFMG,PDI UFMG.pdf,199,artistica_patrimonial,"seus espaços, distribuídos nos campi da ufmg, possuem distintos perfis e dispõem de acervos e coleções constituídos nos mais de anos da ufmg, atrelados a vários campos do conhecimento, cuja diversidade responde a suas funções educacionais, científicas e culturais, como suporte às atividades de ensino, pesquisa e extensão .","ufmg, espaços, distribuídos, campi, possuem, distintos, perfis, dispõem"
PDI_UFMG,PDI UFMG.pdf,200,artistica_patrimonial,"da escola de engenharia da ufmg, com objetivo d e recuperar, reunir e manter o acervo técnico-científico e cultural da escola de engenharia.","escola, engenharia, ufmg, objetivo, d, recuperar, reunir, manter"
PDI_UFMG,PDI UFMG.pdf,201,organizacional_gestao,"(eaaufmg) é um espaço cultural da procult e tem como missão a diferentes contextos – obras artísticas da ufmg que se encontram sob tutela administrativa do eaaufmg e obras artísticas da ufmg patrimoniadas nas diversas unidades da ufmg, que não se encontram sob tutela administrativa ea aufmg, mas sobre as quais se opera, em gestão compartilhada.","ufmg, eaaufmg, obras, artísticas, encontram, sob, tutela, administrativa"
PDI_UFMG,PDI UFMG.pdf,202,artistica_patrimonial,"missão a promoção da democracia cultural, por meio da produção, expressão e fruiçã o das culturas, artes e ciências.","missão, promoção, democracia, meio, produção, expressão, fruiçã, artes"
PDI_UFMG,PDI UFMG.pdf,203,artistica_patrimonial,"(marq/ufmg), fundado em , o museu teve com o acervo inicial a acervo, que reúne cerca de peças, está instalado em espaços no interior do prédio da escola d e arquitetura, edificação que por si só se constitui em um bem histórico -cultural, com projeto integrado ao movimento moderno de arquitetura, datado do início da década de , assinado pelo arquiteto shakespeare gomes, em parceria com o arquiteto do conhecimento matemático a partir de uma perspectiva recreativa.","acervo, arquitetura, arquiteto, marq, ufmg, fundado, museu, teve"
PDI_UFMG,PDI UFMG.pdf,204,organizacional_gestao,"• elaborar e implementar, em diálogo com a comunidade, uma política para a gestão do patrimônio científico e cultural da ufmg.","elaborar, implementar, diálogo, comunidade, política, gestão, patrimônio, científico"
PDI_UFMG,PDI UFMG.pdf,205,organizacional_gestao,"todo o processo de trabalho da cpa, que tem por finalidade promover a cultura de autoavaliação e subsidiar os processos de avaliação externa, está consolidado nos relatórios de autoavaliação institucional, assim com o os resultados analisados pela comissão.","autoavaliação, todo, processo, trabalho, cpa, tem, finalidade, promover"
PDI_UFMG,PDI UFMG.pdf,206,indefinido,"e a cpa, por sua vez, consolida as informações das avaliações internas e externas, produz análises, além de promover a cultura de autoavaliação na instituição.","cpa, vez, consolida, informações, avaliações, internas, externas, produz"
PDI_UFMG,PDI UFMG.pdf,207,indefinido,iv) a adoção de estratégias de comunicação e práticas informacionais compatíveis com as mudanças decorrentes da cultura da conexão e v) o estímulo à construção de uma cultura de pertencimento à universidade ainda a partir da graduação como um dos eixos da política de relacionamento com egressos.,"iv, adoção, estratégias, comunicação, práticas, informacionais, compatíveis, mudanças"
PDI_UFMG,PDI UFMG.pdf,208,organizacional_gestao,"a partir da necessidade de se dotar a ufmg de um órgão especializado em governança de dados, visando a melhoria da qualidade do insumo informacional e a difusão da cultura de interoperabilidade, essenciais para a produção contemporânea das políticas públic as em educação superior e pesquisa, foi criado, metódica e sistemática de dados institucionais sobre desempenho acadêmico e a comparação com out ras instituições de ensino superior, tendo como objetivo o assessoramento permanente à administração central da ufmg, no tocante à governança institucional de dados.","dados, ufmg, governança, superior, partir, necessidade, dotar, órgão"
PDI_UFMG,PDI UFMG.pdf,209,organizacional_gestao,"difundir a cultura da interoperabilidade e da gestão baseada em evidências entre as diferentes atividades administrativa s da ufmg, na busca por um incremento da eficiência na governança acadêmica da universidade;","difundir, interoperabilidade, gestão, baseada, evidências, diferentes, atividades, administrativa"
PDI_UFMG,PDI UFMG.pdf,210,indefinido,"a participação da universidade em processos avaliativos como arcu -sul, é muito importante para facilitar a movimentação de estudantes e docentes entre as instituições acreditadas, o intercâmbio científico e cultural e o desenvolvimento da cultura de avaliação para impulsionar a qualidade da educação superior, entre outros.","participação, processos, avaliativos, arcu, sul, é, muito, importante"
PDI_UFMG,PDI UFMG.pdf,211,organizacional_gestao,"• avaliar de forma integrada o desempenho acadêmico da ufmg, visando à proposição de políticas intersetoriais que melhorem a governança universitária, fomentando a cultura de interoperabilidade entre as estruturas administrativas da universidade.","avaliar, forma, integrada, desempenho, acadêmico, ufmg, visando, proposição"
PDI_UFMG,PDI UFMG.pdf,212,indefinido,"atuar na construção de estratégias para o fortalecimento de uma cultura de avalição na ufmg, por meio de maior espaço de comunicação e reflexão junto à comunidade acadêmica.","atuar, construção, estratégias, fortalecimento, avalição, ufmg, meio, maior"
PDI_UFMG,PDI UFMG.pdf,213,artistica_patrimonial,"estudos literários matemática medicamentos e assistência farmacêutica - - - - - - - - - - - - - - medicina molecular - - - - - - - - - - - medicina veterinária - - - - - - - - - - - - - - microbiologia música - neurociências - - - - - - - - nutrição e saúde - - - - - - - - - - - - - - - odontologia odontologia em saúde pública - - - - - - - - - - - - - - - (continua) parasitologia patologia produção vegetal - - - - - - - psicologia química saúde da mulher saúde pública sociologia zoologia - - - - - - - - - - - - - zootecnia total (conclusão) tabela – número de egressos da especialização, de a auditoria externa e interna - - - - - automação industrial - - - - - - - - - - avanços clínicos em fisioterapia - - - - - - práticas hospitalares avançadas - - - - citopatologia - - - - - - - - - - - - - - - - - - - - - midiáticos - - - - - - - - - - - - - - - (continua) construção civil - - dentística - - - - - - - - - - - - - - - - - - - básica - - - - - - - - - - - - - - - - - - - - - - educação em ciências - - - - - - - - - - - fundamental i - - - - - - - - - - - - - - - - - - - - - - (continua) endocrinologia pediátrica - - - - - - - - - endodontia - - - - - - - - - - - - - - enfermagem obstétrica - - - - - - - engenharia de recursos minerais - - - - - - - - - - - - - - - - engenharia de segurança do trabalho - - - - - - - - - - - - - saúde - - - - - - - - - - - - - - - - - - - - - ergonomia - - - - - - - - - - - - - - (continua) estatística - - - - - - - - - - estomatologia - - - - - - - - - - - - - - - - - - - - estruturas - farmacologia - - - - - - - - - - - - - - - farmacoquimica - - - - - - - - - - - - - - - - - - - - - fisioterapia - - - - - - - - - - - - - - - - - - fonoaudiologia - - - - - - - - - - - - - - - - - - - - - - formação de educadores em saúde - - - - - - - - - gastroenterologia pediátrica - - - - - - - - - geoprocessamento - - - - - - - - - (continua) gerenciamento de recursos hídricos - - - - - - - - - - - - - - - gestão e arquitetura da informação - - - - - - - - - - - - - - - gestão estratégica gestão estratégica da informação - - - - de saúde - - - - - - - - - - - - - - - - - - - - contemporâneas - - - - - - - - - - - - - - - (continua) história da cultura e da arte - - - - - - - - - - - - - - - implantodontia - - - - - - - - - - - - - - - informática - - - lazer - - - - - - - - - - - língua inglesa - e produção de textos - - - - - - - - - - - - eleitoral - - - - - - - - - - - - - - matemática - matemática para professores - - - - - - - - - microbiologia aplicada - - - - - - - - - - microeletrônica - - - - - - - - - - - - - - - - - - - - - (continua) música - - - - - - - - - - - - - neurociências e suas fronteiras - - - - - - - odontopediatria - - - - - - - - - - - - - - - - - - - - oftalmologia - - - - - - - - - - - - - - - - - - ortodontia - - - - - - - - - - - - - - periodontia - - - - - - - - - - - - - - - - - políticas públicas - - - - - - - - - - preparação física e esportiva - - - - - - prevenção e controle de infecções - - - - - - - - - - - - - (continua) psicologia do trabalho - - - - - - - - - - - - radiologia odontológica e imaginologia - - - - - - - - - - - - - - recursos hídricos e ambientais - - - - - - redes de telecomunicações - - - - - - - - - - - - - - residência em medicina veterinária i - - - - - - - - - - - residência em medicina veterinária ii - - - - - - - - - - - - - - - - - revitalização urbana e arquitetônica - - - - - - - - - - - saneamento e meio ambiente - - - - - - - - - - saúde coletiva - - - - - - - - - - - - - - saúde da família i - - - - - - - - - - - saúde da família ii - - - - - - - - - - - - - - - saúde do adolescente - - - - - - - - saúde pública - - - - - - - - - - - - - - sistemas de energia elétrica - - - - - - - - - - - - - (continua) soldagem - - - - - - - - - - - - - - - - - - - sustentabilidade do ambiente construído - - - - - - - - - - - - - - - temas filosóficos - - - - - - - - - teoria psicanalítica - - - - terapia ocupacional - - - - - - - - - - - - - - turismo e desenvolvimento sustentável - - - - - - - - - - - - - - - - urbanismo - - - - - - - - - - - - - - - - - - - - - - total (conclusão) tabela – número de matrículas em cursos de mestrado, de a administração antropologia - - - - - - análises clínicas e toxicológicas - - - - - - - - - - - - - arquitetura e urbanismo artes artes/mp - - - - - - - - - - - - - - - - - - bioinformática - - - - - - - - - - - - - biologia celular biologia vegetal bioquímica e imunologia ciência animal - - - - - - - ciência da computação ciência da informação ciência de alimentos ciência política (continua) ciências da reabilitação - - ciências do esporte ciências e técnicas nucleares ciências farmacêuticas ciências fonoaudiológicas - - - - - - - - - - - - - comunicação social construção civil - - - - - controladoria e contabilidade - - - - - - - demografia dermatologia - - - - - - - - - - - - - - - - - - - - - direito economia (continua) educação e docência - - - - - - - - - - - - - - enfermagem engenharia de estruturas engenharia de produção engenharia elétrica engenharia mecânica engenharia química estatística estudos do lazer - - - - - - - estudos linguísticos filosofia física genética geografia geologia (continua) geotecnia e transportes - - - - - - - - - gestão e organização do conhecimento - - - - - - - - - - - - - - - - história letras - - - - - - - - - - - - - letras:","saúde, continua, engenharia, ciências, ciência, medicina, gestão, estudos"
PDI_UFOP,PDI UFOP.pdf,1,inovacao_empreendedorismo,coordenador do núcleo de inovação t ecnológica usemobile – desenvolvimento de aplicativos para android e io resolução cuni de de dezembro de pessoal superior sanitária música internacionais patrimoniais de graduação das engenharias distância preto gerais extensão animais segurança t ecnológico dados automação biológicas aplicadas gerenciais minas e social museologia de estudantes estudantis sobre álcool e outras drogas aplicadas sociais aplicadas cultura superior águas educação empreendedorismo informação biológicas disciplinares educação graduação t ecnológico institucional universidades estudantil especiais estudantil informação educação comunicação um centro de processamento de dados grosso preto figura :,"t, aplicadas, educação, superior, graduação, preto, ecnológico, dados"
PDI_UFOP,PDI UFOP.pdf,2,inovacao_empreendedorismo,"segundo nosso pdi, temos como missão produzir e disseminar o conhecimento científico, tecnológico, social, cultural, patrimonial e ambiental e contribuir para a formação do sujeito como profissional ético, crítico-reflexivo, criativo, empreendedor, humanista e agente de mudança na construção de uma sociedade justa, desenvolvida socioe - conomicamente, soberana e democrática.","segundo, nosso, temos, missão, produzir, disseminar, conhecimento, científico"
PDI_UFOP,PDI UFOP.pdf,3,inovacao_empreendedorismo,"missão - produzir e disseminar o conhecimento científico, tecnológico, social, cultural, patrimonial e ambiental, contribuindo para a formação do sujeito como profissional ético, crítico-reflexivo, criativo, empreendedor, humanista e agente de mudança na construção de uma sociedade justa, desenvolvida socioeconomicamente, soberana e democrática.","missão, produzir, disseminar, conhecimento, científico, tecnológico, social, patrimonial"
PDI_UFOP,PDI UFOP.pdf,4,indefinido,"visão - ser uma universidade de excelência e reconhecida pela produção e integração acadêmica, científica, tecnológica e cultural, comprometida com o desenvolvimento humano e socioeconômico do país.","visão, excelência, reconhecida, produção, integração, acadêmica, científica, tecnológica"
PDI_UFOP,PDI UFOP.pdf,5,artistica_patrimonial,"• preservação do patrimônio artístico, histórico e cultural;","preservação, patrimônio, artístico, histórico"
PDI_UFOP,PDI UFOP.pdf,6,artistica_patrimonial,"a instituição busca, especialmente por meio da extensão, desenvolver atividades afins com seus diversos públicos, priorizando o diálogo da universidade com a sociedade e fortalecendo atividades culturais e artísticas.","atividades, instituição, busca, especialmente, meio, extensão, desenvolver, afins"
PDI_UFOP,PDI UFOP.pdf,7,academica_formativa,"graduação, que objetiva a formação de recursos humanos, possibilitando a cidadãos de países com os quais o brasil mantém acordos educacionais ou culturais realizarem estudos em nível de graduação nas instituições de ensino superior brasileiras;","graduação, objetiva, formação, recursos, humanos, possibilitando, cidadãos, países"
PDI_UFOP,PDI UFOP.pdf,8,artistica_patrimonial,"extensão e cultura a ufop também se destaca pela sua relação com a sociedade, estabelecida por meio de ações desen - volvidas por professores, técnicos-administrativos e alunos, conforme a resolução cepe/ufop .","ufop, extensão, também, destaca, relação, sociedade, estabelecida, meio"
PDI_UFOP,PDI UFOP.pdf,9,artistica_patrimonial,enquandram-se no conceito de extensão e atendem as demandas da atividades culturais e artísticas:,"enquandram, conceito, extensão, atendem, demandas, atividades, artísticas"
PDI_UFOP,PDI UFOP.pdf,10,indefinido,do gênero em todo o país e acontece simultaneamente em duas das mais importantes cidades históricas de pela lei de incentivo à cultura.,"gênero, todo, país, acontece, simultaneamente, duas, mais, importantes"
PDI_UFOP,PDI UFOP.pdf,11,diversidade_inclusao,"concebido com a intenção de promover o diálogo entre autor e público participante, objetivo é promover a valorização da identidade, da diversidade e da literatura produzida pelos países de língua portuguesa, por meio da cooperação mútua entre brasil, portugal e demais nações fundamentais para a formação da cultura brasileira.","promover, concebido, intenção, diálogo, autor, público, participante, objetivo"
PDI_UFOP,PDI UFOP.pdf,12,artistica_patrimonial,"demonstrativo das ações da extensão por eixo temático e público atingido, no ano de ações de extensão em comunicação cultura .","ações, extensão, demonstrativo, eixo, temático, público, atingido, ano"
PDI_UFOP,PDI UFOP.pdf,13,inovacao_empreendedorismo,"t ecnologia e inovação o destaque da ufop no tema da inovação deve-se ao seu núcleo de inovação tecnológica e sua incu - badora de empresas, responsáveis por estimular e promover na universidade as políticas e ações de inovação, e vários programas de incentivo à inovação para alunos e servidores, dentre eles o programa de incentivo à desde sua criação, em , o nite tem desenvolvido ações de captação e proteção dos ativos de propriedade intelectual gerados na ufop , além de induzir a cultura empreendedora no ambiente acadêmico em todos os níveis de conhecimento.","inovação, ufop, ações, incentivo, t, ecnologia, destaque, tema"
PDI_UFOP,PDI UFOP.pdf,14,inovacao_empreendedorismo,"até o presente momento, a universidade tem recebido royalties de duas tecnologias já transferidas, tornando-se parte de um seleto grupo de universidades com essa cultura de empreendedorismo e de inovação cientifica e tecnológica.","até, presente, momento, tem, recebido, royalties, duas, tecnologias"
PDI_UFOP,PDI UFOP.pdf,15,diversidade_inclusao,"a universidade e o mundo atual pensar a natureza e a qualidade da formação universitária que se pretende oferecer aos estudantes exige sempre um esforço de reflexão sobre os princípios humanos, filosóficos, sociais e culturais que orientam as práticas pedagógicas desenvolvidas pela instituição e as suas relações com os desafios presentes e futuros de nossa sociedade.","mundo, atual, pensar, natureza, qualidade, formação, universitária, pretende"
PDI_UFOP,PDI UFOP.pdf,16,academica_formativa,"devido ao escopo e ao ritmo das mudanças em curso, a sociedade tende cada vez mais a fundamentarse no conhecimento, de modo que a educação superior e a pesquisa atuam hoje como parte fundamental do desenvolvimento cultural, socioeconômico e ecologicamente sustentável dos sujeitos, comunidades e nações.","devido, escopo, ritmo, mudanças, curso, sociedade, tende, cada"
PDI_UFOP,PDI UFOP.pdf,17,inovacao_empreendedorismo,"preto para que possamos avançar na conquista de uma universidade que visa “produzir e disseminar o conhecimento científico, tecnológico, social, cultural, patrimonial e ambiental, contribuindo para a formação do sujeito como profissional ético, crítico-reflexivo, criativo, empreendedor, humanista e agente de mudança na construção de uma sociedade justa, desenvolvida socioeconomicamente, soberana e democrática”, será preciso reconhecer que a ação pedagógica está presente em todas as dimensões que caracterizam o fazer quotidiano da vida universitária.","preto, possamos, avançar, conquista, visa, produzir, disseminar, conhecimento"
PDI_UFOP,PDI UFOP.pdf,18,academica_formativa,"aulas, congressos, seminários, eventos acadêmicos e culturais, atividades estudantis, projetos de ensino, projetos de pesquisa, extensão universitária, atividades de lazer e vivências quotidianas, atividades esportivas, representação universitária, etc.","atividades, projetos, universitária, aulas, congressos, seminários, eventos, acadêmicos"
PDI_UFOP,PDI UFOP.pdf,19,indefinido,"a prática permanente de avaliação e revisão dos projetos pedagógicos a avaliação do ppi dos cursos e a revisão permanente de seus projetos pedagógicos e de seus currículos significa reconhecer que esses artefatos constituem sempre uma construção histórica e cultural que sofre, ao longo do tempo, transformação em suas definições.","permanente, avaliação, revisão, projetos, pedagógicos, prática, ppi, cursos"
PDI_UFOP,PDI UFOP.pdf,20,indefinido,"• saber atuar de forma crítica e criativa na identificação e resolução de problemas, considerando seus aspectos científicos, técnicos, políticos, econômicos, sociais, ambientais e culturais, com visão ética e humanística, em atendimento às demandas da sociedade;","saber, atuar, forma, crítica, criativa, identificação, resolução, problemas"
PDI_UFOP,PDI UFOP.pdf,21,indefinido,"por isso, o processo de internacionalização tem feito cada vez mais parte do ambiente acadêmico e cultural da ufop .","isso, processo, internacionalização, tem, feito, cada, vez, mais"
PDI_UFOP,PDI UFOP.pdf,22,inovacao_empreendedorismo,"o objetivo é que ele contribua para a produção de conhecimento científico, tecnológico, social, cultural, patrimonial e ambiental e propague a inserção da instituição no meio científico internacional.","científico, objetivo, é, ele, contribua, produção, conhecimento, tecnológico"
PDI_UFOP,PDI UFOP.pdf,23,academica_formativa,"as universidades brasileiras, de modo geral, estão aprendendo o que é internacionalização acadêmica, e o esforço principal da ufop é criar uma cultura de internacionalização que seja vista como algo comum dentro do am - biente acadêmico, um passo inevitável para o processo de formação de todos os alunos e pesquisadores.","é, internacionalização, brasileiras, modo, geral, estão, aprendendo, acadêmica"
PDI_UFOP,PDI UFOP.pdf,24,academica_formativa,"desenvolve processos educativos, culturais e científicos que articulam o ensino e a pesquisa de forma indissociável e viabiliza a relação transformadora entre universidade e sociedade, por meio de atividades que envolvem servidores e alunos na articulação com instituições públicas e privadas, bem como com entidades organizadas da sociedade civil.","sociedade, desenvolve, processos, educativos, científicos, articulam, ensino, pesquisa"
PDI_UFOP,PDI UFOP.pdf,25,organizacional_gestao,"responsáveis pela estruturação do plano institucional de cultura, também estabelecem diretrizes e normas e pronunciam sobre assinaturas de convênios, acordos e contratos referentes à extensão.","responsáveis, estruturação, plano, também, estabelecem, diretrizes, normas, pronunciam"
PDI_UFOP,PDI UFOP.pdf,26,indefinido,"na área cultural e de projetos especiais, estimulando o interesse técnico, social, científico e cultural.","área, projetos, especiais, estimulando, interesse, técnico, social, científico"
PDI_UFOP,PDI UFOP.pdf,27,indefinido,"atende às atividades acadêmicas e administrativas com a disponibilização de veículos para viagens curriculares, culturais e administrativas.","administrativas, atende, s, atividades, acadêmicas, disponibilização, veículos, viagens"
PDI_UFOP,PDI UFOP.pdf,28,indefinido,"como setor dedicado às ações de internacionalização, a caint busca, permanentemente, promover e consolidar uma cultura de internacionalização que passe por todos os setores acadêmicos e administrativos da universidade, desde o aprimoramento de idiomas estrangeiros de toda a comunidade acadêmica até a flexibilização de currículos e o estabelecimento de acordos de mobilidade acadêmica, duplo-diploma e cotutela com instituições estrangeiras.","internacionalização, acadêmica, setor, dedicado, s, ações, caint, busca"
PDI_UFOP,PDI UFOP.pdf,29,artistica_patrimonial,"a cci é responsável pelo desenvolvi - mento de iniciativas voltadas para o relacionamento com os setores internos da instituição visando à constante construção e aperfeiçoamento da sua relação com a comunidade externa, para o gerenciamento de crises, para o monitoramento de sua imagem perante a sociedade de forma geral e para o reforço do sentido de pertenci - e o cine vila rica têm como princípio servir de interlocução entre a academia e a comunidade, difundindo e produzindo programas voltados para educação, cultura, preservação da memória e da história regional e nacional, veiculação de produção musical de qualidade, incentivo ao debate e a reflexão, divulgação de projetos e de resultados de pesquisa científica, campanhas de conscientização e de cidadania.","comunidade, cci, é, responsável, desenvolvi, mento, iniciativas, voltadas"
PDI_UFOP,PDI UFOP.pdf,30,artistica_patrimonial,"no que diz respeito aos processos de qualificação dos docentes, as capacitações ocorrem a partir de uma perspectiva que incorpora com rigor os valores acadêmicos, científicos, artísticos e ético-culturais, tal como proposto pela propp.","diz, respeito, processos, qualificação, docentes, capacitações, ocorrem, partir"
PDI_UFOP,PDI UFOP.pdf,31,organizacional_gestao,"prevenção e combate às drogas, nutrição, exames laboratoriais, y oga, acompanhamento de gestantes e prevenção de câncer, formação em ciências, inclusão, estética, reciclagem, acesso jurídico, cidadania, gestão de riscos, atendimento às vítimas da queda da barragem em bento rodrigues, oficinas culturais, arte, música, história e sociedade.","prevenção, s, combate, drogas, nutrição, exames, laboratoriais, y"
PDI_UFOP,PDI UFOP.pdf,32,indefinido,"neste sentido, o pdi ufop - foi construído como instrumento norteador de políticas e de ações estratégicas para a produção acadêmica, científica, tecnológica e cultural da ufop e, consequentemente, para a promoção do desenvolvimento humano e socioeconômico do país.","ufop, neste, sentido, construído, instrumento, norteador, políticas, ações"
PDI_UFOP,PDI UFOP.pdf,33,organizacional_gestao,"a metodologia de construção do documento considerou tanto os fundamentos de planejamento como a cultura de colaboração entre estudantes e servidores, para conhecer e identificar as forças, oportunidades, fraquezas, ameaças e, assim, definir as estratégias e o rumo da instituição.","metodologia, construção, documento, considerou, tanto, fundamentos, planejamento, colaboração"
PDI_UFOP,PDI UFOP.pdf,34,indefinido,• aumento do número de participantes de atividades culturais extensionistas.,"aumento, número, participantes, atividades, extensionistas"
PDI_UFOP,PDI UFOP.pdf,35,inovacao_empreendedorismo,"ufop na área de inovação, especialmente buscando a ampliação do registro de patentes, difusão da cultura empreendedora e sensibilização para as possibilidades de vinculação da pesquisa com problemas enfrentados pelos diversos setores da sociedade.","ufop, área, inovação, especialmente, buscando, ampliação, registro, patentes"
PDI_UFOP,PDI UFOP.pdf,36,indefinido,• produtos culturais.,produtos
PDI_UFOP,PDI UFOP.pdf,37,academica_formativa,"metas • ampliar para % a proporção de docentes efetivos da ufop com coordenação de projetos de pesquisa ou de projetos culturais, em vigência, financiados por instituições de fomento (valor de referência de ).","projetos, metas, ampliar, proporção, docentes, efetivos, ufop, coordenação"
PDI_UFOP,PDI UFOP.pdf,38,academica_formativa,"• ampliar em %, a cada dois anos, a proporção de docentes efetivos da ufop com coordenação de projetos de pesquisa ou culturais financiados por instituições de fomento (valor de referência de ).","ampliar, cada, dois, anos, proporção, docentes, efetivos, ufop"
PDI_UFOP,PDI UFOP.pdf,39,inovacao_empreendedorismo,"• fortalecimento do nite, intensificando a atuação da ufop na área de inovação, especialmente buscando a ampliação do registro de patentes, a difusão da cultura empreendedora e a sensibilização para as possibi - lidades de vinculação da pesquisa com problemas enfrentados pelos diversos setores da sociedade, não se limitando a servir o mercado e o setor produtivo.","fortalecimento, nite, intensificando, atuação, ufop, área, inovação, especialmente"
PDI_UFOP,PDI UFOP.pdf,40,artistica_patrimonial,"• divulgação da ciência, arte e cultura, estimulando a comunicação científica através de rádio, tv e internet.","divulgação, ciência, arte, estimulando, comunicação, científica, através, rádio"
PDI_UFOP,PDI UFOP.pdf,41,academica_formativa,"• proporção de docentes da ufop com coordenação de projetos de pesquisa ou culturais, vigentes, financiados por instituições de fomento.","proporção, docentes, ufop, coordenação, projetos, pesquisa, vigentes, financiados"
PDI_UFOP,PDI UFOP.pdf,42,artistica_patrimonial,"• divulgação da ciência, arte e cultura, estimulando a comunicação científica através de rádio, tv e internet.","divulgação, ciência, arte, estimulando, comunicação, científica, através, rádio"
PDI_UFOP,PDI UFOP.pdf,43,organizacional_gestao,"visando o fortalecimento do sistema em curso, possíveis melhorias e a garantia de um espaço institucional para consolidação dessa cultura na ufop , seguem os objetivos, metas, ações e indicadores do eixo temático .","visando, fortalecimento, sistema, curso, possíveis, melhorias, garantia, espaço"
PDI_UFOP,PDI UFOP.pdf,44,indefinido,"educação, a cidadania, a cultura e o meio ambiente.","educação, cidadania, meio, ambiente"
PDI_UFOP,PDI UFOP.pdf,45,inovacao_empreendedorismo,"• estimular a formação integral dos(as) estudantes mediante ações que possibilitem reflexões crítico-criativas nos aspectos acadêmico, cultural, esportivo, artístico, político, científico e tecnológico.","estimular, formação, integral, estudantes, mediante, ações, possibilitem, reflexões"
PDI_UFOP,PDI UFOP.pdf,46,indefinido,"conjunto de ações e serviços capazes de garantir ao estudante qualidade de vida, saúde, esporte, cultura e lazer, valorizando a integração estudantil e as manifestações culturais.","conjunto, ações, serviços, capazes, garantir, estudante, qualidade, vida"
PDI_UFOP,PDI UFOP.pdf,47,indefinido,preendimentos culturais.,preendimentos
PDI_UFOP,PDI UFOP.pdf,48,indefinido,"hoje, apesar de a caint ainda contar com uma equipe reduzida de profissionais, diversas propostas estratégicas foram e têm sido desenvolvidas e os números mostram uma tendência cada vez maior de ações, mobilidades e projetos que instigam a construção de uma cultura de internacionalização bastante proveitosa para a instituição.","hoje, apesar, caint, ainda, contar, equipe, reduzida, profissionais"
PDI_UFOP,PDI UFOP.pdf,49,inovacao_empreendedorismo,"o objetivo principal da caint para os próximos anos é colocar a internacionalização como parte intrínseca do ambiente acadêmico e cultural da comunidade ufop , colaborando para produção do conhecimento científico, tecnológico, social, cultural, patrimonial e ambiental, e aumentando a inserção da ufop no universo científico internacional.","ufop, científico, objetivo, principal, caint, próximos, anos, é"
PDI_UFOP,PDI UFOP.pdf,50,inovacao_empreendedorismo,"objetivo t er a internacionalização como parte intrínseca do ambiente acadêmico e cultural da comunidade ufop , colaborando para a produção do conhecimento científico, tecnológico, social, cultural, patrimonial e ambiental, e aumentando a inserção da ufop no universo científico internacional.","ufop, científico, objetivo, t, er, internacionalização, parte, intrínseca"
PDI_UFOP,PDI UFOP.pdf,51,academica_formativa,"extensão a extensão universitária apresenta-se, no cenário nacional, reconhecida, sob o princípio constitucional da indissociabilidade entre ensino, pesquisa e extensão e, mediante os debates no 27º e 28º encontros nacionais como um processo interdisciplinar, educativo, cultural, científico e político que promove a interação transformadora entre a universidade e os outros setores da sociedade.","extensão, universitária, apresenta, cenário, nacional, reconhecida, sob, princípio"
PDI_UFOP,PDI UFOP.pdf,52,diversidade_inclusao,"dessa forma, a ufop , seguindo a tendência do cenário nacional, desenvolve suas atividades de extensão enquanto prática acadêmica, com vistas à promoção e à garantia dos valores democráticos, da equidade e do desenvolvimento da sociedade em suas dimensões humana, ética, econômica, cultural e social.","dessa, forma, ufop, seguindo, tendência, cenário, nacional, desenvolve"
PDI_UFOP,PDI UFOP.pdf,53,artistica_patrimonial,"é responsável por desenvolver e apoiar ações na área de cultura e arte, ligadas à extensão de iniciativa da própria ufop ou externa, e por dar suporte à realização de eventos da universidade, incluindo serviços de sonorização e projeção, além da cessão de tendas.","é, responsável, desenvolver, apoiar, ações, área, arte, ligadas"
PDI_UFOP,PDI UFOP.pdf,54,artistica_patrimonial,"é a responsável por articular, coordenar e acompanhar ações focadas na área cultural e projetos espe - é a responsável por solicitação de pagamentos, transporte, empenhos e aquisição de materiais, bem como pelo controle orçamentário das ações extensionistas aprovadas no âmbito do proext (programa de ex - a extensão na ufop , diante da leitura do cenário atual, planeja, nos próximos dez anos, dar continuidade ao desenvolvimento do trabalho construído coletivamente, complementando os esforços atuais e alcançando objetivos sólidos que se transformem em novos pontos de partida.","é, responsável, ações, articular, coordenar, acompanhar, focadas, área"
PDI_UFOP,PDI UFOP.pdf,55,indefinido,"da qualidade acadêmica, científica e cultural, considerando as características nacionais e regionais das cidades é uma importante medida que produz novos conhecimentos e permite um diagnóstico contínuo e uma constante reflexão acerca das práticas educacionais e administrativas da instituição.","qualidade, acadêmica, científica, considerando, características, nacionais, regionais, cidades"
PDI_UFRRJ,PDI UFRRJ.pdf,1,academica_formativa,t otal de estratégias realizadas por subeixo nº sub-eixos estratégias de potencialidade/ oportunidade estratégia de reforço para sanar as deficiências estratégia defensiva/ confronto estratégia para vencer vulnerabilidade/ defensiva planejamento extensão c om u n ic a ç ã o in stitu c ion a l pessoal sustentabilidade internacionalização logística inovação ensino cultural pesquisa total quadro – estratégias realizadas por subeixos.,"estratégias, estratégia, realizadas, n, defensiva, c, t, otal"
PDI_UFRRJ,PDI UFRRJ.pdf,2,organizacional_gestao,ampliar e estimular a cultura de gestão de riscos e pessoas que se adeque aos conceitos de governança.,"ampliar, estimular, gestão, riscos, pessoas, adeque, conceitos, governança"
PDI_UFRRJ,PDI UFRRJ.pdf,3,artistica_patrimonial,● a instituição incentiva a participação de docentes em eventos artísticos ou culturais e em cursos de desenvolvimento pessoal por meio de sua contabilização como atividade de trabalho regulamentada.,"instituic, incentiva, participac, docentes, eventos, artísticos, cursos, desenvolvimento"
PDI_UFRRJ,PDI UFRRJ.pdf,4,organizacional_gestao,"todas as páginas podem ser acessadas no portal da ufrrj no ● transparência e prestação de contas - https://portal.ufrrj.br/proreitoria-de-planejamento-avaliacao-e-desenvolvimentoinstitucional/transparencia-e-prestacao-de-contas/ ● ouvidoria ufrrj - https://portal.ufrrj.br/ouvidoria/ ● relatório de gestão - https://portal.ufrrj.br/institucional/relatorios-degestao/ ● pdi - https://institucional.ufrrj.br/pdi/ ● ccsj - https://institucional.ufrrj.br/ccs/ ● sipac - consulta processos - https://sipac.ufrrj.br/public/jsp/portal.jsf ● rural em números- https://institucional.ufrrj.br/ruralnumeros/ ● cpa - https://cpa.ufrrj.br/ graduação, é o órgão da administração central responsável pela coordenação, supervisão, assessoramento e prestação de suporte operacional à celebração de acordos de cooperação com outras instit uições, visando promover a integração e/ou a internacionalização das ações de ensino, pesquisa e extensão e o intercâmbio científico e cultural.","ufrrj, https, br, portal, contas, ouvidoria, sipac, cpa"
PDI_UFRRJ,PDI UFRRJ.pdf,5,organizacional_gestao,"tem, portanto, a missão de executar a polític a de relacionamento acadêmico e de internacionalização da ufrrj, visando estimular a comunidade acadêmica a constituir intercâmbios técnico -científicos e culturais para o desenvolvimento institucional e regional.","tem, portanto, missão, executar, polític, relacionamento, acadêmico, internacionalização"
PDI_UFRRJ,PDI UFRRJ.pdf,6,academica_formativa,"- elaborar a política de logística sustentável até política de gestão ambiental a extensão universitária é o processo interdisciplinar, educativo, cultural, científico e político que se articula com o ensino e a pesquisa de forma indissociável e viabiliza a relação transformadora entre universidade e sociedade, mais informações sobre as ações de extensão, podem ser visualizadas no item deste plano .","política, extensão, elaborar, logística, sustentável, até, gestão, ambiental"
PDI_UFRRJ,PDI UFRRJ.pdf,7,artistica_patrimonial,"teatro, artes, literatura e dança em diversas categorias, além de outras atividades culturais oferecidas à comunidade universitária e à comunidade local, visando estimular o oferecimento de cursos de extensão pela ufrrj, e ampliar a troca de conhecimentos dentro da universidade assim como o acesso da comunidade aos cursos oferecidos.","comunidade, cursos, teatro, artes, literatura, dança, diversas, categorias"
PDI_UFRRJ,PDI UFRRJ.pdf,8,artistica_patrimonial,figura - número de ações realizadas pela proext no ano de número de atividades de esporte ofertadas aos discentes em seropédica número de atividades de esporte ofertadas aos número de atividades de esporte ofertadas aos número de atividades de arte e cultura ofertadas aos discentes em seropédica número de atividades de arte e cultura ofertadas aos número de atividades de arte e cultura ofertadas aos seropédica seropédica seropédica arte e cultura oferecidas aos discentes nos campi fonte:,"número, atividades, ofertadas, seropédica, arte, esporte, discentes, figura"
PDI_UFRRJ,PDI UFRRJ.pdf,9,inovacao_empreendedorismo,"estes espaços, gradativamente, conservam, investigam, comunicam, interpretam e expõem, para fins educativos, científicos e culturais, conjuntos e coleções de valor histórico, artístico, científico, patrim onial, ambiental e tecnológico.","estes, espaços, gradativamente, conservam, investigam, comunicam, interpretam, expõem"
PDI_UFRRJ,PDI UFRRJ.pdf,10,artistica_patrimonial,"a fim de conhecer, preservar, gerir e gerenciar melhor os acervos e coleções da ufrrj é necessária a elaboração da política de cultura conforme figura - obj.","fim, conhecer, preservar, gerir, gerenciar, melhor, acervos, coleções"
PDI_UFRRJ,PDI UFRRJ.pdf,11,organizacional_gestao,"através dos relatórios de acompanhamento do plano de desenvolvimento institucional - (pdi) é possível identificar todas as ações desenvolvidas, nos últimos cinco ( ) anos, para cumprir a finalidade de melhorar os mecanismos de comunicação institucional, voltados para o público interno e externo estratégico transversa l política cultural obj.","através, relatórios, acompanhamento, plano, desenvolvimento, é, possível, identificar"
PDI_UFRRJ,PDI UFRRJ.pdf,12,indefinido,cultura criação da política cultura.,"criação, política"
PDI_UFRRJ,PDI UFRRJ.pdf,13,artistica_patrimonial,implementação da de cultura passarão a vigorar a partir da implementação da política - quantidade de acervo mantido por ano.,"implementação, passarão, vigorar, partir, política, quantidade, acervo, mantido"
PDI_UFRRJ,PDI UFRRJ.pdf,14,artistica_patrimonial,"- realizar o diagnóstico da produção cultural (acervos, coleções, bens imóveis, bens integrados e expressões artísticas) já existente em até ano a partir da publicação do pdi - .","bens, realizar, diagnóstico, produção, acervos, coleções, imóveis, integrados"
PDI_UFRRJ,PDI UFRRJ.pdf,15,organizacional_gestao,- implementar a política institucional de cultura em até .,"implementar, política, até"
PDI_UFRRJ,PDI UFRRJ.pdf,16,artistica_patrimonial,"aumentar a divulgação das ações científicas, culturais e artísticas desenvolvidas para a sociedade conhecimento pela sociedade da ações científicas, culturais, artísticas desenvolvidas na universidade - número de ações científicas, culturais e artísticas (vídeos, podcast, produtos, eventos, campanhas ou similares) por ano - número de seguidores nas redes sociais por ano - número de citações nas mídias escritas e digitais por ano - aumentar em % a divulgação das ações científicas, culturais e artísticas desenvolvidas para a sociedade em anos.","ações, científicas, artísticas, desenvolvidas, sociedade, número, ano, aumentar"
PDI_UFRRJ,PDI UFRRJ.pdf,17,inovacao_empreendedorismo,"porém, a cultura de inovação precisa ser iniciada na ufrrj, para que este processo transcorra da pesquisa básica e avançada, pelo desenvolvimento tecnológico até a transferência para a sociedade, a qual fecha o ciclo de vida em um projeto.","porém, inovação, precisa, iniciada, ufrrj, processo, transcorra, pesquisa"
PDI_UFRRJ,PDI UFRRJ.pdf,18,indefinido,"seropédica, três de seropédica e de nova iguaçu, tem atendido às novas demandas socioeconômicas e culturais, tornando -se a principal universidade pública da baixada fluminense, região marcada por extrema carência e desigualdade social, com cerca de quatro milhões de habitantes.","seropédica, três, nova, iguaçu, tem, atendido, s, novas"
PDI_UFRRJ,PDI UFRRJ.pdf,19,academica_formativa,"a graduação na ufrrj busca construir a formação integral do ser humano, com elevada qualificação profissional e de forma alinhada aos seus princípios e valores institucionais acima expressos, no contexto de uma sociedade tecnológica e globalizada, num país continental diverso cultural e geograficamente, marcado pela extrema desigualdade social e crescente fragilização da formação de seus ingressantes na educação básica.","formação, graduação, ufrrj, busca, construir, integral, humano, elevada"
PDI_UFRRJ,PDI UFRRJ.pdf,20,academica_formativa,outro aspecto que merece destaque são as políticas institucionais de incentivo à mobilidade nacional e internacional discente que proporcionam experiências e vivências que enriquecem a formação cultural e acadêmica dos discentes.,"outro, aspecto, merece, destaque, são, políticas, institucionais, incentivo"
PDI_UFRRJ,PDI UFRRJ.pdf,21,artistica_patrimonial,"nº , de de abril de (deliberação cepe nº , de de setembro de ), com o objetivo principal de estimular o oferecimento de cursos de extensão, os quais compreendem atividades de ensino acadêmico, técnico, cultural ou artístico, não pertencentes às atividades regulares de ensino de graduação no âmbito da prograd, nem da pós -graduação stricto sensu ou lato sensu no âmbito da proppg, na ufrrj.","n, atividades, ensino, graduação, âmbito, sensu, abril, deliberação"
PDI_UFRRJ,PDI UFRRJ.pdf,22,academica_formativa,"política de ensino a ufrrj dese mpenha um papel relevante na formação profissional e cidadã, gerando conhecimentos científicos, tecnológicos, artísticos, filosóficos e culturais, por meio das atividades de ensino, de pesquisa e de extensão, princípios de natureza transversal, que integra m a graduação e a pós -graduação.","ensino, graduação, política, ufrrj, dese, mpenha, papel, relevante"
PDI_UFRRJ,PDI UFRRJ.pdf,23,inovacao_empreendedorismo,"a extensão possui um caráter dinâmico e de encontro de diversos saberes, promovendo a interação transformadora entre as instituições de ensino superior e os outros setores da sociedade, por meio da produção e da aplicação do conhecimento, tende a ser interdisciplinar e de caráter político educacional, cultural, científico e tecnológico.","caráter, extensão, possui, dinâmico, encontro, diversos, saberes, promovendo"
PDI_UFRRJ,PDI UFRRJ.pdf,24,artistica_patrimonial,"na ufrrj, o funcionamento dos programas e ações de extensão são iguaçu), que oferecem oficinas de música, teatro, artes, literatura e dança em diversas categorias, além de outras atividades culturais oferecidas à comunidade universitária e à comunidade local.","comunidade, ufrrj, funcionamento, programas, ações, extensão, são, iguaçu"
PDI_UFRRJ,PDI UFRRJ.pdf,25,artistica_patrimonial,"embora diversos eventos de extensão tenham sido realizados na tanto no meio universitário como para a comunidade do entorno, ainda não existe uma política cultural implementada para servir de norte às ações institucionais.","embora, diversos, eventos, extensão, tenham, sido, realizados, tanto"
PDI_UFRRJ,PDI UFRRJ.pdf,26,organizacional_gestao,"criar e implantar a política institucional de cultura, que visa fortalecer estas ações na ufrrj.","criar, implantar, política, visa, fortalecer, estas, ações, ufrrj"
PDI_UFRRJ,PDI UFRRJ.pdf,27,inovacao_empreendedorismo,"com a finalidade de aperfeiçoar as práticas de divulgação científica, a próreitoria desenvolve planejamento integrado de ações com a coordenação de relações internacionais (corin) buscando fortalecer a internacionalização da pesquisa e pós -graduação da ufrrj e com a coordenadoria de comunicação e cabe à proppg, ainda, gerenciar os componentes relacionados à a integração da produção acadêmica da graduação e da pós-graduação é como objetivo &quot;assegurar espaços para a exposição e a discussão dos trabalhos de iniciação científica, desenvolviment o tecnológico e inovação, artística ou cultural desenvolvidos na ufrrj, proporcionando a troca de experiências entre os discentes de graduação, pós -graduação, professores e pesquisadores” que, adicionalmente, recebem apoio para participarem de eventos acadêmicos, científicos e culturais nacionais por meio de editais.","graduação, pós, científica, ufrrj, finalidade, aperfeiçoar, práticas, divulgação"
PDI_UFRRJ,PDI UFRRJ.pdf,28,inovacao_empreendedorismo,"a extensão é uma ação processual e contínua, de caráter educativo, social, cultural, científico ou tecnológico, que possui um caráter dinâmico e de encontro de diversos saberes, promovendo a interação transformadora entre as instituições de ensino superior e os outros setores da sociedade, por meio da produção e da aplicação do conhecimento, tendendo a ser interdisciplinar e de caráter político educacional, cultural, científico e tecnológico, com objetivo específico e prazo determinado.","caráter, científico, tecnológico, extensão, é, ação, processual, contínua"
PDI_UFRRJ,PDI UFRRJ.pdf,29,academica_formativa,"com o objetivo de expandir as ações atinentes à pós-graduação institucional, a proppg oferece todo o apoio técnico-científico para a criação de novos cursos, para a produção de conhecimento nas diversas áreas de pesquisa da universidade e para a formação científica, tecnológica e cultural, ampla e aprofundada, de seus discentes.","objetivo, expandir, ações, atinentes, pós, graduação, proppg, oferece"
PDI_UFRRJ,PDI UFRRJ.pdf,30,diversidade_inclusao,"a pró -reitoria de assuntos estudantis (proaes) é a unidade que faz a gestã o dessas políticas, programas e ações de assistência estudantil, atuando nas áreas da residência estudantil, alimentação, transporte, atenção à saúde, inclusão digital, cultura, esporte, creche, apoio pedagógico e acessibilidade para estudantes com deficiência, transtornos globais do desenvolvimento, altas habilidades e superdotação.","estudantil, pró, reitoria, assuntos, estudantis, proaes, é, unidade"
PDI_UFRRJ,PDI UFRRJ.pdf,31,indefinido,"● apoio à participação e à organização estudantil ● acolhimento, assistência psicossocial aos estudantes ● apoio à cultura, ao esporte e ao lazer nos câmpus ● apoio ao esporte embora exista uma política de auxílios de assistência estudantil institucionalizada, conforme demonstrado acima, constata-se que o módulo de bolsas do sig ainda não está em atividade.","apoio, estudantil, assistência, esporte, participac, organizac, acolhimento, psicossocial"
PDI_UFRRJ,PDI UFRRJ.pdf,32,academica_formativa,"a forproex define a extensão universitária como o processo educativo, cultural e científico que articula o ensino e a pesquisa de forma indissociável e viabiliza a relação transformadora entre universidade e sociedade.","forproex, define, extensão, universitária, processo, educativo, científico, articula"
PDI_UFRRJ,PDI UFRRJ.pdf,33,academica_formativa,"3º da referida resolução integra à matriz curricular e à organização da pesquisa, constituindo-se em processo interdisciplinar, político educacional, cultural, científico, tecnológico, que promove a interação transformadora entre as instituições de ensino superior e os outros setores da sociedade, por meio da produção e da aplicação do conhecimento, em articulação permanente com o ensino e a pesquisa.” nesse sentido, o art 4º.","pesquisa, ensino, referida, resolução, integra, matriz, curricular, organização"
PDI_UFRRJ,PDI UFRRJ.pdf,34,inovacao_empreendedorismo,"em processo pedagógico único, interdisciplinar, político educacional, cultural, científico e tecnológico.” a regulamentação do funcionamento do plano nacional foi criada / ).","processo, pedagógico, único, interdisciplinar, político, educacional, científico, tecnológico"
PDI_UFRRJ,PDI UFRRJ.pdf,35,artistica_patrimonial,para tanto os a instituição incentiva a participação de docentes em eventos artísticos ou culturais e em cursos de desenvolvimento pessoal p or meio de sua atividade de trabalho regulamentada.,"tanto, instituição, incentiva, participação, docentes, eventos, artísticos, cursos"
PDI_UFRRJ,PDI UFRRJ.pdf,36,diversidade_inclusao,"iii – respeito à diversidade cultural, intelectual, artística, iv – respeito às pessoas e às diferenças individuais;","respeito, s, iii, diversidade, intelectual, artística, iv, pessoas"
PDI_UFRRJ,PDI UFRRJ.pdf,37,indefinido,"esse caminhar tem sido lento, porém, mudar cultura em uma instituição de grande porte é uma tarefa difícil e muitas vezes demanda longo tempo.","esse, caminhar, tem, sido, lento, porém, mudar, instituição"
PDI_UFRRJ,PDI UFRRJ.pdf,38,organizacional_gestao,"o gt comunicação criou a marca, apresentação interna da cpa, e o gt metodologia reestrut urou a autoavaliação da ufrrj estabelecendo indicadores atualizados da realidade da fortalecimento da cultura da avaliação institucional interna como instrumento de gestão.","gt, interna, comunicação, criou, marca, apresentação, cpa, metodologia"
PDI_UFRRJ,PDI UFRRJ.pdf,39,indefinido,", um modelo que descreve como a instituição cria, entrega e captura o que vai “agregar” a sociedade, em contextos institucionais, sociais, culturais, outros.","modelo, descreve, instituição, cria, entrega, captura, vai, agregar"
PDI_UFRRJ,PDI UFRRJ.pdf,40,artistica_patrimonial,"investimento relacionamento destinatários instituição pública, é educar, produzir e disseminar o saber universal, preservar e difundir as artes e a cultura, e contribuir para o desenvolvimento humano, comprometendo-se com a justiça social, a sustentabilidade socioambiental, a democracia e a cidadania.","investimento, relacionamento, destinatários, instituição, pública, é, educar, produzir"
PDI_UFRRJ,PDI UFRRJ.pdf,41,academica_formativa,"a missão da ufrj é contribuir para o avanço cientíﬁco, tecnológico, artístico e cultural da sociedade por meio de suas atividades de ensino, pesquisa e extensão, promovendo a formação de uma sociedade justa, democrática e igualitária.","sociedade, missão, ufrj, é, contribuir, avanço, cientí, co"
PDI_UFRRJ,PDI UFRRJ.pdf,42,inovacao_empreendedorismo,"promover, de forma integrada, a produção e difusão do conhecimento cientíﬁco, tecnológico, artístico e cultural, e a formação de um cidadão imbuído de valores éticos que, com competência técnica, contribua para o desenvolvimento autossustentado do brasil, com responsabilidade social.","promover, forma, integrada, produção, difusão, conhecimento, cientí, co"
PDI_UFRRJ,PDI UFRRJ.pdf,43,organizacional_gestao,"f) excelência – consiste na busca permanente do estado da arte das atividades desenvolvidas para fazer frente aos novos desaﬁos promovendo uma cultura organizacional de prossecução de elevados níveis de desempenho em todas as áreas de atuação, acadêmicas e administrativas.","f, excelência, consiste, busca, permanente, estado, arte, atividades"
PDI_UFRRJ,PDI UFRRJ.pdf,44,organizacional_gestao,"iii – respeito à diversidade cultural, intelectual, artística, institucional, política e religiosa;","iii, respeito, diversidade, intelectual, artística, política, religiosa"
PDI_UFRRJ,PDI UFRRJ.pdf,45,organizacional_gestao,"dimensionar o pessoal e mapear riscos envolvidos instituir e disseminar o planejamento tático e operacional da gestão - - instituir e disseminar o planejamento tático e operacional da gestão - - - buscar parcerias para contratação de pessoal terceirizado realizar o orçamento participativo mapear os processos (ﬂuxo de trabalho) institucional ampliar o numero de atendimentos remotos em pericia e promoção em saúde diagnosticar a demanda por capacitação dos servidores publicos da baixada ﬂuminense,visando a transformação da area de desenvolvimento de pessoas da ufrrj em uma escola de governo de referencia na baixada ﬂuminense realizar processos seletivos internos, para enriquecer o capital intlectual da codep nas areas de audiovisual, criação de conteúdo e ti estabelecer parcerias com instituições publicas da baixada ﬂuminense realizar processos seletivos internos, para enriquecer o capital intlectual na area de desenvolvimento de pessoas e saude estabelecer contrapartida ﬁnaceira ao orgão parceiro,visando custear bolsas e graticações (gecc) realizar dimensionamento da força de trabalho atualizar a politica interna de desenvolvimento de pessoas, saúde e segurança do trabalho ampliar a politica de incentivo ao desenvolvimento de servidores da ufrrj manter a politica de incentivo ao desenvolvimento de servidores da ufrrj ampliar a participação dos docentes e técnicos-administrativos em projetos institucionais de pesquisa, extensão e assistência estudantil (alta qualiﬁcação do corpo técnico-administrativo e docente em dedicação exclusiva x engajamento para obter recursso extraorçamentários) priorizar programas e projetos destinado aos estudantes com vulnerabilidade socioeconômica promover ações institucionais para oferta de intercâmbio na graduação e pós-graduação (diversidade da oferta de cursos e opções de cursos noturnos x integração com universidades públicas da região e do estado) estimular a participação dos docentes e técnicos-administrativos na elaboração de projetos institucionais de pesquisa, extensão e assistência estudantil (alta qualiﬁcação do corpo técnico-administrativo e docente em dedicação exclusiva x convênios com instituições públicas e privadas, locais nacionais e internacionais) identiﬁcar o perﬁl do estudante ingressante e realizar o acompanhamento dos mais vulneráveis promover ações institucionais para oferta de intercâmbio na graduação e pós-graduação (engajamento para obtenção de recursos ﬁnanceiros para bolsas estudantis (pibic, pibid, mentoria e bolsas permanência) x integração com universidades públicas da região e do estado) ampliar a participação dos docentes e técnicos-administrativos em projetos institucionais de pesquisa, extensão e assistência estudantil (engajamento para obtenção de recursos ﬁnanceiros para bolsas estudantis (pibic, pibid, mentoria e bolsas permanência) x engajamento para obter recursos extraorçamentários) - - reduzir a evasão e a retenção acadêmica estimular a participação dos docentes e técnicos-administrativos na elaboração de projetos institucionais de pesquisa, extensão e assistência estudantil (engajamento para obtenção de recursos ﬁnanceiros para bolsas estudantis (pibic, pibid, mentoria e bolsas permanência) x convênios com instituições públicas e privadas, locais nacionais e internacionais) diversiﬁcar parcerias inter-institucionais nas áreas de ensino, pesquisa e extensão redimensionar o quadro de pessoal, com vistas ao planejamento institucional para concursos e contratações priorizar contratação de pessoal e investimentos em ti diagnosticar e divulgar as demandas institucionais para manutenção e ampliação da oferta de cursos desenvolver ações para retenção dos servidores técnicos-administrativos identiﬁcar potenciais equipes/pesquisadores de projetos aumentar o fomento a pesquisa estabelecer procedimentos para a comunicação de pesquisas - aumentar o fomento a pesquisa estabelecer procedimentos para a comunicação de pesquisas aumentar a captação de recursos ﬁnanceiros para a pesquisa criar um aplicativo de carona aumentar a captação de recursos ﬁnanceiros para a pesquisa aumentar a captação de recursos ﬁnanceiros para a pesquisa ampliar as fontes de ﬁnanciamento de pesquisas - ampliar a capacitação dos servidores na área tecnológica inserção curricular da extensão nos cursos de graduação da ufrrj * (integração com a sociedade x estabelecer parcerias estratégicas nas localidades * (disseminação do conhecimento x localização favorável, sendo uma universidade da baixada ﬂuminense) - utilização de novas metodologias para ensino e comunicação estabelecer um percentual de ações extensionistas com a comunidade estabelecer parcerias estratégicas nas localidades * (escassez de recursos humanos e ﬁnanceiros x localização favorável, sendo uma universidade da baixada) inserção curricular da extensão voltada para a proﬁssionalização ( ) - - intensiﬁcar a comunicação das ações extensionistas ( ) - utilizar (inserir) as ações extensionistas para (nos) critérios de métrica da universidade - aumentar a utilização das técnologias e novas mídias para a valorização da extensão - inserção curricular da extensão nos cursos de graduação da ufrrj * (escassez de recursos humanos e ﬁnanceiros x curricularização da extesão) construção de conteúdos curriculares que integrem pesquisa e extensão inserção curricular da extensão nos cursos de graduação da ufrrj * (proﬁssionalização com responsabilidade social x falta de compreensão acerca do papel da universidade) - - - aumentar as ações extensionistas e a comunicação das mesmas comunicação e publicação de periódicos sobre extensão para o público em geral otimizar os recursos humanos e ﬁnanceiros para valorizar os conhecimentos cientíﬁcos * (escassez de recursos humanos e ﬁnanceiros x crescimento da cultura de ódio e anticientiﬁcista) - - - otimizar os recursos humanos e ﬁnanceiros para valorizar os conhecimentos cientíﬁcos * (escassez de recursos humanos e ﬁnanceiros x falta de compreensão acerca do papel da universidade) - - - criação de projetos de extensão voltados para o conhecimento cientíﬁco * (desvalorização da extensão anticientiﬁcista) criação de projetos de extensão voltados para o conhecimento cientíﬁco * (desvalorização da extensão universidade) criação de projetos de extensão voltados para o conhecimento cientíﬁco * (baixa compreensão da extensão no tripé acadêmico x crescimento da cultura de ódio e anticientiﬁcista) criação de projetos de extensão voltados para o conhecimento cientíﬁco * (baixa compreensão da extensão no tripé acadêmico x falta de compreensão acerca do papel da universidade) internacional ofertar cursos e capacitação em línguas estrangeiras ampliar a divulgação das oportunidades de internacionalização para a comunidade acadêmica (docentes, discentes e técnicos).","extensão, x, recursos, nanceiros, pesquisa, projetos, institucionais, ampliar"
PDI_UFRRJ,PDI UFRRJ.pdf,46,academica_formativa,"- - - ampliar programas e projetos que articulem ensino, pesquisa e extensão com universidades realizar eventos culturais de divulgação da cultura de países - fortalecer a política/plano de internacionalização - - - - fortalecer a política/plano de internacionalização - - - - fortalecer a política/plano de internacionalização - - - idiomas - - - promover integração no ensino, pesquisa e extensão através de projetos institucionais para internacionalização - - - promover integração no ensino, pesquisa e extensão através de projetos institucionais para internacionalização na fortalecer a política/plano de internacionalização a partir do plano existente, estabelecendo a política de acolhimento.","internacionalização, política, plano, fortalecer, projetos, ensino, pesquisa, extensão"
PDI_UFRRJ,PDI UFRRJ.pdf,47,artistica_patrimonial,"- - - promover integração no ensino, pesquisa e extensão através de projetos institucionais para internacionalização - - - assistência (carol) estabeler junto a propladi um prazo para implantação do módulo bolsas do sig participar das reuniões do condetuf para ampliar a interlocução com o congresso nacional e com o submeter solicitações de projetos para captação de recursos extraorçamentários junto aos parlamentares do estado do rio de janeiro priorizar o atendimento dos estudantes mais vulneráveis atuar junto ao condetuf para criar uma dotação orçamentária especíﬁca mediante interlocução com o congresso nacional e com o mec participar das reuniões do condetuf para ampliar a interlocução com o congresso nacional e com o mec - - atuar junto ao condetuf para criar uma dotação orçamentária especíﬁca mediante interlocução com o congresso nacional e com o mec - - reformar e manter a estrutura física dos equipamentos da assistência estudantil - - (daniel) institucionalizar ações culturais existente na universidade (existência de grupos, programas e projetos em cultura (cinema, coral, dança, música, etc ) e projetos de visita guiada à rural interna e do entorno que demandam ações culturais) - - institucionalizar ações culturais existente na universidade (comunidade artistica e cultural multidiversiﬁcada e qualiﬁcada x fomento através de leis de cultura) - - institucionalizar ações culturais existente na universidade (comunidade artistica e cultural multidiversiﬁcada e qualiﬁcada x comunidade interna e do entorno que demandam ações culturais) - - articular com as secretarias municipais, estaduais e organizações não governamentais divulgar editais e incentivar a submissão de projetos culturais acervos, museus e coleções x fomento através de leis de cultura) divulgar editais e incentivar a submissão de projetos culturais acervos, museus e coleções x editais e programas de parcerias com instituições públicas e privadas e organizações) divulgar editais e incentivar a submissão de projetos culturais (comunidade artistica e cultural multidiversiﬁcada e qualiﬁcada x editais e programas de parcerias com instituições públicas e privadas e organizações) criar canais de divulgação continuada das ações culturais (divulgação insuﬁciente das ações culturais x fomento através de leis de cultura) - - criar canais de divulgação continuada das ações culturais (divulgação insuﬁciente das ações culturais x editais e programas de parcerias com instituições públicas e privadas e organizações) - - indentiﬁcar espaços para divulgação das ações culturais etc) - - - fomento através de leis de cultura) - - - editais e programas de parcerias com instituições públicas e privadas e organizações) - - - divulgar e registrar as ações culturais - - - fortalecer, ampliar a comunidade artística e cultural multidversiﬁcada e qualiﬁcada, e articular ações culturais com a comunidade do entorno ampliar a divulgação das ações culturais - - - sustentabilid ampliar o quadro de pessoal com conhecimento tecnico especiﬁco mapear e normatizar processos de atividades de convênios e parcerias para possibilitar sua ampliação.","ações, cada, projetos, x, editais, comunidade, divulgação, através"
PDI_UFRRJ,PDI UFRRJ.pdf,48,organizacional_gestao,"desenvolver ações de capacitação e campanhas institucionais mapear as oportunidades disponiveis de convênios e parcerias criação e implementação de setor técnico e do plano de criação e implementação de setor técnico aplicado à gestão - revisão periodica do plano de acessibilidade institucional - - - - revisão periodica do plano de acessibilidade institucional - - - (lucimere) criar e implantar uma política de inovação mapear possibilidades de parcerias aumentar a elaboração de projetos passiveis de obter orçamento na esfera federal capactitar os servidores na área de inovação mapear possibilidades de novas parcerias e ativar as parcerias que estão em andamento capacitar os servidores de inovação criar e implantar uma política de inovação criar e implantar uma política aumentar o número de servidores envolvidos em projetos de inovação fomentar mecanismos para implementação do marco legal - - melhorar a infraestrutura da melhorar a infraestrutura da buscar parcerias interinstitucionais buscar parcerias interinstitucionais contratar mais fundações de apoio a ensino, pesquisa e extensão que atendam os projetos vultosos atualizar quando necessário e implantar politicas de governança da ufrrj (por exemplo pdti, pdi, gestão de riscos, gestão de pessoas) contratar mais fundações de apoio a ensino, pesquisa e extensão que atendam os projetos vultosos comunicação (michel) produzir conteúdos jornalístico sobre a conﬁabilidade do sig adiquirir recursos para atendimentos as deﬁciências apresentadas pelo setor produzir conteúdos jornalístico sobre a setor de comunicão da ufrrj x facilidade e disponibilidade de acesso a informação) produzir conteúdos jornalístico sobre a mídias sociais ativas da ufrrj x facilidade e disponibilidade de acesso a informação) atualizar e divulgar os manuais de produção de conteúdo de comunicação produzir campanhas informativas sobre os canais de comunicação criar conteúdo jornalístico de fácil entendimento a todo público (atuação do setor de comunicação da ufrrj x disseminação da cultura de ódio e desinformação) criar conteúdo jornalístico de fácil entendimento a todo público (alcance das mídias sociais ativas da ufrrj x disseminação da cultura de ódio e desinformação) criar conteúdo jornalístico de fácil entendimento a todo público (diﬁculdade com a linguagem para o público externo x disseminação da cultura de ódio e desinformação) criar conteúdo jornalístico de fácil entendimento a todo público (falta de estrutura física, tecnológica e de pessoal para atuação em comunicação x disseminação da cultura de ódio e desinformação) pessoas ) classiﬁcar as estratégias em perspectivas, de acordo com a metodologia aprovada no consu.","criar, jornalístico, parcerias, x, setor, inovação, ufrrj, comunicação"
PDI_UFRRJ,PDI UFRRJ.pdf,49,organizacional_gestao,crescimento internacionalização política cultural política de convênio e parcerias política de comunicação política de inovação política de logística sustentável governança da ufrrj financeiro captação de recursos extraorçamentários 1º encontro para elaboração do pdi - planejamento marcia.,"política, crescimento, internacionalização, convênio, parcerias, comunicação, inovação, logística"
PDI_UFSCAR,PDI UFSCAR.pdf,1,organizacional_gestao,"esse instrumento se mostra mais necessário ainda quando a instituição tem que se reinventar em tempos de transformações socioeconômicas, culturais e ambientais que impactam a gestão universitária.","esse, instrumento, mostra, mais, necessário, ainda, quando, instituição"
PDI_UFSCAR,PDI UFSCAR.pdf,2,organizacional_gestao,"estes eixos temáticos coadunam com a finalidade e competência institucional da ufscar, que é a de promover a formação de recursos humanos, a produção e disseminação de conhecimento e a divulgação científica, tecnológica, cultural e artística com excelência acadêmica e compromisso social.","estes, eixos, temáticos, coadunam, finalidade, competência, ufscar, é"
PDI_UFSCAR,PDI UFSCAR.pdf,3,organizacional_gestao,também se considerou o aspecto temporal como estratégia que relaciona a história e a memória institucional para entender a sua cultura.,"também, considerou, aspecto, temporal, estratégia, relaciona, história, memória"
PDI_UFSCAR,PDI UFSCAR.pdf,4,organizacional_gestao,"i) formulação da visão, valores, cultura e gestão de pessoas;","i, formulação, visão, valores, gestão, pessoas"
PDI_UFSCAR,PDI UFSCAR.pdf,5,indefinido,"a cultura e valores institucionais envolvem ética, idoneidade, transparência, respeito à individualidade de cada um, trabalho em equipe e desenvolvimento profissional.","valores, institucionais, envolvem, ética, idoneidade, transparência, respeito, individualidade"
PDI_UFSCAR,PDI UFSCAR.pdf,6,organizacional_gestao,"assim, considerando os processos cognitivo, social, organizacional e político, bem como a visão, valores, cultura, gestão de pessoas, planejamento de mudanças, visão e missão, estabeleceu-se um processo participativo envolvendo as pessoas chave da instituição, que se constitui em atividade de pequenos grupos, orientados a responder aos questionamentos estratégicos da instituição.","visão, pessoas, instituição, assim, considerando, processos, cognitivo, social"
PDI_UFSCAR,PDI UFSCAR.pdf,7,indefinido,"cooperação acadêmica, científica, técnica e cultural:","cooperação, acadêmica, científica, técnica"
PDI_UFSCAR,PDI UFSCAR.pdf,8,artistica_patrimonial,"incentivar movimento artístico, resgate histórico e integração com a comunidade a) prospectar o potencial artístico/cultural da comunidade universitária proex .","artístico, comunidade, incentivar, movimento, resgate, histórico, integração, prospectar"
PDI_UFSCAR,PDI UFSCAR.pdf,9,indefinido,mapeamento de espaços dos quatro campi que podem ser utilizados para práticas culturais .,"mapeamento, espaços, quatro, campi, podem, utilizados, práticas"
PDI_UFSCAR,PDI UFSCAR.pdf,10,artistica_patrimonial,promoção de atividades e eventos no âmbito do projeto “espaços de b) criar políticas específicas de incentivo à produção artística / cultural .,"promoção, atividades, eventos, âmbito, projeto, espaços, b, criar"
PDI_UFSCAR,PDI UFSCAR.pdf,11,inovacao_empreendedorismo,"apoiar a comunidade universitária em ações empreendedoras, com foco em resultados inovadores e concretos a) apoiar os cursos na disseminação da cultura de inovação e empreendedora .","apoiar, comunidade, universitária, ações, empreendedoras, foco, resultados, inovadores"
PDI_UFSCAR,PDI UFSCAR.pdf,12,artistica_patrimonial,"diante do breve histórico apresentado, é possível afirmar que ao ampliar a oferta de cursos, diversificar as áreas de atuação e ainda, se instalar em outras regiões do estado, a ufscar possibilitou não somente a formação de profissionais capacitados, mas também ampliou a produção e disseminação de conhecimento, cultura e arte relevantes para a sociedade.","diante, breve, histórico, apresentado, é, possível, afirmar, ampliar"
PDI_UFSCAR,PDI UFSCAR.pdf,13,inovacao_empreendedorismo,"a ufscar tem como missão desenvolver, ensinar e disseminar a ciência e a tecnologia, gratuitamente, e preservar a memória e as culturas local, regional e nacional.","ufscar, tem, missão, desenvolver, ensinar, disseminar, ciência, tecnologia"
PDI_UFSCAR,PDI UFSCAR.pdf,14,artistica_patrimonial,"“são fins da disseminação do conhecimento e a divulgação científica, tecnológica, cultural e artística”.","são, fins, disseminação, conhecimento, divulgação, científica, tecnológica, artística"
PDI_UFSCAR,PDI UFSCAR.pdf,15,artistica_patrimonial,"c) colocará ao alcance da sociedade, sob a forma de programas, projetos de extensão e cursos nos diversos graus, a técnica, a cultura e o resultado das pesquisas que realizar.","c, colocará, alcance, sociedade, sob, forma, programas, projetos"
PDI_UFSCAR,PDI UFSCAR.pdf,16,indefinido,"nesse sentido, tem como finalidade responder aos anseios e necessidades das comunidades locais e regionais do entorno de seus quatro campi, como também contribuir para o desenvolvimento socioeconômico, cultural e ambiental.","nesse, sentido, tem, finalidade, responder, anseios, necessidades, comunidades"
PDI_UFSCAR,PDI UFSCAR.pdf,17,indefinido,promover atividades que articulem os conhecimentos acadêmicos com aqueles oriundos das diferentes culturas que compõem a nação brasileira.,"promover, atividades, articulem, conhecimentos, acadêmicos, aqueles, oriundos, diferentes"
PDI_UFSCAR,PDI UFSCAR.pdf,18,inovacao_empreendedorismo,fortalecer a cultura de inovação e a formação de lideranças empreendedoras na ufscar.,"fortalecer, inovação, formação, lideranças, empreendedoras, ufscar"
PDI_UFSCAR,PDI UFSCAR.pdf,19,diversidade_inclusao,"promover respeito, compreensão e diálogo na diversidade e pluralismo social, étnico-racial e cultural como parte da produção do conhecimento e do pleno exercício da cidadania.","promover, respeito, compreensão, diálogo, diversidade, pluralismo, social, étnico"
PDI_UFSCAR,PDI UFSCAR.pdf,20,academica_formativa,"promover e incentivar a ambientalização e a humanização das atividades universitárias, incorporando as temáticas ambientais, da diversidade cultural, das desigualdades sociais e da cidadania nas atividades acadêmicas (ensino, pesquisa e extensão), administ rativas e na formação .","atividades, promover, incentivar, ambientalização, humanização, universitárias, incorporando, temáticas"
PDI_UFSCAR,PDI UFSCAR.pdf,21,indefinido,"a publicação de periódicos impressos e digitais, os projetos de divulgação científica e cultural, as formas de também dar concretude a esse princípio.","publicação, periódicos, impressos, digitais, projetos, divulgação, científica, formas"
PDI_UFSCAR,PDI UFSCAR.pdf,22,academica_formativa,"inserção dos campi da ufscar em suas respectivas regiões município de são carlos, local de sua fundação, expandindo a oferta de seus cursos e quanto às características socioeconômicas, ambientais e culturais, que, todavia, têm as mesmas diretriz es quanto à formação do egresso na graduação e pós -graduação e desenvolvimento das políticas institucionais, de forma que se respeite cada localidade, ao mesmo tempo que se valoriza as peculiaridades de cada campus, conforme o contexto em que está inserido.","quanto, graduação, cada, inserção, campi, ufscar, respectivas, regiões"
PDI_UFSCAR,PDI UFSCAR.pdf,23,diversidade_inclusao,"e a prova disso é que, atualmente, % da receita municipal depende do estado e da união, média inferior a nacional, em torno dos % a cidade apresenta forte expressão cultural, conhecida desde o século xviii pelo diversidade de linguagens, bem como vários monumentos históricos, destacando -se o a cidade também é considerada uma das mais sustentáveis do brasil.","é, cidade, prova, disso, atualmente, receita, municipal, depende"
PDI_UFSCAR,PDI UFSCAR.pdf,24,indefinido,"nas áreas desmatadas foram introduzidas as primeiras lavouras comerciais, de a , destacando o cultivo de algodão, principalmente nas terras de culturas, ou seja, terras com topografia acidentadas onde após a retirada da melhor madeira, eram realizadas as queimadas e introduzidas as lavouras “plantadas no toco” ou lavouras de coivaras.","lavouras, introduzidas, terras, áreas, desmatadas, foram, primeiras, comerciais"
PDI_UFSCAR,PDI UFSCAR.pdf,25,indefinido,"nos anos de , a cultura do trigo foi introduzida em grandes áreas no município.","anos, trigo, introduzida, grandes, áreas, município"
PDI_UFSCAR,PDI UFSCAR.pdf,26,indefinido,"por volta do ano , a cultura da soja chegou em grande escala, juntamente com máquinas e técnic as modernas.","volta, ano, soja, chegou, grande, escala, juntamente, máquinas"
PDI_UFSCAR,PDI UFSCAR.pdf,27,academica_formativa,"● trabalho interdisciplinar em ensino, pesquisa e extensão na ufscar e entre a ufscar e outras instituições de ensino e pesquisa, intra e intercursos, grupos, redes, projetos e culturas e em todas as modalidades (presencial e a distância), estimulando a inserção dos(as) estudantes nessas iniciativas;","ensino, pesquisa, ufscar, trabalho, interdisciplinar, extensão, outras, instituições"
PDI_UFSCAR,PDI UFSCAR.pdf,28,academica_formativa,"● atividades de ensino, pesquisa e extensão voltadas para a sustentabilidade em suas diferentes dimensões, tais como ambiental, social, econômica e cultural, em todos os níveis de atuação na e da instituição;","atividades, ensino, pesquisa, extensão, voltadas, sustentabilidade, diferentes, dimensões"
PDI_UFSCAR,PDI UFSCAR.pdf,29,academica_formativa,"outras experiências pedagógicas inovadoras incorporadas à universidade também podem oferecer atividades extensionais mais participativas, de modo a ampliar não apenas o conteúdo metodológico, assim como a formação cultural do aluno .","outras, experiências, pedagógicas, inovadoras, incorporadas, também, podem, oferecer"
PDI_UFSCAR,PDI UFSCAR.pdf,30,diversidade_inclusao,"eles devem ainda ser capazes de compreender e apreciar a diversidade cultural, cientes dos impactos de suas ações e decisões, e serem capazes de contribuir para a diminuição da desigualdade social para a construção de uma sociedade mais justa e sustentável.","capazes, eles, devem, ainda, compreender, apreciar, diversidade, cientes"
PDI_UFSCAR,PDI UFSCAR.pdf,31,indefinido,"aprender a reconhecer as diversidades étnicas, econômicas, políticas, sociais, religiosas e culturais e enxergá-las como legítimas manifestações do outro são traduções do primeiro passo para a eliminação de conflitos.","aprender, reconhecer, diversidades, étnicas, econômicas, políticas, sociais, religiosas"
PDI_UFSCAR,PDI UFSCAR.pdf,32,indefinido,"respeitar as diferenças culturais, políticas e religiosas, além de cumprir deveres (figura ).","respeitar, diferenças, políticas, religiosas, além, cumprir, deveres, figura"
PDI_UFSCAR,PDI UFSCAR.pdf,33,diversidade_inclusao,"buscar no processo de formação do egresso, destacam -se os aspectos humanos, como a desvalorização da cultura geral e humanista, a ideologia única, a influência da mídia, a exacerbação de preconceitos, a mudança e a individualização dos valores éticos e morais.","buscar, processo, formação, egresso, destacam, aspectos, humanos, desvalorização"
PDI_UFSCAR,PDI UFSCAR.pdf,34,indefinido,conhecimento/valorização/contribuição para preservação de diferentes culturas.,"conhecimento, valorização, contribuição, preservação, diferentes"
PDI_UFSCAR,PDI UFSCAR.pdf,35,indefinido,"a ciência torna -se além de um bem cultural, a base do desenvolvimento econômico.","ciência, torna, além, bem, base, desenvolvimento, econômico"
PDI_UFSCAR,PDI UFSCAR.pdf,36,academica_formativa,"▪ promoção de condições e valorização do trabalho interdisciplinar e interprofissional em ensino, pesquisa e extensão na ufscar e entre a ufscar e outras instituições de ensino e pesquisa, intra e intercursos, grupos, redes, projetos e culturas e em todas as modalidades presencial, a distância e abordam híbrida, estimulando a inserção dos estudantes nessas iniciativas;","ensino, pesquisa, ufscar, promoção, condições, valorização, trabalho, interdisciplinar"
PDI_UFSCAR,PDI UFSCAR.pdf,37,artistica_patrimonial,"▪ adoção da pesquisa e da extensão como princípio educativo, incorporadas às práticas de ensino e desenvolvimento do aprendizado nos currículos dos cursos, com incentivo e apoio a atividades voltadas para a sustentabilidade em suas diferentes dimensões, tais como ambiental, social, econômica e cultural, em todos os níveis de atuação na e da instituição ▪ promoção da arte e a cultura local e nacional.","adoção, pesquisa, extensão, princípio, educativo, incorporadas, s, práticas"
PDI_UFSCAR,PDI UFSCAR.pdf,38,academica_formativa,na formação do estudante também se torna imprescindível a busca de intercâmbios culturais e novos conhecimentos para além dos muros da ufscar.,"formação, estudante, também, torna, imprescindível, busca, intercâmbios, novos"
PDI_UFSCAR,PDI UFSCAR.pdf,39,artistica_patrimonial,"os mestrados acadêmicos visam enriquecer a competência didática, científica, artística, cultural e profissional dos graduados, podendo ser concebidos como etapa preliminar do doutorado ou como nível terminal, ou ainda, revestir-se simultaneamente de ambas as características.","mestrados, acadêmicos, visam, enriquecer, competência, didática, científica, artística"
PDI_UFSCAR,PDI UFSCAR.pdf,40,artistica_patrimonial,"as políticas de extensão na ufscar estão comprometidas com o fortalecimento da função da universidade pública, isto é, produzir, sistematizar e difundir conhecimentos e saberes plurais de forma dialógica e comprometida com as demandas e urgências da sociedade, dado os desafios sociais, culturais, ambientais, políticos, tecnológicos, entre outros.","políticas, extensão, ufscar, estão, comprometidas, fortalecimento, função, pública"
PDI_UFSCAR,PDI UFSCAR.pdf,41,academica_formativa,"a extensão universitária, sob o princípio constitucional da indissociabilidade entre ensino, pesquisa e extensão, é um processo interdisciplinar, educativo, cultural, científico e político que promove a interação transformadora entre universidades e outros setores da sociedade.","extensão, universitária, sob, princípio, constitucional, indissociabilidade, ensino, pesquisa"
PDI_UFSCAR,PDI UFSCAR.pdf,42,academica_formativa,"[…] a atividade que se integra à matriz curricular e à organização da pesquisa, constituindo-se em processo interdisciplinar, político educacional, cultural, científico, tecnológico, que promove a interação transformadora entre as instituições de ensino superior e os outros setores da sociedade, por meio da produção e da aplicação do conhecimento, em articulação permanente com o ensino e a pesquisa.","pesquisa, ensino, atividade, integra, matriz, curricular, organização, constituindo"
PDI_UFSCAR,PDI UFSCAR.pdf,43,artistica_patrimonial,"a extensão universitária, na instituição, deve contribuir para a formação de qualidade em todos os aspectos de estudantes e pesquisadores, bem como para a produção científica da universidade, que atenda o bem-estar das pessoas, e que fortaleça as artes e cultura, a justiça e a democracia, em consonância com a concepção e a prática das i.","bem, extensão, universitária, instituição, deve, contribuir, formação, qualidade"
PDI_UFSCAR,PDI UFSCAR.pdf,44,academica_formativa,"a articulação entre ensino/extensão/pesquisa, ancorada em processo pedagógico único, interdisciplinar, político educacional, cultural, científico e tecnológico.","articulação, ensino, extensão, pesquisa, ancorada, processo, pedagógico, único"
PDI_UFSCAR,PDI UFSCAR.pdf,45,artistica_patrimonial,"é, ainda, relevante destacar os aspectos das políticas de extensão que se referem à cultura.","é, ainda, relevante, destacar, aspectos, políticas, extensão, referem"
PDI_UFSCAR,PDI UFSCAR.pdf,46,indefinido,"a universidade como instituição tem uma relação intrínseca e deve assumir a função de garantir o efetivo caráter público de que em princípio se revestem os bens de cultura historicamente legados ao presente, a partir da responsabilidade pela democracia e pela democratização, considerando a cultura como direito e a partir de suas dimensões simbólicas, econômicas e cidadã.","partir, instituição, tem, relação, intrínseca, deve, assumir, função"
PDI_UFSCAR,PDI UFSCAR.pdf,47,indefinido,"desta forma, as diretrizes específicas para cultura são:","desta, forma, diretrizes, específicas, são"
PDI_UFSCAR,PDI UFSCAR.pdf,48,indefinido,"cultura quadrienal da ufscar, a partir de conceitos e princípios colaborativos e comprometidos com as demandas democráticas, plurais e capazes de promover reparações históricas;","quadrienal, ufscar, partir, conceitos, princípios, colaborativos, comprometidos, demandas"
PDI_UFSCAR,PDI UFSCAR.pdf,49,indefinido,"▪ ampliação das condições de infraestrutura, recursos e pessoal para a implementação dos planos de cultura para o fomento de atividades, projetos e produções culturais, executadas pela comunidade acadêmica da ufscar;","ampliação, condições, infraestrutura, recursos, pessoal, implementação, planos, fomento"
PDI_UFSCAR,PDI UFSCAR.pdf,50,artistica_patrimonial,"v) promover e apoiar acervos, bens, registros e patrimônios culturais histórico, artístico e a memória material e imaterial da ufscar;","v, promover, apoiar, acervos, bens, registros, patrimônios, histórico"
PDI_UFSCAR,PDI UFSCAR.pdf,51,indefinido,"▪ fomento de ações por meio de apoio de bolsas e recursos para a criação, desenvolvimento, promoção, produção e divulgação de atividades culturais;","fomento, ações, meio, apoio, bolsas, recursos, criação, desenvolvimento"
PDI_UFSCAR,PDI UFSCAR.pdf,52,artistica_patrimonial,"▪ estímulo à presença e da participação da arte e da cultura na formação acadêmica crítica, independente de campos ou áreas;","estímulo, presença, participação, arte, formação, acadêmica, crítica, independente"
PDI_UFSCAR,PDI UFSCAR.pdf,53,indefinido,"▪ promoção da integração com demais ações, projetos, setores e pró-reitorias para contribuir e ampliar as ações culturais que promovam e valorizem lutas antirracistas, feministas, contra os preconceitos, estereótipos e discriminações de gênero, sexualidade, o machismo, a intolerância religio sa, a aporofobia, o ageísmo, o capacitismo, a xenofobia, entre outras violações e violências;","ações, promoção, integração, demais, projetos, setores, pró, reitorias"
PDI_UFSCAR,PDI UFSCAR.pdf,54,artistica_patrimonial,"▪ colaboração com estratégias e promoção de campanhas, concursos, eventos, festivais, encontros, seminários, oficinas, exposições e outras iniciativas que objetivem o estímulo às artes, à cultura e à divulgação do patrimônio artístico e cultural;","colaboração, estratégias, promoção, campanhas, concursos, eventos, festivais, encontros"
PDI_UFSCAR,PDI UFSCAR.pdf,55,indefinido,e ▪ promoção da busca de parcerias internas e externas para colaborar com a redes de cooperação cultural.,"promoção, busca, parcerias, internas, externas, colaborar, redes, cooperação"
PDI_UFSCAR,PDI UFSCAR.pdf,56,diversidade_inclusao,"nesse sentido, a universidade ta mbém estabelece políticas institucionais que direcionam suas ações à valorização da diversidade, do meio ambiente, da memória cultural, da produção artística e do patrimônio cultural, além de ações afirmativas de defesa e promoção dos direitos humanos e da igualdade étnico-racial.","ações, nesse, sentido, ta, mbém, estabelece, políticas, institucionais"
PDI_UFSCAR,PDI UFSCAR.pdf,57,artistica_patrimonial,▪ incentivo ao desenvolvimento de ações voltadas para a preservação e a difusão do patrimônio artístico e cultural das regiões em que se encontram instalados os quatro campi da ufscar;,"incentivo, desenvolvimento, ações, voltadas, preservação, difusão, patrimônio, artístico"
PDI_UFSCAR,PDI UFSCAR.pdf,58,organizacional_gestao,▪ desenvolvimento da governança institucional dos processos que favoreçam o fortalecimento de uma instituição não -violenta e promotora da cultura da paz.,"desenvolvimento, governança, processos, favoreçam, fortalecimento, instituição, não, violenta"
PDI_UFSCAR,PDI UFSCAR.pdf,59,indefinido,"▪ promoção na comunidade universitária de comportamentos, atitudes, práticas de vida e hábitos saudáveis, de modo a ampliar a cultura de valorização da saúde e da qualidade de vida;","vida, promoção, comunidade, universitária, comportamentos, atitudes, práticas, hábitos"
PDI_UFSCAR,PDI UFSCAR.pdf,60,diversidade_inclusao,"▪ criação de espaços de diálogo, convivência e acolhimento de modo a ampliar a conscientização, a corresponsabilidade, a autonomia e o protagonismo dos membros da comunidade universitária, no que tange a construção de uma cultura de paz e de respeito à diversidade e a prevenção de toda e qualquer manifestação de violência;","criação, espaços, diálogo, convivência, acolhimento, modo, ampliar, conscientização"
PDI_UFSCAR,PDI UFSCAR.pdf,61,organizacional_gestao,"▪ promoção de uma gestão que assegure a qualidade social e ambiental, assegurando a integração e melhoria da qualidade de vida da comunidade universitária e conservação do patrimônio histórico e cultural.","qualidade, promoção, gestão, assegure, social, ambiental, assegurando, integração"
PDI_UFSCAR,PDI UFSCAR.pdf,62,artistica_patrimonial,"c) na divulgação científico -tecnológica, no estímulo às manifestações artístico-culturais, das demais ações de extensão e na difusão da cultura da extensão universitária;","extensão, c, divulgação, científico, tecnológica, estímulo, s, manifestações"
PDI_UFSCAR,PDI UFSCAR.pdf,63,artistica_patrimonial,", de de novembro de , que criou o programa , suas atividades se iniciaram em , permitindo uma edição de fomento à arte e cultura junto ao espaço da moradia estudantil do campus d) resolução coace n.","novembro, criou, programa, atividades, iniciaram, permitindo, edição, fomento"
PDI_UFSCAR,PDI UFSCAR.pdf,64,indefinido,os recursos que su stentam este programa são administrados pelo fundo superior (promisaes) tem o objetivo de fomentar a cooperação técnico -científica e cultural entre o brasil e os países com os quais mantém acordos – em especial os países africanos e latino-americanos – nas áreas de educação e cultura.,"países, recursos, su, stentam, programa, são, administrados, fundo"
PDI_UFSCAR,PDI UFSCAR.pdf,65,artistica_patrimonial,"que visa armazenar, preservar, organizar e disseminar amplamente a produção intelectual dos diversos setores e segmentos da comunidade da ufscar, provendo o acesso aberto à informação produzida na instituição e registrada como científica, tecnológica, didática, artístico-cultural e técnico-administrativa.","visa, armazenar, preservar, organizar, disseminar, amplamente, produção, intelectual"
PDI_UFSCAR,PDI UFSCAR.pdf,66,indefinido,"geralmente é utilizado para a realização de grandes eventos acadêmicos, científicos e culturais.","geralmente, é, utilizado, realização, grandes, eventos, acadêmicos, científicos"
PDI_UFSCAR,PDI UFSCAR.pdf,67,indefinido,"salas de aulas auditórios, anfiteatros e teatros laboratórios informática laboratórios específicos esporte, cultura e lazer araras sorocaba salas de aulas auditórios, anfiteatros e teatros laboratórios informática laboratórios específicos esporte, cultura e lazer lagoa do sino tabela - evolução da infraestrutura física (m²) em cada campus, por ano são carlos .","laboratórios, salas, aulas, auditórios, anfiteatros, teatros, informática, específicos"
PDI_UFSCAR,PDI UFSCAR.pdf,68,inovacao_empreendedorismo,"além das áreas destinadas para o acervo e estudos, há também espaços para outras atividades nas bibliotecas, tais como eventos culturais, exposições, projetos realizados pela equipe do sibi-ufscar e projetos desenvolvidos em parcerias com outras unidades ao empreendedorismo e inovação.","outras, projetos, além, áreas, destinadas, acervo, estudos, há"
PDI_UFSCAR,PDI UFSCAR.pdf,69,artistica_patrimonial,"memória arquivística, memória museológica, memória iconográfica, memória fotográfica, memória bibliográfica e especial, memória audiovisual, memória arquitetônica, memór ia da paisagem, patrimônio cultural e imaterial e patrimônio histórico, local, regional e arqueológico.","memória, patrimônio, arquivística, museológica, iconográfica, fotográfica, bibliográfica, especial"
PDI_UFSCAR,PDI UFSCAR.pdf,70,organizacional_gestao,", a gestão de riscos deverá estar integrada aos processos de planejamento estratégico, tático e operacional, à gestão e à cultura organizacional da ufscar, e sua execução deverá considerar o plano estratégico da ufscar.","gestão, deverá, estratégico, ufscar, riscos, estar, integrada, processos"
PDI_UFSCAR,PDI UFSCAR.pdf,71,organizacional_gestao,"● a gestão de riscos deverá estar integrada aos processos de planejamento estratégico, tático e operacional, à gestão e à cultura organizacional da e os princípios da administração pública;","gestão, riscos, deverá, estar, integrada, processos, planejamento, estratégico"
PDI_UFSCAR,PDI UFSCAR.pdf,72,organizacional_gestao,"esse processo de gestão de riscos é aplicado a uma ampla gama das atividades da ufscar, em todos os níveis, incluindo estratégias, decisões, operações, processos, funções, projetos, produtos, serviços e ativos, e é suportado pela cultura e pela estrutura de gestão de riscos da universidade.","gestão, riscos, é, esse, processo, aplicado, ampla, gama"
PDI_UFSCAR,PDI UFSCAR.pdf,73,artistica_patrimonial,"implementada promover a preservação e do patrimônio histórico- cultural da ufscar de memória da universidade com diretrizes para preservação histórica de prédios, documentos e outros materiais relevantes.","preservação, implementada, promover, patrimônio, histórico, ufscar, memória, diretrizes"
PDI_UFSCAR,PDI UFSCAR.pdf,74,artistica_patrimonial,artístico/ cultural das comunidades universitária e externa.,"artístico, comunidades, universitária, externa"
PDI_UFSCAR,PDI UFSCAR.pdf,75,artistica_patrimonial,elaborar estudo pormenorizado sobre o potenciar artístico/cultural da comunidade universitária ação:,"elaborar, estudo, pormenorizado, sobre, potenciar, artístico, comunidade, universitária"
PDI_UFSCAR,PDI UFSCAR.pdf,76,artistica_patrimonial,- criar políticas específicas de incentivo à produção artísticas/cultural elaborar a provar regulamento que institucionalize de políticas de incentivo à produção artísticas/cultural ação:,"políticas, incentivo, produção, artísticas, criar, específicas, elaborar, provar"
PDI_UFSCAR,PDI UFSCAR.pdf,77,artistica_patrimonial,implementada instituir políticas específicas de incentivo à produção artística/cultural regulamento que institucionalize políticas de incentivo à produção artísticas/cultural aprovação dos regulamentos ação:,"políticas, incentivo, produção, implementada, instituir, específicas, artística, regulamento"
PDI_UFSCAR,PDI UFSCAR.pdf,78,artistica_patrimonial,implementada reforma e melhoria dos espaços e equipamentos culturais dos campi da ufscar para a produção e difusão de ações de arte e cultura.,"implementada, reforma, melhoria, espaços, equipamentos, campi, ufscar, produção"
PDI_UFSCAR,PDI UFSCAR.pdf,79,indefinido,"de uso de equipamentos culturais e espaços dos campi, tais como:","uso, equipamentos, espaços, campi, tais"
PDI_UFSCAR,PDI UFSCAR.pdf,80,organizacional_gestao,- criar e e fortalecer as estruturas e instrumentos específicos para gestão cultural na ufscar.,"criar, fortalecer, estruturas, instrumentos, específicos, gestão, ufscar"
PDI_UFSCAR,PDI UFSCAR.pdf,81,organizacional_gestao,"estabelecimento de instrumento de gestão de gestão cultural na ufscar, responsável pelo acompanhamento, viabilidade e avaliação do plano de cultura ação:","gestão, estabelecimento, instrumento, ufscar, responsável, acompanhamento, viabilidade, avaliação"
PDI_UFSCAR,PDI UFSCAR.pdf,82,diversidade_inclusao,"implementada aos bens artísticos e culturais incentivando a participação de estudantes, servidores e egressos em atividades artísticas e culturais promovendo os direitos humanos e o exercício da cidadania.","implementada, bens, artísticos, incentivando, participação, estudantes, servidores, egressos"
PDI_UFSCAR,PDI UFSCAR.pdf,83,indefinido,"normativos, programas e planos que promovam o acesso aos espaços e equipamentos culturais ação:","normativos, programas, planos, promovam, acesso, espaços, equipamentos, ação"
PDI_UFSCAR,PDI UFSCAR.pdf,84,artistica_patrimonial,"- incentivar e fomentar a produção e o desenvolvimento de ações, projetos e programas artísticos e culturais voltados à valorização do patrimônio, da memória, das normativos, programas e planos que promovam voltados à valorização do patrimônio, da ação:","programas, voltados, valorização, patrimônio, incentivar, fomentar, produção, desenvolvimento"
PDI_UFSCAR,PDI UFSCAR.pdf,85,diversidade_inclusao,"implementada identidades e da diversidade cultural brasileira através das diversas linguagens, práticas, meios e suportes.","implementada, identidades, diversidade, brasileira, através, diversas, linguagens, práticas"
PDI_UFSCAR,PDI UFSCAR.pdf,86,diversidade_inclusao,"memória, das identidades e da diversidade cultural brasileira insatisfatória;","memória, identidades, diversidade, brasileira, insatisfatória"
PDI_UFSCAR,PDI UFSCAR.pdf,87,artistica_patrimonial,"campo da arte, da cultura, do patrimônio e das políticas culturais, incentivando a troca de saberes, conhecimentos e experiências, valorizando as expressões, práticas e manifestações artísticas e culturais, bem como os artistas e grupos culturais locais.","campo, arte, patrimônio, políticas, incentivando, troca, saberes, conhecimentos"
PDI_UFSCAR,PDI UFSCAR.pdf,88,artistica_patrimonial,"contemplem pesquisas no campo da arte, da cultura, do patrimônio e das políticas culturais ação:","contemplem, pesquisas, campo, arte, patrimônio, políticas, ação"
PDI_UFSCAR,PDI UFSCAR.pdf,89,artistica_patrimonial,"- promover a presença da arte e da cultura no ambiente educacional estimulando a criação cultural, o desenvolvimento do espírito científico e do pensamento reflexivo de modo a contribuir para a educação integral dos estudantes.","promover, presença, arte, ambiente, educacional, estimulando, criação, desenvolvimento"
PDI_UFSCAR,PDI UFSCAR.pdf,90,artistica_patrimonial,"normativos, programas e planos que promovam a arte e a cultura no ambiente educacional ação:","normativos, programas, planos, promovam, arte, ambiente, educacional, ação"
PDI_UFSCAR,PDI UFSCAR.pdf,91,artistica_patrimonial,"implementada com entidades e movimentos culturais públicos e privados para o desenvolvimento de programas, projetos e ações de arte e da cultura, voltados para a valorização da memória, do patrimônio, da identidade e da diversidade cultural.","implementada, entidades, movimentos, públicos, privados, desenvolvimento, programas, projetos"
PDI_UFSJ,PDI UFSJ.pdf,1,indefinido,", de atualmente, a instituição estrutura-se em seis unidades educacionais, três equipamentos culturais e duas fazendas experimentais.","atualmente, instituição, estrutura, seis, unidades, educacionais, três, equipamentos"
PDI_UFSJ,PDI UFSJ.pdf,2,artistica_patrimonial,"articulado a esse processo, a ufsj deverá proporcionar plenas condições para auxiliar na condução dos projetos artísticos, de modo a consolidar a implementação da juntamente com o inverno cultural e seus dez programas extensionistas vinculados até , a ufsj promoveu ações artístico-culturais, possibilitando a democratização de acesso e uso de bens artístico-culturais para cerca de mil pessoas.","ufsj, artístico, articulado, esse, processo, deverá, proporcionar, plenas"
PDI_UFSJ,PDI UFSJ.pdf,3,artistica_patrimonial,"diálogo interinstitucional com fundações de apoio as fundações de apoio são instituições criadas com a finalidade de apoiar, administrativamente, ações de ensino, pesquisa, extensão, artístico-culturais e de desenvolvimento institucional, científico e tecnológico, de interesse da ufsj.","fundações, apoio, diálogo, interinstitucional, são, instituições, criadas, finalidade"
PDI_UFSJ,PDI UFSJ.pdf,4,indefinido,"/ , sendo que novas oportunidades e possibilidades se colocam no horizonte dessa relação a partir da entrada em vigor da lei nº , foi criada com o objetivo de apoiar o desenvolvimento da universidade e exercer e divulgar outras atividades de auxílio ao desenvolvimento técnico, científico e cultural.","desenvolvimento, sendo, novas, oportunidades, possibilidades, colocam, horizonte, dessa"
PDI_UFSJ,PDI UFSJ.pdf,5,artistica_patrimonial,"por mais de anos, a ufsj, em parceria com a fauf, desenvolve programas que geram resultados positivos e beneficiam a sociedade, por meio de projetos tecnológicos, científicos, sociais e artístico-culturais.","mais, anos, ufsj, parceria, fauf, desenvolve, programas, geram"
PDI_UFSJ,PDI UFSJ.pdf,6,academica_formativa,"esses projetos envolveram diversas áreas acadêmicas, dentre elas, a pesquisa científica básica ou aplicada, inovação e desenvolvimento de tecnologias e produtos, infraestrutura laboratorial e acadêmica e formação de recursos humanos, contribuindo para o desenvolvimento de atividades que resultaram em geração, divulgação e transmissão de conhecimentos técnico, científico e cultural.","desenvolvimento, esses, projetos, envolveram, diversas, áreas, acadêmicas, dentre"
PDI_UFSJ,PDI UFSJ.pdf,7,academica_formativa,"a fundação tem por finalidade apoiar e promover o desenvolvimento de atividades culturais, especialmente as relacionadas à música, no campo do ensino, extensão e pesquisa.","fundação, tem, finalidade, apoiar, promover, desenvolvimento, atividades, especialmente"
PDI_UFSJ,PDI UFSJ.pdf,8,artistica_patrimonial,"para além da preservação do seu acervo material, o cerem tem como objetivos a promoção da memória musical, atividades educativas e artístico-culturais e o fomento de pesquisas relacionadas com a música.","além, preservação, acervo, material, cerem, tem, objetivos, promoção"
PDI_UFSJ,PDI UFSJ.pdf,9,diversidade_inclusao,"a partir da publicação da resolução interna, a ufsj passará a ter uma série de ações, no próximo ciclo do pdi, necessárias para o desenvolvimento da cultura de acessibilidade na universidade, assim como a execução de programas e atividades de inclusão, a fim de minimizar as barreiras físicas, comunicacionais, metodológicas, instrumentais, programáticas e atitudinais.","partir, publicação, resolução, interna, ufsj, passará, ter, série"
PDI_UFSJ,PDI UFSJ.pdf,10,indefinido,programa de bolsas para fomentar a cooperação técnico-científica e cultural entre o brasil e os países com os quais mantém acordos – em especial os africanos – nas áreas de educação e cultura.,"programa, bolsas, fomentar, cooperação, técnico, científica, brasil, países"
PDI_UFSJ,PDI UFSJ.pdf,11,diversidade_inclusao,"para o ciclo - , partiram da comunidade acadêmica demandas por ações necessárias para o aprimoramento da cultura institucional da universidade, na direção de maior transparência, agilidade e posicionamento em defesa do serviço público gratuito e de qualidade, buscando ser uma instituição exemplar em termos de acessibilidade e inclusão, promovendo a superação de barreiras físicas, comunicacionais, metodológicas, instrumentais, programáticas e atitudinais, assim como atuando conjuntamente com a comunidade externa na superação das condições de precariedade humana e desigualdades.","comunidade, superação, ciclo, partiram, acadêmica, demandas, ações, necessárias"
PDI_UFSJ,PDI UFSJ.pdf,12,inovacao_empreendedorismo,"● desenvolvimento cultural, científico, artístico, tecnológico, social e econômico da região, do estado e do país;","desenvolvimento, científico, artístico, tecnológico, social, econômico, região, estado"
PDI_UFSJ,PDI UFSJ.pdf,13,academica_formativa,"missão a ufsj, como instituição pública, assume a missão de educar, desenvolvendo com excelência as atividades de ensino, extensão e pesquisa de forma indissociável, contribuindo na indução de mudanças e avanços na direção de uma sociedade justa e igualitária, por meio do encontro, da análise e da construção de práticas e conhecimentos, considerando os contextos acadêmicos, éticos, culturais, sociais e ambientais.","missão, ufsj, instituição, pública, assume, educar, desenvolvendo, excelência"
PDI_UFSJ,PDI UFSJ.pdf,14,indefinido,"a noção de humanidade, aqui adotada, não se refere a dados meramente demográficos, mas a um conjunto de valores considerados válidos, necessários e dignos de serem perseguidos, tais como a alteridade, a justiça, a dignidade humana, o direito dos povos, a liberdade, as diferenças culturais.","noção, humanidade, aqui, adotada, não, refere, dados, meramente"
PDI_UFSJ,PDI UFSJ.pdf,15,academica_formativa,"4º de seu estatuto, tem por finalidade a geração, o desenvolvimento, a transmissão e a aplicação de conhecimentos por meio do ensino, da pesquisa e da extensão, de forma indissociável entre si e integrados na educação do cidadão, na formação científica e técnico-profissional, na difusão da cultura e na produção filosófica, artística, científica e tecnológica.","científica, estatuto, tem, finalidade, geração, desenvolvimento, transmissão, aplicação"
PDI_UFSJ,PDI UFSJ.pdf,16,academica_formativa,● incentivar a pesquisa científica e tecnológica e a produção cultural;,"incentivar, pesquisa, científica, tecnológica, produção"
PDI_UFSJ,PDI UFSJ.pdf,17,artistica_patrimonial,"● promover ampla divulgação dos conhecimentos culturais, científicos e técnicos, tanto aqueles que constituem patrimônio da humanidade, quanto os produzidos ● incentivar o permanente aperfeiçoamento científico, cultural e profissional.","promover, ampla, divulgação, conhecimentos, científicos, técnicos, tanto, aqueles"
PDI_UFSJ,PDI UFSJ.pdf,18,indefinido,"● estabelecer com a comunidade uma relação de reciprocidade, através da qual a universidade coloque ao alcance dela, por meio de cursos e serviços especializados, a técnica, a cultura e os resultados das pesquisas que realizar;","estabelecer, comunidade, relação, reciprocidade, através, qual, coloque, alcance"
PDI_UFSJ,PDI UFSJ.pdf,19,indefinido,● aperfeiçoar a cultura de avaliação e de prestação de contas de suas atividades à comunidade interna e externa.,"aperfeiçoar, avaliação, prestação, contas, atividades, comunidade, interna, externa"
PDI_UFSJ,PDI UFSJ.pdf,20,academica_formativa,"entre outras total de campanhas realizadas ampliação do número de auxílios para participação em atividades pedagógicas, apresentação e participação em eventos acadêmicos, científicos e culturais total de auxílios concedidos consolidação da participação de discentes em vulnerabilidade socioeconômica em programas de ensino, extensão e pesquisa total de participantes por programa criação de ferramentas para acompanhamento das taxas de retenção e evasão dos discentes taxa de retenção taxa de evasão objetivo :","total, participação, auxílios, discentes, retenção, evasão, taxa, outras"
PDI_UFSJ,PDI UFSJ.pdf,21,artistica_patrimonial,"propor e implantar políticas de apoio às atividades estudantis nas áreas de artes, esporte, lazer, cultura e meio ambiente criação de hortas comunitárias e o plantio de árvores frutíferas em espaços de convivência levantamento de espaços potenciais realizado espaços efetivamente utilizados estudantil implementação de sistema de registro de projetos de lazer para a comunidade acadêmica número de projetos cadastrados objetivo :","espaços, lazer, projetos, propor, implantar, políticas, apoio, s"
PDI_UFSJ,PDI UFSJ.pdf,22,diversidade_inclusao,"adequar e reestruturar os espaços institucionais contenção das erosões nas unidades da ufsj número de estudos e diagnósticos dos espaços realizados orçamento disponibilizado projetos complementares realizados projeto básico executivo realizado licitações realizadas obras concluídas consumo de energia elétrica volume de recursos externos captados de parceiros adequação das instalações dos restaurantes universitários no cap, promoção da acessibilidade arquitetônica adequação das instalações de combate à incêndios à legislação vigente nas edificações e áreas externas em todas as unidades educacionais adequação, às normas vigentes, das instalações utilizadas para guarda de produtos contaminantes, tóxicos e de uso controlado para atender aos laboratórios em todas as unidades educacionais revitalização e construção de espaços para práticas esportivas e de convivência em todos as unidades educacionais instalação de usinas fotovoltaicas de microprodução de energia elétrica visando a utilização de fonte alternativa de energia nas unidades educacionais e outras ações de eficiência energética elaboração de planos diretores e de ocupação para as unidades da planos diretores e de ocupação do cap e ctan revisados e aprovados planos diretores e de ocupação dos campi, equipamentos culturais e fazendas aprovados objetivo :","unidades, educacionais, espaços, energia, adequação, instalações, planos, diretores"
PDI_UFSJ,PDI UFSJ.pdf,23,academica_formativa,"aos processos interdisciplinares na área de empreendedorismo, gestão de inovação e propriedade intelectual, abrangendo o ensino de graduação e pós-graduação categorização e tratamento característico a projetos e pesquisas como atividade de desenvolvimento de inovação tecnológica, cujo objeto é definido a partir da identificação das deficiências do estado da técnica, de aplicação industrial e potencial para transferência de tecnologia número de transferência e licenciamento de tecnologia dos pedidos de patentes e software registrados número de servidores atuando no núcleo de quantidade de empresas admitidas no programa de incubação institucional agenda de atividades voltadas ao incentivo do ecossistema regional de inovação, com surgimento de spin-offs acadêmicas, abrangendo todas unidades da estágio de implantação de mecanismo de gestão de projetos de desenvolvimento de inovação tecnológica quantidade de dispositivos regulamentadores e de incentivo à participação de docentes nas atividades de gestão de inovação tecnológica e de assessoramento prestada às empresas incubadas e regulamentação dos fundos de estímulo à inovação e de manutenção do netec definição e implementação do mecanismo de gestão de projetos de desenvolvimento de inovação tecnológica ampliação, no netec, do quadro técnico e recursos tecnológicos apropriados para gestão dos projetos, proteção da propriedade intelectual e negociação de tecnologias e incubação de empresas análise, por meio de aplicação da metodologia trl/crl, de todo o portfólio de pedidos de patentes e de softwares de titularidade da ufsj participação, em parceria com instituições regionais, na implantação dos ecossistemas de fomento a empreendedorismo e inovação tecnológica nas regiões de influência dos campi da ufsj estímulo à criação de spin-off acadêmicas incentivo à criação de dispositivos regulamentadores e de incentivo à participação de docentes nas atividades de gestão de inovação tecnológica e de assessoramento prestada às empresas incubadas constituição e regulamentação dos fundos de estímulo à inovação e de manutenção do netec contribuição para a excelência acadêmica dos programas institucionais com a incorporação da dimensão internacional aos cursos e programas número de oportunidades de mobilidade internacional ofertadas aos discentes e servidores número de projetos pedagógicos de curso com previsão de aproveitamento da experiência acadêmica internacional pelos discentes número de disciplinas e cursos ofertados em língua estrangeira ou com conteúdo de interesse global na ufsj, na modalidade educação presencial ou a distância número de professores visitantes estrangeiros nos cursos de graduação e pós-graduação número de dispositivos criados para o ingresso de discentes estrangeiros nos cursos de graduação e pós-graduação número docentes e discentes inseridos de redes internacionais de pesquisa número de parcerias internacionais ativas contribuição para a melhoria da formação do profissional global por meio da internacionalização do currículo e incorporação curricular da experiência internacional e de conteúdos de interesse global incorporação de ferramentas do ensino a distância e da aprendizagem virtual para promoção da internacionalização valorização da educação transnacional, que incorpora modelos, experiências, línguas e culturas de diferentes comunidades internacionais objetivo :","inovação, número, gestão, graduação, tecnológica, projetos, empresas, incentivo"
PDI_UFSJ,PDI UFSJ.pdf,24,diversidade_inclusao,"implementar a política linguística como ferramenta propulsora da internacionalização promoção e valorização do uso de línguas estrangeiras de acolhimento ofertados nas modalidades educação presencial e a distância número de eventos para conscientização a respeito da valorização e respeito à multiculturalidade e à diversidade realizados número de cursos de português preparatório ao pec-g e número de edições do exame celpe-bras aplicadas na instituição regulamentações da possibilidade do uso da língua estrangeira para propósitos acadêmicos e para fins de compor os processos de afastamento do país aprovadas apoio e promoção das culturas brasileiras e a acolhimento valorização do multiculturalismo e a inclusão social e combater a xenofobia, o racismo e o preconceito de qualquer natureza objetivo :","valorização, número, promoção, uso, acolhimento, respeito, implementar, política"
PDI_UFSJ,PDI UFSJ.pdf,25,indefinido,"aprimorar a infraestrutura e serviços prestados em cada campus construção de planos diretores e de ocupação para as unidades da ufsj planos diretores e de ocupação do cap e ctan revisados e aprovados planos diretores e de ocupação dos campi, equipamentos culturais e fazendas aprovados proposição, à(s) fundação(ões) de apoio credenciadas, da criação de representações nos campi número de escritórios implantados estabelecimento de parcerias com órgãos públicos responsáveis pela manutenção das vias e demais estruturas de acesso aos campi parcerias firmadas estruturas adequadas e acessíveis serviços de transporte público adequados e acessíveis às realidades dos campi criação de representação da assessoria internacional (assin) nas unidades da ufsj número de escritórios implantados objetivo :","campi, planos, diretores, ocupação, serviços, unidades, ufsj, aprovados"
PDI_UFSJ,PDI UFSJ.pdf,26,artistica_patrimonial,"do ponto de vista cultural, são joão del-rei se destaca por sua arquitetura e pela vocação artística, constituindo-se num importante espaço de atuação para os cursos de artes, arquitetura e humanidades.","arquitetura, ponto, vista, são, joão, del, rei, destaca"
PDI_UFSJ,PDI UFSJ.pdf,27,indefinido,"atua em oito áreas, tais como saúde, cultura, educação, meio ambiente e trabalho, com projetos e programas integrados às demandas apresentadas pela sociedade.","atua, oito, áreas, tais, saúde, educação, meio, ambiente"
PDI_UFSJ,PDI UFSJ.pdf,28,artistica_patrimonial,"em , foram desenvolvidos projetos focados na criação e circulação artística em âmbitos regional, nacional e internacional, além de dez programas artísticos vinculados ao inverno cultural e outras ações indutoras da valorização e desenvolvimento das artes nas presépios.","foram, desenvolvidos, projetos, focados, criação, circulação, artística, âmbitos"
PDI_UFSJ,PDI UFSJ.pdf,29,indefinido,"reconhecendo a importância da cooperação internacional no contexto educacional, econômico, cultural, social e político, a ufsj elegeu a internacionalização como uma das áreas de enfoque de seu pdi.","reconhecendo, importância, cooperação, internacional, contexto, educacional, econômico, social"
PDI_UFSJ,PDI UFSJ.pdf,30,artistica_patrimonial,"o conselho de ensino, pesquisa e extensão (conep) é o órgão superior de coordenação e supervisão das atividades de ensino, pesquisa e extensão, com funções normativa, deliberativa e consultiva no campo didático, científico, cultural, artístico e de interação com a sociedade;","ensino, pesquisa, extensão, conselho, conep, é, órgão, superior"
PDI_UFSJ,PDI UFSJ.pdf,31,artistica_patrimonial,"em um processo de construção coletiva em prol da democratização do acesso e uso de bens artístico-culturais, as artes, inseridas no âmbito da universidade, se colocam também no papel de formação integral e humanística dos sujeitos participantes, percebida em características como experimentação estética, ampliação do aparato crítico-apreciativo, a sociabilidade e sensorialidades.","processo, construção, coletiva, prol, democratização, acesso, uso, bens"
PDI_UFSJ,PDI UFSJ.pdf,32,academica_formativa,"extensão a extensão na universidade é a atividade que se integra ao regime curricular e à organização da pesquisa, constituindo-se em processo interdisciplinar, político educacional, cultural, científico, tecnológico, que promove a interação transformadora entre as instituições de educação superior e os outros setores da sociedade, por meio da produção e da aplicação do conhecimento, em articulação permanente com o ensino e a pesquisa.","extensão, pesquisa, é, atividade, integra, regime, curricular, organização"
PDI_UFSJ,PDI UFSJ.pdf,33,artistica_patrimonial,"essa concepção se concretiza nas ações orientadas para o bem-estar da coletividade, o desenvolvimento e a construção de práticas, saberes e conhecimentos destinados à proteção e melhoria da qualidade de vida da sociedade, levando-se em consideração os interesses da comunidade local, o estímulo a ações de desenvolvimento humano e social, a preservação do meio ambiente, da memória cultural, da produção e patrimônio artístico-cultural, dentre outros.","ações, desenvolvimento, essa, concepção, concretiza, orientadas, bem, estar"
PDI_UFSJ,PDI UFSJ.pdf,34,artistica_patrimonial,"o compromisso social também pode ser identificado nas diversas ações de artes, ensino, extensão e pesquisa comprometidas com o desenvolvimento social, com a formação docente nas licenciaturas voltadas para a educação básica pública, com a preservação da memória cultural, com a produção artística e preservação do patrimônio artístico-cultural.","social, preservação, compromisso, também, pode, identificado, diversas, ações"
PDI_UFSJ,PDI UFSJ.pdf,35,artistica_patrimonial,"–ii) indicador de articulação as ações de criação e circulação artísticas desenvolvidas na ufsj são avaliadas ao término de suas ações, com base na proposta aprovada, no relatório parcial ou final, no produto artístico-cultural, artigo completo ou relato de experiência, a partir dos seguintes indicadores:","ações, ii, indicador, articulação, criação, circulação, artísticas, desenvolvidas"
PDI_UFTM,PDI UFTM.pdf,1,academica_formativa,"previsão orçamentária e cronograma de execução anexo i anexo ii as instituições de ensino superior públicas têm relevante papel no desenvolvimento social, econômico e cultural da sociedade.","anexo, previsão, orçamentária, cronograma, execução, i, ii, instituições"
PDI_UFTM,PDI UFTM.pdf,2,diversidade_inclusao,"questões como ciência e tecnologia, acessibilidade e inclusão, saúde mental, meio ambiente e sustentabilidade, acesso à cultura, inclusão digital, diversidade, segurança, formação e empregabilidade, empreendedorismo e empregabilidade, eficiência no serviço público, democracia e liberdade, entre outras, são, portanto, temas presentes nos objetivos e metas deste documento.","inclusão, empregabilidade, questões, ciência, tecnologia, acessibilidade, saúde, mental"
PDI_UFTM,PDI UFTM.pdf,3,artistica_patrimonial,"expandir a realização de atividades culturais quantidade de atividades culturais no ano acompanhamento da inserção percentual de egressos acompanhados em relação aos alunos concluintes do ano anterior , % , % , % , % , % , % , % , % , % * acadêmico em meio digital percentual de acervo acadêmico em meio digital em relação ao total % % % % % % % % % % emissão e o registro de diploma em meio virtual percentual de diploma emitido e registrado em meio digital em relação ao total % % % % % % % % % % projeto de repositório criado e implementado em relação ao total % % % % % % % % % % bibliográfico percentual de ampliação do acervo bibliográfico em relação ao ano anterior , % , % , % , % , % , % % % , % , % disponibilização de acervo bibliográfico em formato digital quantidade de assinatura no ano à biblioteca virtual com acervo digital multidisciplinar convênios e termos de cooperação com instituições nacionais e internacionais quantidade de parcerias, convênios e termos de cooperação no ano meta :","ano, relação, digital, percentual, meio, acervo, quantidade, total"
PDI_UFTM,PDI UFTM.pdf,4,organizacional_gestao,"criar e/ou atualizar atos normativos (política de acompanhamento de universitária, entre outras políticas e outros normativos) quantidade de atos normativos criados e/ou atualizados no ano a disseminação da cultura da transparência na uftm número de ações visando a disseminação da cultura da transparência no ano estruturar o processo de gestão documental número de etapas concluídas no ano referentes à sistematização e estruturação do processo % % % % % % * , % * * o plano de gestão de riscos número de etapas concluídas no ano referentes à elaboração e implementação do plano de número de ações implementadas no ano elaboração e acompanhamento orçamentário número de etapas concluídas no ano referentes à elaboração e acompanhamento orçamentário de controle de bens patrimoniais número de etapas concluídas no ano referente ao aprimoramento dos mecanismos de controle de bens patrimoniais de custos número de etapas concluídas no ano referentes à implementação dos centros de custos para revisão da estrutura e atribuições de departamentos de remuneração pela função administrativa exercida pelos seus coordenadores estudo realizado objetivo - elevar a qualidade de vida e aprimorar o desenvolvimento dos servidores participação de servidores em ações de promoção da saúde quantidade de servidores participantes em ações de promoção da saúde no ano relacionadas à qualidade de vida no trabalho quantidade de ações no ano relacionadas à qualidade de vida no trabalho para o desenvolvimento de competências gerais, gerenciais e específicas quantidade de servidores capacitados no ano meta :","ano, número, ações, etapas, concluídas, quantidade, referentes, servidores"
PDI_UFTM,PDI UFTM.pdf,5,diversidade_inclusao,"ampliar ações para o desenvolvimento e capacitação de docentes quantidade de ações de desenvolvimento e capacitação de docentes realizadas no ano desenvolvimento na carreira quantidade de ações de desenvolvimento realizadas no ano aperfeiçoar instrumentos de acompanhamento da atuação dos servidores quantidade de instrumentos criados e/ou aperfeiçoados no ano dimensionamento de pessoal quantidade de áreas com dimensionamento efetivado no ano objetivo - promover desenvolvimento sustentável observando os pilares ambiental, social e financeiro participação da comunidade universitária em ações sustentáveis quantidade de participantes no ano em ações sustentáveis contratações sustentáveis número de etapas concluídas no ano referentes ao aprimoramento das ações de contratações sustentáveis de elaboração do plano de número de etapas concluídas no ano referentes à atualização da metodologia de elaboração do pls contexto regional e nacional visando desenvolvimento socioeconômico quantidade de parcerias realizadas no ano sensibilização ambiental quantidade de ações de sensibilização realizadas no ano sólidos número de etapas no ano referentes à implementação dos planos de sólidos plano de combate a incêndios na univerdecidade percentual de elaboração e implementação do plano de combate a incêndios na univerdecidade % % % % % % % % % % de arborização e paisagismo arborização e paisagismo criados/executados no ano visando aprimoramento do desempenho ambiental pontuação no ano do ui greenmetric comunidade com necessidades especiais quantidade de demandas atendidas no ano valorização da diversidade, defesa dos direitos humanos e igualdade étnico-racial quantidade de ações realizadas no ano convênios e/ou termos de cooperação visando investimento na universidade quantidade de parcerias, convênios e/ou termos de cooperação realizados no ano convênios e/ou termos de cooperação visando fomento para pesquisas quantidade de parcerias, convênios e/ou termos de cooperação realizados no ano objetivo - fortalecer as atividades de empreendedorismo e inovação e solicitação de registros de quantidade de elaboração e solicitação de registros de ano incentivo ao empreendedorismo número de ações de incentivo ao empreendedorismo no ano de tecnologia transferida no ano incentivo à cultura de inovação número de ações no ano de incentivo à cultura de inovação visando a promoção de atividades empreendedoras e geração de produtos de base tecnológica quantidade de parcerias no ano visando a promoção de atividades empreendedoras e geração de produtos de base tecnológica objetivo - promover a segurança patrimonial e pessoal número de etapas concluídas no ano referentes à elaboração e implementação do plano de segurança objetivo - aprimorar soluções de ti visando permitir acesso, armazenamento, gerenciamento e uso das informações de softwares à demanda percentual de atendimento da demanda no ano - softwares % % % % % % % % % % manutenções de softwares à demanda institucional percentual de atendimento da demanda no ano - manutenções de softwares % % % % % % % % % % tecnológicas de softwares percentual de atualizações tecnológicas no ano - softwares % % % % % % % % % % equipamentos de ti à demanda percentual de atendimento da demanda no ano - equipamentos de ti % % % % % % % % % % manutenções de equipamentos de ti à demanda institucional percentual de atendimento da demanda no ano - manutenções de equipamentos de ti % % % % % % % % % , % tecnológicas dos equipamentos de ti percentual de atualizações tecnológicas no ano - equipamentos de ti % % % % % % % % , % % infraestrutura física e tecnológica da rede de comunicação de dados e voz número de aprimoramentos realizados no ano relativas à segurança da informação número de ações aprimoradas no ano objetivo - promover melhoria na infraestrutura física buscando acessibilidade com adequação à acessibilidade em relação ao total de ambientes % % % % % % % % % % universitário de iturama de uma estrutura própria percentual de área construída no ano - campus % % demandas de melhorias de infraestrutura das unidades (reitoria e unidades vinculadas, universitário de iturama) a fim de aprimorar as atividades de apoio e de ensino, pesquisa e extensão quantidade de unidades com demandas mapeadas/ identificadas de estruturas próprias em substituição aos imóveis locados, considerando custos com aluguéis quantidade de imóveis atendidos no ano infraestrutura predial necessária para abrigar o almoxarifado central da uftm e do hc, o a garagem e demais serviços percentual de área construída no ano - serviços % % % % % % % % % % infraestrutura predial necessária para abrigar o ielachs percentual de área construída no ano - ielachs % % % % % % % % % % infraestrutura predial necessária para abrigar os laboratórios de percentual de área construída no ano - lab.","ano, quantidade, ações, percentual, número, demanda, visando, ti"
PDI_UFTM,PDI UFTM.pdf,6,inovacao_empreendedorismo,"% % % % % % % % % % infraestrutura predial necessária para abrigar as empresas juniores percentual de área construída no ano - % % % % % % % % % % de infraestrutura voltada a utilização e realização de eventos culturais percentual de área construída no ano - eventos culturais % % % % % % % % % % de infraestrutura física e tecnológica, necessária para utilização e realização de eventos científicos e culturais iturama percentual de área construída no ano - eventos científicos e culturais no iturama % % % % % % % % % % de infraestrutura necessária para abrigar a agência de inovação percentual de área construída no ano - agência de inovação % % % % % % % % % % de infraestrutura necessária percentual de área construída no ano - arquivo % % % % % % % % % % de infraestrutura predial necessária para abrigar o centro de inovação e tecnologia nas engenharias percentual de área construída no ano - centro nas engenharias % % % % % % % % % % de infraestrutura predial necessária para abrigar um humana percentual de área construída no ano – humana % % % % % % % % % % de infraestrutura necessária para funcionar o horto didático percentual de infraestrutura implementada no ano – % % % % % % % % % % de infraestrutura predial necessária para abrigar o ceppa percentual de área construída no ano - ceppa % % % % % % % % % % de infraestrutura para abrigar o em fitoterápicos percentual de área construída no ano - centro de produção e pesquisa em fitoterápicos % % % % % % de infraestrutura para abrigar o percentual de área construída no ano - núcleo de sustentabilidade % % % % % % % da proace para concentrar saúde) percentual de adequação de infraestrutura no ano - % % % % % % % % % % promoção da sustentabilidade nas construções e no gerenciamento do ambiente construído número de ações implementadas no ano de geração de energia elétrica baseado em captação quantidade de usinas implantadas no ano – * de geração de energia elétrica baseado em captação fotovoltaica no campus quantidade de usinas implantadas no ano – iturama aprovado * meta :","ano, infraestrutura, percentual, área, construída, necessária, abrigar, predial"
PDI_UFTM,PDI UFTM.pdf,7,inovacao_empreendedorismo,"atuar na geração, difusão e promoção de conhecimentos, e na formação de profissionais conscientes e comprometidos com o desenvolvimento socioeconômico, cultural e tecnológico, proporcionando a melhoria da qualidade de vida da população.","atuar, geração, difusão, promoção, conhecimentos, formação, profissionais, conscientes"
PDI_UFTM,PDI UFTM.pdf,8,indefinido,preservação e incentivo aos valores culturais;,"preservação, incentivo, valores"
PDI_UFTM,PDI UFTM.pdf,9,inovacao_empreendedorismo,"fomentar e realizar pesquisas orientadas ao desenvolvimento científico-tecnológico, cultural e social, nas áreas de conhecimento de sua competência;","fomentar, realizar, pesquisas, orientadas, desenvolvimento, científico, tecnológico, social"
PDI_UFTM,PDI UFTM.pdf,10,indefinido,"contribuir para o desenvolvimento da sociedade, mediante ações que venham a defrontar necessidades de ordem econômica, social, esportiva, cultural, ambiental e de saúde;","contribuir, desenvolvimento, sociedade, mediante, ações, venham, defrontar, necessidades"
PDI_UFTM,PDI UFTM.pdf,11,inovacao_empreendedorismo,"estimular a criação cultural e intelectual, além do desenvolvimento científico, tecnológico e do pensamento reflexivo;","estimular, criação, intelectual, além, desenvolvimento, científico, tecnológico, pensamento"
PDI_UFTM,PDI UFTM.pdf,12,artistica_patrimonial,"promover a divulgação de conhecimentos culturais, científicos e técnicos que constituem patrimônio da humanidade e disseminar o saber por meio do ensino, de publicações ou de outras formas de comunicação.","promover, divulgação, conhecimentos, científicos, técnicos, constituem, patrimônio, humanidade"
PDI_UFTM,PDI UFTM.pdf,13,indefinido,"envolver a comunidade universitária nas dimensões sociais, políticas, culturais e econômicas da sociedade, tendo, para tanto, o indivíduo, a coletividade e o meio ambiente como atenção e preocupação centrais;","envolver, comunidade, universitária, dimensões, sociais, políticas, econômicas, sociedade"
PDI_UFTM,PDI UFTM.pdf,14,indefinido,proporcionar a todos as mesmas oportunidades e condições de desenvolvimento intelectual e cultural;,"proporcionar, todos, mesmas, oportunidades, condições, desenvolvimento, intelectual"
PDI_UFTM,PDI UFTM.pdf,15,inovacao_empreendedorismo,"atuar na geração, difusão e promoção de conhecimentos, e na formação de proﬁssionais conscientes e comprometidos com o desenvolvimento socioeconômico, cultural e tecnológico, proporcionando a melhoria da qualidade de vida da população.","atuar, geração, difusão, promoção, conhecimentos, formação, pro, ssionais"
PDI_UFTM,PDI UFTM.pdf,16,inovacao_empreendedorismo,"pioneirismo, inclusão, cidadania, respeito, justiça, liberdade, proﬁssionalismo, ética, qualidade, inovação, cultura e interesse público.","pioneirismo, inclusão, cidadania, respeito, justiça, liberdade, pro, ssionalismo"
PDI_UFTM,PDI UFTM.pdf,17,inovacao_empreendedorismo,"objetivo - fortalecer as atividades de empreendedorismo, inovação e internacionalização participação de alunos em programas de iniciação científica número de alunos da educação básica ou graduação em programas de iniciação científica no ano / napic formação inicial e continuada de professores da educação básica quantidade de ações de formação inicial e continuada de professores da educação básica desenvolvidas no ano / nm cursos em projetos e programas para educação profissional, técnica e tecnológica e pósmédios quantidade de vagas ofertadas de cursos em projetos e programas para educação profissional, técnica e tecnológica e pós-médios no ano / qvoc não pactuado não pactuado de permanência e combate a evasão de cursos técnicos e tecnológicos e pós-médios quantidade de ações de permanência e combate à evasão de cursos técnicos e tecnológicos e pósmédios promovidas no ano / qapt de permanência e combate à evasão e à ociosidade de vagas de graduação quantidade de ações de permanência e combate à evasão e à ociosidade de graduação promovidas no ano / qapg nm de permanência e combate a evasão da pós-graduação quantidade de ações de permanência e combate a evasão da pós-graduação promovidas no ano / qappg cursos técnicos em ações de permanência e combate à evasão quantidade de alunos atendidos de cursos técnicos em ações de permanência e combate à evasão no ano / qaat de graduação em ações de permanência e combate à evasão percentual de alunos atendidos em ações de permanência e combate à evasão no ano / qaag nm % % % % % pós-graduação em ações de permanência e combate à evasão quantidade de alunos de pós-graduação atendidos em ações de permanência e combate à evasão no ano / qaapg de extensão serviço realizados no ano / next projetos e programas para realização de ações de curricularização da extensão e programas para realização de ações de curricularização da extensão no ano / nppaext nm de alunos da educação básica, técnica e tecnológica envolvidos nas ações de extensão quantidade de alunos da educação básica, técnica e tecnológica envolvidos em ações de extensão no ano / qatext de alunos de graduação envolvidos nas ações de extensão quantidade de alunos de graduação envolvidos em ações de extensão no ano / qagext de alunos de pós-graduação envolvidos em ações de extensão quantidade de alunos de pós-graduação envolvidos em ações de extensão no ano / qapgext de servidores que desenvolvem projetos de extensão número de servidores que desenvolvem projetos de extensão no ano / nspe acadêmicas com a comunidade externa número de atividades acadêmicas com a comunidade externa realizadas no ano / nace nm da produção científica e tecnológica por docente razão da produção científica e tecnológica por docente / rpd nm , , , , , quantidade de produtos educacionais e produções técnicas percentual de aumento da quantidade de produtos educacionais e produções técnicas em relação ao ano anterior / papept nm , % , % , % % de publicações em coautoria de docentes e discentes de programas de pós-graduação stricto sensu da uftm quantidade de publicações em coautoria de docentes e discentes ou egressos no ano / qpc nm autoavaliação dos programas de pós-graduação percentual de programas que realizaram, pelo menos, duas ações de autoavaliação no ano / nm % % % % % de participantes em atividades culturais quantidade de participantes em atividades culturais no ano / qac acompanhamento dos egressos dos cursos técnicos percentual de egressos dos cursos técnicos acompanhados em relação aos alunos concluintes nos últimos anos / peat % % % % % % acompanhamento dos egressos da graduação percentual de egressos da graduação acompanhados em relação aos alunos concluintes nos últimos anos / peag nm % % % % % acompanhamento dos egressos da pós-graduação percentual de egressos da pós-graduação acompanhados em relação aos alunos concluintes dos últimos anos / peapg nm % % % % % acadêmico dos cursos de graduação em meio digital percentual do acervo acadêmico dos cursos de graduação implementado em meio digital em relação ao total / pamdg % % % % % % acadêmico dos cursos de pósgraduação stricto sensu em meio digital percentual do acervo acadêmico dos cursos de pós-graduação implementado em meio digital em relação ao total / pamd % % % % % % percentual do implementado no ano / % % % % % % convênios e termos de cooperação com instituições nacionais quantidade de parcerias, convênios e termos de cooperação com instituições nacionais vigentes no ano / qpctn convênios e termos de cooperação com instituições internacionais quantidade de parcerias, convênios e termos de cooperação com instituições internacionais vigentes no ano / qpcti da uftm em âmbito regional, nacional e internacional quantidade de ações para fortalecimento da editora da uftm no ano/ qafe periódicos institucionais em âmbito regional, nacional e internacional quantidade de ações para ampliação de indexadores ou indicadores de impacto no ano / qai programa permanente de incentivo e apoio à publicação de docentes na editora da uftm número de obras aprovadas para publicação no ano / noap programa permanente de publicação, na editora da uftm, de pesquisas autorais, teses e dissertações desenvolvidas na instituição número de pesquisas autorais, teses e dissertações publicadas na editora da uftm no ano / npatd número de pontos de venda físicos ou virtuais (implementados e novos) / npv para fortalecimento dos número de projetos submetidos para fortalecimento dos no ano / npslm nm para aumentar a qualidade das pesquisas.","ano, graduação, ações, quantidade, alunos, pós, nm, cursos"
PDI_UFTM,PDI UFTM.pdf,18,inovacao_empreendedorismo,"de inovação tecnológica , fortalecendo a cultura empreendedora e inovadora na comunidade acadêmica e apoiando o estabelecimento de parcerias públicas, público-privadas e com a sociedade civil.","inovação, tecnológica, fortalecendo, empreendedora, inovadora, comunidade, acadêmica, apoiando"
PDI_UFTM,PDI UFTM.pdf,19,inovacao_empreendedorismo,"a tecnologia social tem como base a disseminação de soluções para problemas voltados a demandas de renda, trabalho, educação, conhecimento, cultura, alimentação, saúde, habitação, recursos hídricos, saneamento básico, energia, ambiente, igualdade de raça e gênero, dentre outras, importando essencialmente que sejam efetivas e reaplicáveis e promovam a inclusão social e a melhoria da qualidade de vida das populações em situação de vulnerabilidade social.","social, tecnologia, tem, base, disseminação, soluções, problemas, voltados"
PDI_UFTM,PDI UFTM.pdf,20,indefinido,"a programação principal envolve a realização de oficinas propostas pela comunidade acadêmica que articulam diversas áreas do conhecimento, tais como astronomia, culturais e atividades esportivas de integração da comunidade acadêmica com a sociedade.","comunidade, acadêmica, programação, principal, envolve, realização, oficinas, propostas"
PDI_UFTM,PDI UFTM.pdf,21,academica_formativa,"além disso, ações que entrelacem pesquisa-ensino-extensão, como atividades de cooperação e/ou intercâmbio, também devem configurar na uftm como ações indutoras de internacionalização, com o objetivo de proporcionar às equipes a vivência nos outros territórios, realidades distintas do nosso meio acadêmico-científico, para potencializar a troca de conhecimentos e favorecer a busca de soluções, promover respeito linguístico e cultural.","ações, além, disso, entrelacem, pesquisa, ensino, extensão, atividades"
PDI_UFTM,PDI UFTM.pdf,22,inovacao_empreendedorismo,"atuar na geração, difusão, promoção de conhecimentos e na formação de profissionais conscientes e comprometidos com o desenvolvimento socioeconômico, cultural e tecnológico, proporcionando a melhoria da qualidade de vida da população a uftm desempenha suas finalidades em contextos sociais, culturais, históricos, políticos e econômicos variados, promovendo práticas organizadas intencionalmente para a produção e reprodução do conhecimento em diversas áreas.","atuar, geração, difusão, promoção, conhecimentos, formação, profissionais, conscientes"
PDI_UFTM,PDI UFTM.pdf,23,indefinido,"com isso, a universidade também atende às necessidades dos movimentos sociais e culturais, colaborando para o desenvolvimento sustentável e a melhoria da sociedade como um todo.","isso, também, atende, s, necessidades, movimentos, sociais, colaborando"
PDI_UFTM,PDI UFTM.pdf,24,academica_formativa,"essa estratégia visa a integrar a teoria e a prática, conectando o ensino às demandas sociais, culturais e econômicas, e permitindo que os estudantes apliquem seus conhecimentos em contextos reais, contribuindo para o desenvolvimento comunitário e para a formação cidadã.","essa, estratégia, visa, integrar, teoria, prática, conectando, ensino"
PDI_UFTM,PDI UFTM.pdf,25,indefinido,"a uftm visa a formar um ser humano integral, considerando suas dimensões física, orgânica, mental, intelectual, emocional e cultural.","uftm, visa, formar, humano, integral, considerando, dimensões, física"
PDI_UFTM,PDI UFTM.pdf,26,indefinido,"os conhecimentos produzidos são a referência para a transformação socioeconômica, cultural e técnico-científica da região, do estado e do país.","conhecimentos, produzidos, são, referência, transformação, socioeconômica, técnico, científica"
PDI_UFTM,PDI UFTM.pdf,27,diversidade_inclusao,"coletiva e política, constituído pela diversidade de interesses, concepções e culturas presentes em seu ambiente, incorporando concepções da sociedade na qual está inserida.","concepções, coletiva, política, constituído, diversidade, interesses, presentes, ambiente"
PDI_UFTM,PDI UFTM.pdf,28,indefinido,"educação que acolha as diversidades culturais, políticas, étnicas, de gênero e religiosas, promovendo a igualdade de condições, oportunidades e participação social.","educação, acolha, diversidades, políticas, étnicas, gênero, religiosas, promovendo"
PDI_UFTM,PDI UFTM.pdf,29,diversidade_inclusao,"é construto humano e, por sua essência política, é formado pela diversidade de interesses, concepções e culturas.","é, construto, humano, essência, política, formado, diversidade, interesses"
PDI_UFTM,PDI UFTM.pdf,30,indefinido,"cidadão com perfil científico e humanístico competente para atuação crítica no mundo, para o exercício permanente, capaz de intervir no meio em que vive, contribuindo com a transformação da realidade socioeconômica, cultural e técnico-científica da região, do estado e do país em que vive.","vive, cidadão, perfil, científico, humanístico, competente, atuação, crítica"
PDI_UFTM,PDI UFTM.pdf,31,indefinido,síntese histórico-cultural de um processo de construção coletiva;,"síntese, histórico, processo, construção, coletiva"
PDI_UFTM,PDI UFTM.pdf,32,diversidade_inclusao,"a diversidade social, cultural e étnica dos estudantes enquanto influenciadora nas relações e sentidos construídos no processo de ensino e aprendizagem;","diversidade, social, étnica, estudantes, enquanto, influenciadora, relações, sentidos"
PDI_UFTM,PDI UFTM.pdf,33,academica_formativa,"diretrizes da política de ensino de graduação nortear o ensino no âmbito dos cursos de graduação da instituição, com vistas à qualidade do processo de ensino-aprendizagem em prol da formação de profissionais que contribuam para o desenvolvimento socioeconômico, cultural, científico e tecnológico do país.","ensino, graduação, diretrizes, política, nortear, âmbito, cursos, instituição"
PDI_UFTM,PDI UFTM.pdf,34,inovacao_empreendedorismo,estimular a cultura de empreendedorismo e inovação na comunidade acadêmica2;,"estimular, empreendedorismo, inovação, comunidade, acadêmica"
PDI_UFTM,PDI UFTM.pdf,35,inovacao_empreendedorismo,"a cultura do empreendedorismo no ambiente acadêmico refere-se ao conjunto de práticas, valores e atitudes que incentivam a criatividade e a inovação na comunidade acadêmica, promovendo a identificação de oportunidades e o desenvolvimento de soluções inovadoras que gerem impacto positivo, como a criação de startups, a transferência de tecnologia e ao desenvolvimento de projetos de pesquisa que resultem em produtos ou serviços inovadores.","desenvolvimento, empreendedorismo, ambiente, acadêmico, refere, conjunto, práticas, valores"
PDI_UFTM,PDI UFTM.pdf,36,inovacao_empreendedorismo,"diretrizes da política de pesquisa e pós-graduação as atividades de pesquisa e inovação, tanto na graduação como na pós-graduação, promovem a expansão de fronteiras do conhecimento humano, com vistas ao desenvolvimento socioeconômico, cultural e tecnológico de uma sociedade.","graduação, pesquisa, pós, diretrizes, política, atividades, inovação, tanto"
PDI_UFTM,PDI UFTM.pdf,37,academica_formativa,"estimular ações de mobilidade entre discentes, técnico-administrativos e docentes dos portanto, a política de pesquisa e pós-graduação da uftm, alinhada às políticas nacionais, contribui para que a instituição atue na geração e difusão de novos conhecimentos e, ao mesmo tempo, na formação de profissionais conscientes e comprometidos com o desenvolvimento socioeconômico, cultural e tecnológico, proporcionando a melhoria da qualidade de vida da população.","estimular, ações, mobilidade, discentes, técnico, administrativos, docentes, portanto"
PDI_UFTM,PDI UFTM.pdf,38,inovacao_empreendedorismo,"diretrizes da política de inovação tecnológica a instituição define ações tecnológicas no campo da ciência e tecnologia, promovendo a disseminação da inovação, da cultura empreendedora e da propriedade intelectual em ensino, pesquisa e extensão, tanto na graduação como na pós-graduação.","inovação, graduação, diretrizes, política, tecnológica, instituição, define, ações"
PDI_UFTM,PDI UFTM.pdf,39,indefinido,"diretrizes da política de internacionalização a política de internacionalização da uftm baseia-se nos princípios de interculturalidade, promovendo a troca de experiências entre culturas;","política, internacionalização, diretrizes, uftm, baseia, princípios, interculturalidade, promovendo"
PDI_UFTM,PDI UFTM.pdf,40,academica_formativa,"(i) o respeito à pluralidade linguística e cultural e (ii) a cooperação entre instituições de ensino, grupos de pesquisas e/ou centros de pesquisa por meio de ações internacionais.","i, respeito, pluralidade, linguística, ii, cooperação, instituições, ensino"
PDI_UFTM,PDI UFTM.pdf,41,indefinido,"incorporar a cultura de valorização da internacionalização no âmbito da uftm, estimulando um novo posicionamento com a adoção de valores inerentes;","incorporar, valorização, internacionalização, âmbito, uftm, estimulando, novo, posicionamento"
PDI_UFTM,PDI UFTM.pdf,42,academica_formativa,"a política focaliza o desenvolvimento da comunidade da uftm e externo a ela em âmbitos cognitivo, social, cultural e ecológico, utilizando o ensino e aprendizagem de outras línguas e suas culturas como ferramenta, inseridos em diferentes práticas sociais.","política, focaliza, desenvolvimento, comunidade, uftm, externo, ela, âmbitos"
PDI_UFTM,PDI UFTM.pdf,43,diversidade_inclusao,valorizar a diversidade linguística e cultural em todos os processos formais ou informais que contribuam para a aprendizagem de línguas e a interação com outras culturas;,"valorizar, diversidade, linguística, todos, processos, formais, informais, contribuam"
PDI_UFTM,PDI UFTM.pdf,44,indefinido,"estabelecer metodologias inovadoras, com a priorização daquelas que promovam a autonomia do aprendiz e sua inserção linguística em práticas sociais, políticas e culturais;","estabelecer, metodologias, inovadoras, priorização, daquelas, promovam, autonomia, aprendiz"
PDI_UFTM,PDI UFTM.pdf,45,inovacao_empreendedorismo,"diretrizes da política de extensão universitária a extensão universitária na uftm tem como objetivo primordial promover uma relação universidade/sociedade mutuamente transformadora, articulando ensino e pesquisa, por meio de ações de diversas naturezas, incluindo a arte, a cultura, as ciências, a tecnologia e a inovação.","extensão, universitária, diretrizes, política, uftm, tem, objetivo, primordial"
PDI_UFTM,PDI UFTM.pdf,46,artistica_patrimonial,"apoiar o desenvolvimento, a produção e a preservação cultural e artística da uftm;","apoiar, desenvolvimento, produção, preservação, artística, uftm"
PDI_UFTM,PDI UFTM.pdf,47,artistica_patrimonial,estimular e direcionar as ações de extensão vinculadas aos objetivos de desenvolvimento sustentável na preservação do patrimônio natural e cultural;,"estimular, direcionar, ações, extensão, vinculadas, objetivos, desenvolvimento, sustentável"
PDI_UFTM,PDI UFTM.pdf,48,inovacao_empreendedorismo,"incentivar programas e projetos de extensão que envolvam ações socioeducativas de arte, cultura, economia criativa, economia solidária, empreendedorismo social e de tecnologia em inovação social;","economia, social, incentivar, programas, projetos, extensão, envolvam, ações"
PDI_UFTM,PDI UFTM.pdf,49,academica_formativa,"a baixa qualidade da educação, muitas vezes, também é atribuída aos professores, desconsiderando-se todos os elementos envolvidos na materialidade pedagógica (saviani, ), como as condições objetivas de infraestrutura, carreira, projeto (ou a falta dele) de educação do país e das instituições de ensino, financiamento do estado, condições de acesso da população aos bens culturais, entre outros.","educação, condições, baixa, qualidade, muitas, vezes, também, é"
PDI_UFTM,PDI UFTM.pdf,50,indefinido,apoiar estudantes estrangeiros da educação superior recebidos no âmbito de acordos de cooperação técnico-científica e cultural entre o brasil e outros países;,"apoiar, estudantes, estrangeiros, educação, superior, recebidos, âmbito, acordos"
PDI_UFTM,PDI UFTM.pdf,51,indefinido,"cultura, lazer e esporte:","lazer, esporte"
PDI_UFTM,PDI UFTM.pdf,52,artistica_patrimonial,"acesso à informação e difusão das manifestações artísticas e culturais e às ações de educação esportiva, recreativa e de lazer;","acesso, informação, difusão, manifestações, artísticas, s, ações, educação"
PDI_UFTM,PDI UFTM.pdf,53,diversidade_inclusao,"forma interdisciplinar, entendendo a complexidade das demandas estudantis nas áreas de moradia estudantil, alimentação, transporte, atenção à saúde, inclusão digital, cultura, esporte, creche, apoio pedagógico e acesso, participação e aprendizagem de estudantes com deficiência, transtornos globais do desenvolvimento e altas habilidades/superdotação.","forma, interdisciplinar, entendendo, complexidade, demandas, estudantis, áreas, moradia"
PDI_UFTM,PDI UFTM.pdf,54,indefinido,disseminar a cultura de ead no âmbito da comunidade universitária e da comunidade externa;,"comunidade, disseminar, ead, âmbito, universitária, externa"
PDI_UFTM,PDI UFTM.pdf,55,inovacao_empreendedorismo,"o desenvolvimento dessas competências deve servir como orientação e integração da organização curricular, dando identidade aos respectivos perfis profissionais dos cursos ofertados, devendo eles perpassar as dimensões do trabalho, da ciência, da cultura e da tecnologia em consonância com a estrutura socio-ocupacional do trabalho e as exigências da formação profissional nos diferentes níveis de desenvolvimento.","desenvolvimento, trabalho, dessas, competências, deve, servir, orientação, integração"
PDI_UFTM,PDI UFTM.pdf,56,inovacao_empreendedorismo,"centralidade do trabalho assumido como princípio educativo e base para a organização curricular, visando à construção de competências profissionais, em seus objetivos, conteúdos e estratégias de ensino e aprendizagem, na perspectiva de sua integração com a ciência, a cultura e a tecnologia;","centralidade, trabalho, assumido, princípio, educativo, base, organização, curricular"
PDI_UFTM,PDI UFTM.pdf,57,academica_formativa,"estímulo à adoção da pesquisa como princípio pedagógico presente em um processo formativo voltado para um mundo permanentemente em transformação, integrando saberes cognitivos e socioemocionais, tanto para a produção do conhecimento, da cultura e da tecnologia, quanto para o desenvolvimento do trabalho e da intervenção que promova impacto social;","estímulo, adoção, pesquisa, princípio, pedagógico, presente, processo, formativo"
PDI_UFTM,PDI UFTM.pdf,58,indefinido,"reconhecimento das diferentes formas de produção, dos processos de trabalho e das culturas a elas subjacentes, requerendo formas de ação diferenciadas;","formas, reconhecimento, diferentes, produção, processos, trabalho, elas, subjacentes"
PDI_UFTM,PDI UFTM.pdf,59,diversidade_inclusao,"a proace desenvolve ações em variadas áreas estratégicas para o atendimento direto ao discente por meio de serviços, projetos e programas voltados aos cuidados com a saúde, apoio financeiro, avaliação e acompanhamento social e pedagógico, acessibilidade e inclusão, participação social via atividades de lazer, implementação de ações afirmativas e de diversidade com promoção de qualidade e valorização da vida e cultura de paz.","ações, social, proace, desenvolve, variadas, áreas, estratégicas, atendimento"
PDI_UFTM,PDI UFTM.pdf,60,indefinido,"dessa forma, orienta os órgãos a disseminarem a cultura de transparência em todas as áreas, divulgando as informações antes mesmo de serem solicitadas pelos cidadãos - é a chamada transparência ativa.","transparência, dessa, forma, orienta, órgãos, disseminarem, todas, áreas"
PDI_UFTM,PDI UFTM.pdf,61,indefinido,"com a publicação das informações institucionais em transparência ativa, a publicação e acompanhamento do plano de dados abertos e com um trabalho de constante atendimento e monitoramento com a transparência passiva, a uftm pretende consolidar-se como uma instituição que promove a cultura da transparência em todas as suas ações, garantindo o cumprimento da lei e o acesso à informação pelos cidadãos de forma célere e efetiva.","transparência, publicação, informações, institucionais, ativa, acompanhamento, plano, dados"
PDI_UFTM,PDI UFTM.pdf,62,artistica_patrimonial,"aumentar a razão da produção científica e tecnológica por docente razão da produção científica e tecnológica por docente / rpd rpd = (np/nd) np é número de produções científicas e tecnológicas nd é o número de docentes proppg proppg de produtos educacionais e produções técnicas percentual de aumento da quantidade de produtos educacionais e produções técnicas em relação ao ano anterior / papept produtos educacionais npt é o número de produções técnicas npea é o número de produtos educacionais do ano anterior npt é o número de produções técnicas do ano anterior de publicações em coautoria de docentes e discentes de programas de pós-graduação stricto sensu da uftm quantidade de publicações em coautoria de docentes e discentes ou egressos no ano / qpc autoavaliação dos programas de pós-graduação percentual de programas que realizaram, pelo menos, duas ações de autoavaliação no ano / npda é o número de programas com, pelo menos, duas ações de autoavaliação npt é o número total de programas da uftm de participantes em atividades culturais quantidade de participantes em atividades culturais no ano / qac sistema de registro de acompanhamento dos egressos dos cursos técnicos percentual de egressos dos cursos técnicos acompanhados em relação aos alunos concluintes nos últimos anos / peat neat é o número de egressos acompanhados dos cursos técnicos nos últimos anos nact é o número de alunos concluintes dos cursos técnicos nos últimos anos cefores/ peçanha acompanhamento dos egressos da graduação percentual de egressos da graduação acompanhados em relação aos alunos concluintes nos últimos anos / peag neag é o número de egressos acompanhados dos cursos de graduação nos últimos anos nacg é o número de alunos concluintes dos cursos de graduação nos últimos anos proens/ relatório consolidado de cursos extraído do da educação superior acadêmico dos cursos de graduação em meio digital percentual do acervo acadêmico dos cursos de graduação implementado em meio digital em relação ao total / pamdg qamdg é a quantidade de acervo acadêmico dos cursos de graduação em meio digital qaatg é a quantidade de acervo acadêmico dos cursos de graduação total acadêmico dos cursos de pósgraduação stricto sensu em meio digital percentual do acervo acadêmico dos cursos de pós-graduação implementado em meio digital em relação ao total / pamd qamd é a quantidade de acervo acadêmico dos cursos de pósgraduação stricto sensu em meio digital qaat é a quantidade de acervo acadêmico dos cursos de pósgraduação stricto sensu total no ano / prii qri é a quantidade de repositório implementado no ano qrt é a quantidade de repositório total * considerando o regulamento de graduação aprovado pela resolução consu/uftm nº , de / / e alterado pela convênios e termos de cooperação com instituições nacionais quantidade de parcerias, convênios e termos de cooperação com instituições nacionais vigentes no ano / qpctn proens, proext e proens, proext e convênios e termos de cooperação com instituições internacionais quantidade de parcerias, convênios e termos de cooperação com instituições internacionais vigentes no ano / qpcti qpctiss é a quantidade de parcerias, convênios e termos de cooperação internacionais no ano - sul/sul qpctisn é a quantidade de parcerias, convênios e termos de cooperação internacionais no ano - sul/norte da uftm em âmbito regional, nacional e internacional quantidade de ações para fortalecimento da editora da uftm no ano/ qafe institucionais em âmbito regional, nacional e internacional quantidade de ações para ampliação de indexadores ou indicadores de impacto no ano / qai programa permanente de incentivo e apoio à publicação de docentes na editora da uftm número de obras aprovadas para publicação no ano / programa permanente de publicação, na editora da uftm, de pesquisas autorais, teses e dissertações desenvolvidas na instituição número de pesquisas autorais, teses e dissertações publicadas na editora da uftm no ano / número de pontos de venda físicos ou virtuais (implementados e novos) / npv para fortalecimento dos número de projetos submetidos para fortalecimento dos no ano / npslm para aumentar a qualidade das pesquisas.","é, ano, número, quantidade, cursos, graduação, uftm, acadêmico"
PDI_UFV,PDI UFV.pdf,1,diversidade_inclusao,"o pdi expressa as políticas institucionais da ufv fundamentadas na cultura, na tradição, na identidade, na vocação da universidade e na realidade i nstitucional.","expressa, políticas, institucionais, ufv, fundamentadas, tradição, identidade, vocação"
PDI_UFV,PDI UFV.pdf,2,academica_formativa,"excelência do ensino, da pesquisa, da extensão, da cultura e da inovação oferecidos à sociedade.","excelência, ensino, pesquisa, extensão, inovação, oferecidos, sociedade"
PDI_UFV,PDI UFV.pdf,3,organizacional_gestao,"o pdi expressa as políticas institucionais da ufv fundamentadas na cultura, na tradição, na identidade, na vocação da universidade e na realidade institucional.","expressa, políticas, institucionais, ufv, fundamentadas, tradição, identidade, vocação"
PDI_UFV,PDI UFV.pdf,4,academica_formativa,"excelência do ensino, da pesquisa, da extensão, da cultura e da inovação oferecidos à sociedade.","excelência, ensino, pesquisa, extensão, inovação, oferecidos, sociedade"
PDI_UFV,PDI UFV.pdf,5,academica_formativa,"missão promover as ciências, letras e artes, a cultura, a inovação e a formação de cidadãos, por meio de ações éticas e integradas de ensino, pesquisa e extensão, para o desenvolvimento sustentável e inclusivo da sociedade.","missão, promover, ciências, letras, artes, inovação, formação, cidadãos"
PDI_UFV,PDI UFV.pdf,6,academica_formativa,"missão promover as ciências, letras e artes, a cultura, a inovação e a formação de cidadãos, por meio de ações éticas e integradas de ensino, pesquisa e extensão, para o desenvolvimento sustentável e inclusivo da sociedade.","missão, promover, ciências, letras, artes, inovação, formação, cidadãos"
PDI_UFV,PDI UFV.pdf,7,organizacional_gestao,"plano de dese nvolvimento instituciona l - plano de dese nvolvimento instituciona l - promover ensino de qualidade nos cursos de graduação, técnicos e de educação básica fortalecer a política acadêmico e pedagógico ampliar as atividades de ensino a distância aprimorar e internacionalizar a pós-graduação aprimorar as ações de extensão e cultura de empresas de base tecnológicas e a geração de emprego e renda de qualidade fortalecer as atividades de pesquisa e inovação promover a expansão de instalações físicas do sistema comunitário e de estruturas urbanas promover a manutenção, a adequação, a comunitário e de estruturas urbanas promover assistência e permanência estudantil, saúde e qualidade de vida à comunidade universitária expandir e aprimorar as tecnologias da informação e comunicação aprimorar a gestão econômica aprimorar as ações de segurança patrimonial e comunitária aprimorar a política de gestão, desenvolvimento e qualidade de vida de pessoas aprimorar as ações de sustentabilidade aprimorar as ações de governança, planejamento, avaliação e gestão estratégica aprimorar a comunicação promover as ciências, letras e artes, a cultura, a inovação e formação de cidadãos, por meio de ações éticas e integradas de ensino, pesquisa e extensão, para o desenvolvimento sustentável e inclusivo da sociedade ser referência nacional e internacional em ensino, pesquisa, extensão e inovação, reconhecida como instituição promotora do desenvolvimento sustentável e da inclusão social ética transparência excelência respeito às diversidades sustentabilidade na listagem abaixo, os objetivos estratégicos foram ordenados em eixos t emáticos nas áreas de ensino, pesquisa, inovação, extensão, cultura e gestão, respectivamente:","aprimorar, promover, ensino, ações, qualidade, extensão, pesquisa, inovação"
PDI_UFV,PDI UFV.pdf,8,academica_formativa,"plano de dese nvolvimento instituciona l - na listagem abaixo, os objetivos estratégicos foram ordenados em eixos t emáticos nas áreas de ensino, pesquisa, inovação, extensão, cultura e gestão, respectivamente:","plano, dese, nvolvimento, instituciona, l, listagem, abaixo, objetivos"
PDI_UFV,PDI UFV.pdf,9,artistica_patrimonial,"aprimorar as ações de extensão e cultura m1 aprimorar os mecanismos de registro, monitoramento e avaliação das atividades de extensão e de cultura.","aprimorar, extensão, ações, m, mecanismos, registro, monitoramento, avaliação"
PDI_UFV,PDI UFV.pdf,10,artistica_patrimonial,"insuﬁciência do sistema para registro, monitoramento e avaliação das atividades de extensão e cultura.","insu, ciência, sistema, registro, monitoramento, avaliação, atividades, extensão"
PDI_UFV,PDI UFV.pdf,11,artistica_patrimonial,"i1 percentual de aprimoramento dos mecanismos de registro, monitoramento e avaliação das atividades de extensão e de cultura.","i, percentual, aprimoramento, mecanismos, registro, monitoramento, avaliação, atividades"
PDI_UFV,PDI UFV.pdf,12,indefinido,m4 aumentar % a oferta de atividades e eventos culturais promovidos ou apoiados pela pec.,"m, aumentar, oferta, atividades, eventos, promovidos, apoiados, pec"
PDI_UFV,PDI UFV.pdf,13,indefinido,", % , % , % , % , % % i4 número de atividades e eventos culturais promovidos ou apoiados pela pec.","i, número, atividades, eventos, promovidos, apoiados, pec"
PDI_UFV,PDI UFV.pdf,14,artistica_patrimonial,m6 aumentar % às atividades de arte e cultura promovidas pela pec com foco na cultura popular e regional.,"m, aumentar, s, atividades, arte, promovidas, pec, foco"
PDI_UFV,PDI UFV.pdf,15,artistica_patrimonial,", % , % , % , % , % % i6 atividades de arte e cultura da pec com foco na cultura popular e regional.","i, atividades, arte, pec, foco, popular, regional"
PDI_UFV,PDI UFV.pdf,16,artistica_patrimonial,"m7 aumentar % o número de atividades que envolvam a comunidade universitária (discentes, servidores e terceirizados) como agentes das ações de arte e cultura na ufv.","m, aumentar, número, atividades, envolvam, comunidade, universitária, discentes"
PDI_UFV,PDI UFV.pdf,17,artistica_patrimonial,"% , % , % , % % i7 número de atividades de arte e cultura promovidas por discentes, servidores e terceirizados em ações arte e cultura na ufv.","arte, i, número, atividades, promovidas, discentes, servidores, terceirizados"
PDI_UFV,PDI UFV.pdf,18,artistica_patrimonial,"aprimorar as ações de extensão e cultura m1 aprimorar os mecanismos de registro, monitoramento e avaliação das atividades de extensão e de cultura.","aprimorar, extensão, ações, m, mecanismos, registro, monitoramento, avaliação"
PDI_UFV,PDI UFV.pdf,19,artistica_patrimonial,"insuﬁciência do sistema para registro, monitoramento e avaliação das atividades de extensão e cultura.","insu, ciência, sistema, registro, monitoramento, avaliação, atividades, extensão"
PDI_UFV,PDI UFV.pdf,20,artistica_patrimonial,"i1 percentual de aprimoramento dos mecanismos de registro, monitoramento e avaliação das atividades de extensão e de cultura.","i, percentual, aprimoramento, mecanismos, registro, monitoramento, avaliação, atividades"
PDI_UFV,PDI UFV.pdf,21,indefinido,m4 aumentar % a oferta de atividades e eventos culturais promovidos ou apoiados pela pec.,"m, aumentar, oferta, atividades, eventos, promovidos, apoiados, pec"
PDI_UFV,PDI UFV.pdf,22,indefinido,", % , % , % , % , % % i4 número de atividades e eventos culturais promovidos ou apoiados pela pec.","i, número, atividades, eventos, promovidos, apoiados, pec"
PDI_UFV,PDI UFV.pdf,23,artistica_patrimonial,m6 aumentar % às atividades de arte e cultura promovidas pela pec com foco na cultura popular e regional.,"m, aumentar, s, atividades, arte, promovidas, pec, foco"
PDI_UFV,PDI UFV.pdf,24,artistica_patrimonial,", % , % , % , % , % % i6 atividades de arte e cultura da pec com foco na cultura popular e regional.","i, atividades, arte, pec, foco, popular, regional"
PDI_UFV,PDI UFV.pdf,25,artistica_patrimonial,"m7 aumentar % o número de atividades que envolvam a comunidade universitária (discentes, servidores e terceirizados) como agentes das ações de arte e cultura na ufv.","m, aumentar, número, atividades, envolvam, comunidade, universitária, discentes"
PDI_UFV,PDI UFV.pdf,26,artistica_patrimonial,"% , % , % , % % i7 número de atividades de arte e cultura promovidas por discentes, servidores e terceirizados em ações arte e cultura na ufv.","arte, i, número, atividades, promovidas, discentes, servidores, terceirizados"
PDI_UFV,PDI UFV.pdf,27,artistica_patrimonial,"m12 publicar , no mínimo, quatro editais anuais de apoio a projetos e atividades de arte e cultura.","m, publicar, mínimo, quatro, editais, anuais, apoio, projetos"
PDI_UFV,PDI UFV.pdf,28,artistica_patrimonial,i12 lançamento de editais de apoio a ações de arte e cultura.,"i, lançamento, editais, apoio, ações, arte"
PDI_UFV,PDI UFV.pdf,29,artistica_patrimonial,"m12 publicar , no mínimo, quatro editais anuais de apoio a projetos e atividades de arte e cultura.","m, publicar, mínimo, quatro, editais, anuais, apoio, projetos"
PDI_UFV,PDI UFV.pdf,30,artistica_patrimonial,i12 lançamento de editais de apoio a ações de arte e cultura.,"i, lançamento, editais, apoio, ações, arte"
PDI_UFV,PDI UFV.pdf,31,indefinido,m7 disseminar cultura de saúde mental na comunidade universitária.,"m, disseminar, saúde, mental, comunidade, universitária"
PDI_UFV,PDI UFV.pdf,32,indefinido,% % % % % % % i7 organização e implementação de ações administrativas e assistenciais que fortaleçam a cultura de saúde mental na comunidade universitária.,"i, organização, implementação, ações, administrativas, assistenciais, fortaleçam, saúde"
PDI_UFV,PDI UFV.pdf,33,indefinido,m7 disseminar cultura de saúde mental na comunidade universitária.,"m, disseminar, saúde, mental, comunidade, universitária"
PDI_UFV,PDI UFV.pdf,34,indefinido,% % % % % % % i7 organização e implementação de ações administrativas e assistenciais que fortaleçam a cultura de saúde mental na comunidade universitária.,"i, organização, implementação, ações, administrativas, assistenciais, fortaleçam, saúde"
PDI_UFV,PDI UFV.pdf,35,artistica_patrimonial,m² de instalações físicas destinadas a extensão e cultura.,"m, instalações, físicas, destinadas, extensão"
PDI_UFV,PDI UFV.pdf,36,artistica_patrimonial,i6 somatório das áreas adequadas/reformadas das instalações físicas das unidades destinadas a extensão e cultura.,"i, somatório, áreas, adequadas, reformadas, instalações, físicas, unidades"
PDI_UFV,PDI UFV.pdf,37,artistica_patrimonial,m² de instalações físicas destinadas a extensão e cultura.,"m, instalações, físicas, destinadas, extensão"
PDI_UFV,PDI UFV.pdf,38,artistica_patrimonial,i6 somatório das áreas adequadas/reformadas das instalações físicas das unidades destinadas a extensão e cultura.,"i, somatório, áreas, adequadas, reformadas, instalações, físicas, unidades"
PDI_UFV,PDI UFV.pdf,39,artistica_patrimonial,"alunos diplomados, publicações, atividades de extensão e cultura, propriedade intelectual e outros produtos e serviços.","alunos, diplomados, publicações, atividades, extensão, propriedade, intelectual, outros"
PDI_UFV,PDI UFV.pdf,40,artistica_patrimonial,"alunos diplomados, publicações, atividades de extensão e cultura, propriedade intelectual e outros produtos e serviços.","alunos, diplomados, publicações, atividades, extensão, propriedade, intelectual, outros"
PDI_UFV,PDI UFV.pdf,41,academica_formativa,"a universidade federal de viçosa desempenha papel importante na difusão de conhecimento t écnico-cientíﬁco, na formação de pessoal e na promoção da cultura em minas gerais, no brasil e no e nas circunvizinhas, é notável a in ﬂuência da universidade.","viçosa, desempenha, papel, importante, difusão, conhecimento, t, écnico"
PDI_UFV,PDI UFV.pdf,42,indefinido,outro destaque é a pro gramação cultural.,"outro, destaque, é, pro, gramação"
PDI_UFV,PDI UFV.pdf,43,artistica_patrimonial,"além de sua reconhecida importância na extensão u niversitária, a semana traz, ano a ano, uma intensa agenda cultural, disponibilizando apresentações artístico-culturais, com predomínio de produções regionais em diversos estilos musicais, programação de cinema, grupos teatrais, exposições e apresentações folclóricas.","ano, apresentações, além, reconhecida, importância, extensão, u, niversitária"
PDI_UFV,PDI UFV.pdf,44,indefinido,em formato análogo ao que é agendas culturais regionais.,"formato, análogo, é, agendas, regionais"
PDI_UFV,PDI UFV.pdf,45,indefinido,outro destaque é a pro gramação cultural.,"outro, destaque, é, pro, gramação"
PDI_UFV,PDI UFV.pdf,46,artistica_patrimonial,"além de sua reconhecida importância na extensão u niversitária, a semana traz, ano a ano, uma intensa agenda cultural, disponibilizando apresentações artístico-culturais, com predomínio de produções regionais em diversos estilos musicais, programação de cinema, grupos teatrais, exposições e apresentações folclóricas.","ano, apresentações, além, reconhecida, importância, extensão, u, niversitária"
PDI_UFV,PDI UFV.pdf,47,indefinido,em formato análogo ao que é agendas culturais regionais.,"formato, análogo, é, agendas, regionais"
PDI_UFV,PDI UFV.pdf,48,indefinido,"( resolução n° atividades acadêmicas, cientíﬁcas, culturais e complementares;","resolução, n, atividades, acadêmicas, cientí, cas, complementares"
PDI_UFV,PDI UFV.pdf,49,indefinido,"recomenda-se que a carga horária semanal de aulas não ultrapasse horas-aula, especialmente no primeiro semestre do curso, que sejam programados estudos dirigidos para as disciplinas of erecidas e que os estudantes sejam incentivados a participar de atividades esportivas e cultur ais.","sejam, recomenda, carga, horária, semanal, aulas, não, ultrapasse"
PDI_UFV,PDI UFV.pdf,50,indefinido,"avaliação do plano de dese nvolvimento instituciona l - atividades acadêmicas, cientíﬁcas, culturais e complementares;","avaliação, plano, dese, nvolvimento, instituciona, l, atividades, acadêmicas"
PDI_UFV,PDI UFV.pdf,51,indefinido,"recomenda-se que a carga horária semanal de aulas não ultrapasse horas-aula, especialmente no primeiro semestre do curso, que sejam programados estudos dirigidos para as disciplinas of erecidas e que os estudantes sejam incentivados a participar de atividades esportivas e cultur ais.","sejam, recomenda, carga, horária, semanal, aulas, não, ultrapasse"
PDI_UFV,PDI UFV.pdf,52,diversidade_inclusao,"independente da área de conhecimento, os acadêmicos precisam, cada vez mais, adquirir novos saberes, principalmente, quando se trata de diversidade cultural e étnico-racial, acessibilidade, inclusão n o ensino superior , políticas de educação plano de dese nvolvimento instituciona l - * * ambiental, direitos humanos, ética e cidadania, inteligência artiﬁcial.","independente, área, conhecimento, acadêmicos, precisam, cada, vez, mais"
PDI_UFV,PDI UFV.pdf,53,indefinido,pre - história e cultura afro-brasileira e indígena.,"pre, história, afro, brasileira, indígena"
PDI_UFV,PDI UFV.pdf,54,diversidade_inclusao,"independente da área de conhecimento, os acadêmicos precisam, cada vez mais, adquirir novos saberes, principalmente, quando se trata de diversidade cultural e étnico-racial, acessibilidade, inclusão n o ensino superior , políticas de educação plano de dese nvolvimento instituciona l - * * ambiental, direitos humanos, ética e cidadania, inteligência artiﬁcial.","independente, área, conhecimento, acadêmicos, precisam, cada, vez, mais"
PDI_UFV,PDI UFV.pdf,55,indefinido,pre - história e cultura afro-brasileira e indígena.,"pre, história, afro, brasileira, indígena"
PDI_UFV,PDI UFV.pdf,56,diversidade_inclusao,"a ufv desenvolve suas políticas educacionais de acessibilidade e inclusão na perspectiva de que a inclusão é uma ação política, cultural, social e pedagógica, pautada no direito de os discentes, considerando suas diferenças, aprenderem juntos, em condições de igualdade, sem qualquer tipo de discriminação.","inclusão, ufv, desenvolve, políticas, educacionais, acessibilidade, perspectiva, é"
PDI_UFV,PDI UFV.pdf,57,diversidade_inclusao,"a ufv desenvolve suas políticas educacionais de acessibilidade e inclusão na perspectiva de que a inclusão é uma ação política, cultural, social e pedagógica, pautada no direito de os discentes, considerando suas diferenças, aprenderem juntos, em condições de igualdade, sem qualquer tipo de discriminação.","inclusão, ufv, desenvolve, políticas, educacionais, acessibilidade, perspectiva, é"
PDI_UFV,PDI UFV.pdf,58,academica_formativa,"os cursos de pós-graduação lato sensu oferecidos pela ufv, em caráter de educação continuada, têm a ﬁnalidade de proporcionar aos estudantes de nível superior formação cientíﬁca e cultural, visando ao aprimoramento de conhecimentos acadêmicos e pro ﬁssionais em áreas especíﬁcas de estudo, com carga horária mínima de horas e duração máxima de meses.","cursos, pós, graduação, lato, sensu, oferecidos, ufv, caráter"
PDI_UFV,PDI UFV.pdf,59,academica_formativa,"os cursos de pós-graduação lato sensu oferecidos pela ufv, em caráter de educação continuada, têm a ﬁnalidade de proporcionar aos estudantes de nível superior formação cientíﬁca e cultural, visando ao aprimoramento de conhecimentos acadêmicos e pro ﬁssionais em áreas especíﬁcas de estudo, com carga horária mínima de horas e duração máxima de meses.","cursos, pós, graduação, lato, sensu, oferecidos, ufv, caráter"
PDI_UFV,PDI UFV.pdf,60,indefinido,"quando a ufv foi criada, em , o brasil não tinha nenhuma cultura de pós-graduação.","quando, ufv, criada, brasil, não, tinha, nenhuma, pós"
PDI_UFV,PDI UFV.pdf,61,academica_formativa,"desde então, foi sendo formada a cultura ufeviana de dedicação à pesquisa e a tradição de seus professores e pesquisadores em buscar sempre o aperfeiçoamento imprescindível ao desenvolvimento do ensino, da pesquisa e da extensão.","pesquisa, desde, então, sendo, formada, ufeviana, dedicação, tradição"
PDI_UFV,PDI UFV.pdf,62,indefinido,"quando a ufv foi criada, em , o brasil não tinha nenhuma cultura de pós-graduação.","quando, ufv, criada, brasil, não, tinha, nenhuma, pós"
PDI_UFV,PDI UFV.pdf,63,academica_formativa,"desde então, foi sendo formada a cultura ufeviana de dedicação à pesquisa e a tradição de seus professores e pesquisadores em buscar sempre o aperfeiçoamento imprescindível ao desenvolvimento do ensino, da pesquisa e da extensão.","pesquisa, desde, então, sendo, formada, ufeviana, dedicação, tradição"
PDI_UFV,PDI UFV.pdf,64,indefinido,/ cultura.,
PDI_UFV,PDI UFV.pdf,65,diversidade_inclusao,"” ext ensão (resolução no / /cepe), pautada pelas diretrizes que orientam a prática em território nacional, com o propósito de ﬁrmar suas ações de fomento e de registro das atividades de extensão e plano de dese nvolvimento instituciona l - cultura.","ext, ensão, resolução, cepe, pautada, diretrizes, orientam, prática"
PDI_UFV,PDI UFV.pdf,66,indefinido,"t em por objetivo oferecer qualiﬁcação ao produtor rural da região, visando à melhoria da qualidade de vida e da produtividade agropecuária por meio de palestras e cursos m inistrados por professores e especialistas em áreas de interesse do produtor , além de e xposição agropecuária e atividades culturais, dentre outras atrações.","produtor, agropecuária, t, objetivo, oferecer, quali, cação, rural"
PDI_UFV,PDI UFV.pdf,67,academica_formativa,"o objetivo da semear é fortalecer as ativi dades d e ensino, pesquisa e extensão, por meio da realização de treinamentos e quali ﬁcação pro ﬁssional, além de proporcionar mais oportunidades de cultura e lazer para a comunidade acadêmica e a região.","objetivo, semear, é, fortalecer, ativi, dades, d, ensino"
PDI_UFV,PDI UFV.pdf,68,artistica_patrimonial,"sin tonia com as diretorias de extensão e cultura, é possível destacar sua evolução nos últimos cinco projetos, cursos, eventos e prestações de serviços realizadas nos três campi da ufv.","sin, tonia, diretorias, extensão, é, possível, destacar, evolução"
PDI_UFV,PDI UFV.pdf,69,indefinido,"t em por objetivo oferecer qualiﬁcação ao produtor rural da região, visando à melhoria da qualidade de vida e da produtividade agropecuária por meio de palestras e cursos m inistrados por professores e especialistas em áreas de interesse do produtor , além de e xposição agropecuária e atividades culturais, dentre outras atrações.","produtor, agropecuária, t, objetivo, oferecer, quali, cação, rural"
PDI_UFV,PDI UFV.pdf,70,academica_formativa,"o objetivo da semear é fortalecer as ativi dades d e ensino, pesquisa e extensão, por meio da realização de treinamentos e quali ﬁcação pro ﬁssional, além de proporcionar mais oportunidades de cultura e lazer para a comunidade acadêmica e a região.","objetivo, semear, é, fortalecer, ativi, dades, d, ensino"
PDI_UFV,PDI UFV.pdf,71,artistica_patrimonial,"sin tonia com as diretorias de extensão e cultura, é possível destacar sua evolução nos últimos cinco projetos, cursos, eventos e prestações de serviços realizadas nos três campi da ufv.","sin, tonia, diretorias, extensão, é, possível, destacar, evolução"
PDI_UFV,PDI UFV.pdf,72,artistica_patrimonial,"assim, no processo de registro de atividades de extensão e cultura, o sistema raex recebe as informações e faz a vinculação com os ods especíﬁcos para cada uma delas.","assim, processo, registro, atividades, extensão, sistema, raex, recebe"
PDI_UFV,PDI UFV.pdf,73,artistica_patrimonial,o s ods com maior aderência às atividades de extensão e cultura registradas no raex são:,"s, ods, maior, aderência, atividades, extensão, registradas, raex"
PDI_UFV,PDI UFV.pdf,74,artistica_patrimonial,"entre os países contemplados pelas ações internacionais e de extensão u niversitária da ufv podem ser citados nicar no plano da promoção da cultura e das artes, a ufv vem dando continuidade ao programa procultura busca promover e incentivar o desenvolvimento de processos criat ivos e investigativos em plano de dese nvolvimento instituciona l - figura - número de cursos de extensão.","extensão, ufv, plano, países, contemplados, ações, internacionais, u"
PDI_UFV,PDI UFV.pdf,75,artistica_patrimonial,"assim, no processo de registro de atividades de extensão e cultura, o sistema raex recebe as informações e faz a vinculação com os ods especíﬁcos para cada uma delas.","assim, processo, registro, atividades, extensão, sistema, raex, recebe"
PDI_UFV,PDI UFV.pdf,76,artistica_patrimonial,o s ods com maior aderência às atividades de extensão e cultura registradas no raex são:,"s, ods, maior, aderência, atividades, extensão, registradas, raex"
PDI_UFV,PDI UFV.pdf,77,artistica_patrimonial,"entre os países contemplados pelas ações internacionais e de extensão u niversitária da ufv podem ser citados nicar no plano da promoção da cultura e das artes, a ufv vem dando continuidade ao programa procultura busca promover e incentivar o desenvolvimento de processos criat ivos e investigativos em plano de dese nvolvimento instituciona l - cultura e arte;","ufv, plano, países, contemplados, ações, internacionais, extensão, u"
PDI_UFV,PDI UFV.pdf,78,artistica_patrimonial,"reconhecer a importância da cultura e da arte na formação dos discentes, docentes, servidores técnico-administrativos e comunidade em geral;","reconhecer, importância, arte, formação, discentes, docentes, servidores, técnico"
PDI_UFV,PDI UFV.pdf,79,artistica_patrimonial,divulgar e formar público para as fronteiras das manifestações artísticas e culturais;,"divulgar, formar, público, fronteiras, manifestações, artísticas"
PDI_UFV,PDI UFV.pdf,80,artistica_patrimonial,"atualmente, como forma de ampliar o alcance das atividades artísticas e culturais, o programa concede recursos para custeio de projetos coordenados p or docentes ou técnicos de nível superior .","atualmente, forma, ampliar, alcance, atividades, artísticas, programa, concede"
PDI_UFV,PDI UFV.pdf,81,indefinido,"cultural, com apresentações musicais na estação cultural.","apresentações, musicais, estação"
PDI_UFV,PDI UFV.pdf,82,artistica_patrimonial,pr museus faz com que as artes e a cultura estejam sempre presentes no dia a dia da comunidade universitária.,"dia, pr, museus, faz, artes, estejam, sempre, presentes"
PDI_UFV,PDI UFV.pdf,83,indefinido,"leva lazer , entretenimento e cultura para a comunidade universitária e viçosense por meio da projeção gratuita de ﬁlmes consagrados.","leva, lazer, entretenimento, comunidade, universitária, viçosense, meio, projeção"
PDI_UFV,PDI UFV.pdf,84,artistica_patrimonial,"em a ufv co ncluiu a revitalização do cineclube carcará, vinculado à divisão de assuntos culturais, administrado em parceria com o movimento estudantil e que, há mais de anos, é um espaço de cultura, ensino e extensão alinhado à chamada “sétima arte”.","ufv, co, ncluiu, revitalização, cineclube, carcará, vinculado, divisão"
PDI_UFV,PDI UFV.pdf,85,diversidade_inclusao,"iniciou o processo para ampliar a acessibilidade aos projetos culturais para o público com de ﬁciência visual, por meio do circuito de visitação a e sses espaços com audiodescrição, acesso via qr code e seleção de peças dos acervos para manipulação, proporcionando aos visitantes a possibilidade de experimentação do objeto museológico e “enxergar” através do tato.","iniciou, processo, ampliar, acessibilidade, projetos, público, ciência, visual"
PDI_UFV,PDI UFV.pdf,86,indefinido,"essas ações são resultados da plano de dese nvolvimento instituciona l - projeto da coordenação cultural, que tem como objetivos promover manifestações culturais como concertos, shows com músicos e bandas formadas por membros da comunidade universitária, apresentações teatrais, dança, poesia, entre outros.","essas, ações, são, resultados, plano, dese, nvolvimento, instituciona"
PDI_UFV,PDI UFV.pdf,87,indefinido,"t ambém são realizadas o ﬁcinas culturais voltadas para a população local com o objetivo de valorizar e divulgar a cultura do município e região p or meio de aulas que mesclam teoria e prática ministradas pelos próprios alunos do campus, que atuam como monitores.","t, ambém, são, realizadas, cinas, voltadas, população, local"
PDI_UFV,PDI UFV.pdf,88,artistica_patrimonial,"além da música, as atividades artísticas e culturais no c rp envolvem também as artes cênicas com o grupo de t eatro t ablado solto e o projeto cine girl up;","t, além, música, atividades, artísticas, c, rp, envolvem"
PDI_UFV,PDI UFV.pdf,89,organizacional_gestao,a atuação institucional das estruturas de administração é importante especialmente nos eventos voltados para a arte e a cultura e que mobilizam tanto a comunidade universitária como a dos municípios e regiões q ue acolhem a nossa universidade.,"atuação, estruturas, administração, é, importante, especialmente, eventos, voltados"
PDI_UFV,PDI UFV.pdf,90,artistica_patrimonial,plano de dese nvolvimento instituciona l - cultura e arte;,"plano, dese, nvolvimento, instituciona, l, arte"
PDI_UFV,PDI UFV.pdf,91,artistica_patrimonial,"reconhecer a importância da cultura e da arte na formação dos discentes, docentes, servidores técnico-administrativos e comunidade em geral;","reconhecer, importância, arte, formação, discentes, docentes, servidores, técnico"
PDI_UFV,PDI UFV.pdf,92,artistica_patrimonial,divulgar e formar público para as fronteiras das manifestações artísticas e culturais;,"divulgar, formar, público, fronteiras, manifestações, artísticas"
PDI_UFV,PDI UFV.pdf,93,artistica_patrimonial,"atualmente, como forma de ampliar o alcance das atividades artísticas e culturais, o programa concede recursos para custeio de projetos coordenados p or docentes ou técnicos de nível superior .","atualmente, forma, ampliar, alcance, atividades, artísticas, programa, concede"
PDI_UFV,PDI UFV.pdf,94,indefinido,"cultural, com apresentações musicais na estação cultural.","apresentações, musicais, estação"
PDI_UFV,PDI UFV.pdf,95,artistica_patrimonial,pr museus faz com que as artes e a cultura estejam sempre presentes no dia a dia da comunidade universitária.,"dia, pr, museus, faz, artes, estejam, sempre, presentes"
PDI_UFV,PDI UFV.pdf,96,indefinido,"leva lazer , entretenimento e cultura para a comunidade universitária e viçosense por meio da projeção gratuita de ﬁlmes consagrados.","leva, lazer, entretenimento, comunidade, universitária, viçosense, meio, projeção"
PDI_UFV,PDI UFV.pdf,97,artistica_patrimonial,"em a ufv co ncluiu a revitalização do cineclube carcará, vinculado à divisão de assuntos culturais, administrado em parceria com o movimento estudantil e que, há mais de anos, é um espaço de cultura, ensino e extensão alinhado à chamada “sétima arte”.","ufv, co, ncluiu, revitalização, cineclube, carcará, vinculado, divisão"
PDI_UFV,PDI UFV.pdf,98,diversidade_inclusao,"iniciou o processo para ampliar a acessibilidade aos projetos culturais para o público com de ﬁciência visual, por meio do circuito de visitação a e sses espaços com audiodescrição, acesso via qr code e seleção de peças dos acervos para manipulação, proporcionando aos visitantes a possibilidade de experimentação do objeto museológico e “enxergar” através do tato.","iniciou, processo, ampliar, acessibilidade, projetos, público, ciência, visual"
PDI_UFV,PDI UFV.pdf,99,indefinido,"essas ações são resultados da plano de dese nvolvimento instituciona l - projeto da coordenação cultural, que tem como objetivos promover manifestações culturais como concertos, shows com músicos e bandas formadas por membros da comunidade universitária, apresentações teatrais, dança, poesia, entre outros.","essas, ações, são, resultados, plano, dese, nvolvimento, instituciona"
PDI_UFV,PDI UFV.pdf,100,indefinido,"t ambém são realizadas o ﬁcinas culturais voltadas para a população local com o objetivo de valorizar e divulgar a cultura do município e região p or meio de aulas que mesclam teoria e prática ministradas pelos próprios alunos do campus, que atuam como monitores.","t, ambém, são, realizadas, cinas, voltadas, população, local"
PDI_UFV,PDI UFV.pdf,101,artistica_patrimonial,"além da música, as atividades artísticas e culturais no c rp envolvem também as artes cênicas com o grupo de t eatro t ablado solto e o projeto cine girl up;","t, além, música, atividades, artísticas, c, rp, envolvem"
PDI_UFV,PDI UFV.pdf,102,organizacional_gestao,a atuação institucional das estruturas de administração é importante especialmente nos eventos voltados para a arte e a cultura e que mobilizam tanto a comunidade universitária como a dos municípios e regiões q ue acolhem a nossa universidade.,"atuação, estruturas, administração, é, importante, especialmente, eventos, voltados"
PDI_UFV,PDI UFV.pdf,103,academica_formativa,"plano de dese nvolvimento instituciona l - % outros % nigéria % colômbia % uganda , % peru , % etiópia , % monçambique % a responsabilidade social deve ser alcançada com a adoção de processos formativos pautados na defesa da cidadania, em princípios éticos, no desenvolvimento da capacidade crítica dos discentes com relação aos processos sociais, econômicos, políticos e culturais, no incentivo à criatividade para identiﬁcar problemas e propor soluções e na formação cultural ampla.","processos, plano, dese, nvolvimento, instituciona, l, outros, nigéria"
PDI_UFV,PDI UFV.pdf,104,academica_formativa,"(ippds) plano de dese nvolvimento instituciona l - a responsabilidade social deve ser alcançada com a adoção de processos formativos pautados na defesa da cidadania, em princípios éticos, no desenvolvimento da capacidade crítica dos discentes com relação aos processos sociais, econômicos, políticos e culturais, no incentivo à criatividade para identiﬁcar problemas e propor soluções e na formação cultural ampla.","processos, ippds, plano, dese, nvolvimento, instituciona, l, responsabilidade"
PDI_UFV,PDI UFV.pdf,105,academica_formativa,"biblioteca efetivamente para as atividades de ensino, pesquisa e ext ensão, propiciando acesso aos serviços informacionais nas diversas áreas do conhecimento, visando c ontribuir para a formação do pro ﬁssional do cidadão e para o desenvolvimento cientíﬁco, tecnológico e cultural da sociedade.","biblioteca, efetivamente, atividades, ensino, pesquisa, ext, ensão, propiciando"
PDI_UFV,PDI UFV.pdf,106,academica_formativa,"biblioteca efetivamente para as atividades de ensino, pesquisa e ext ensão, propiciando acesso aos serviços informacionais nas diversas áreas do conhecimento, visando c ontribuir para a formação do pro ﬁssional do cidadão e para o desenvolvimento cientíﬁco, tecnológico e cultural da sociedade.","biblioteca, efetivamente, atividades, ensino, pesquisa, ext, ensão, propiciando"
PDI_UFV,PDI UFV.pdf,107,academica_formativa,"os os c onselhos acadêmico-administrativos são órgãos superiores de administração dos campi flor estal e rio paranaíba, com funções consultivas e deliberativas, sendo, cada um deles, constituído do cultur representante do conselho comunitário do campus, dois representantes docentes, dois representantes dos servidores técnico-administrativos, um representante discente da graduação, um representante plano de dese nvolvimento instituciona l - desde então, a ufv vem adequando seus procedi mentos operacionais junto à diretoria de informatizados, que atuam neste escopo, com apoio da diret oria de t ecnologia da informação (dti), a ﬁm de atender as exigências legais.","representante, administrativos, dois, representantes, c, onselhos, acadêmico, são"
PDI_UFV,PDI UFV.pdf,108,academica_formativa,"biblioteca efetivamente para as atividades de ensino, pesquisa e ext ensão, propiciando acesso aos serviços informacionais nas diversas áreas do conhecimento, visando c ontribuir para a formação do pro ﬁssional do cidadão e para o desenvolvimento cientíﬁco, tecnológico e cultural da sociedade.","biblioteca, efetivamente, atividades, ensino, pesquisa, ext, ensão, propiciando"
PDI_UFV,PDI UFV.pdf,109,academica_formativa,"biblioteca efetivamente para as atividades de ensino, pesquisa e ext ensão, propiciando acesso aos serviços informacionais nas diversas áreas do conhecimento, visando c ontribuir para a formação do pro ﬁssional do cidadão e para o desenvolvimento cientíﬁco, tecnológico e cultural da sociedade.","biblioteca, efetivamente, atividades, ensino, pesquisa, ext, ensão, propiciando"
PDI_UFV,PDI UFV.pdf,110,academica_formativa,"biblioteca efetivamente para as atividades de ensino, pesquisa e ext ensão, propiciando acesso aos serviços informacionais nas diversas áreas do conhecimento, visando c ontribuir para a formação do pro ﬁssional do cidadão e para o desenvolvimento cientíﬁco, tecnológico e cultural da sociedade.","biblioteca, efetivamente, atividades, ensino, pesquisa, ext, ensão, propiciando"
PDI_UFV,PDI UFV.pdf,111,artistica_patrimonial,"extensão e cultura, cujas competências são:","extensão, cujas, competências, são"
PDI_UFV,PDI UFV.pdf,112,artistica_patrimonial,coord enar e compatibilizar os programas de extensão e cultur a apresentados pelas unidades e outros órgãos;,"coord, enar, compatibilizar, programas, extensão, apresentados, unidades, outros"
PDI_UFV,PDI UFV.pdf,113,artistica_patrimonial,"analisar o programa geral das atividades de extensão e cultura, para aprovação do cepe;","analisar, programa, geral, atividades, extensão, aprovação, cepe"
PDI_UFV,PDI UFV.pdf,114,artistica_patrimonial,estudar e propor convênios para a realização de trabalhos de extensão e de cultura;,"estudar, propor, convênios, realização, trabalhos, extensão"
PDI_UFV,PDI UFV.pdf,115,artistica_patrimonial,promover o desenvolvimento das atividades de extensão e cultura da modiﬁcações em seu regimento;,"promover, desenvolvimento, atividades, extensão, modi, cações, regimento"
PDI_UFV,PDI UFV.pdf,116,artistica_patrimonial,"sup ervisionar o a c ompanhamento das disposições das resoluções dos colegiados superiores da ufv, no que se refere à extensão e cultura;","sup, ervisionar, c, ompanhamento, disposições, resoluções, colegiados, superiores"
PDI_UFV,PDI UFV.pdf,117,artistica_patrimonial,propor políticas de extensão e cultura para a instituição;,"propor, políticas, extensão, instituição"
PDI_UFV,PDI UFV.pdf,118,academica_formativa,"biblioteca efetivamente para as atividades de ensino, pesquisa e ext ensão, propiciando acesso aos serviços informacionais nas diversas áreas do conhecimento, visando c ontribuir para a formação do pro ﬁssional do cidadão e para o desenvolvimento cientíﬁco, tecnológico e cultural da sociedade.","biblioteca, efetivamente, atividades, ensino, pesquisa, ext, ensão, propiciando"
PDI_UFV,PDI UFV.pdf,119,academica_formativa,"biblioteca efetivamente para as atividades de ensino, pesquisa e ext ensão, propiciando acesso aos serviços informacionais nas diversas áreas do conhecimento, visando c ontribuir para a formação do pro ﬁssional do cidadão e para o desenvolvimento cientíﬁco, tecnológico e cultural da sociedade.","biblioteca, efetivamente, atividades, ensino, pesquisa, ext, ensão, propiciando"
PDI_UFV,PDI UFV.pdf,120,artistica_patrimonial,"extensão e cultura, cujas competências são:","extensão, cujas, competências, são"
PDI_UFV,PDI UFV.pdf,121,artistica_patrimonial,coord enar e compatibilizar os programas de extensão e cultur a apresentados pelas unidades e outros órgãos;,"coord, enar, compatibilizar, programas, extensão, apresentados, unidades, outros"
PDI_UFV,PDI UFV.pdf,122,artistica_patrimonial,"analisar o programa geral das atividades de extensão e cultura, para aprovação do cepe;","analisar, programa, geral, atividades, extensão, aprovação, cepe"
PDI_UFV,PDI UFV.pdf,123,artistica_patrimonial,estudar e propor convênios para a realização de trabalhos de extensão e de cultura;,"estudar, propor, convênios, realização, trabalhos, extensão"
PDI_UFV,PDI UFV.pdf,124,artistica_patrimonial,promover o desenvolvimento das atividades de extensão e cultura da modiﬁcações em seu regimento;,"promover, desenvolvimento, atividades, extensão, modi, cações, regimento"
PDI_UFV,PDI UFV.pdf,125,artistica_patrimonial,"sup ervisionar o a c ompanhamento das disposições das resoluções dos colegiados superiores da ufv, no que se refere à extensão e cultura;","sup, ervisionar, c, ompanhamento, disposições, resoluções, colegiados, superiores"
PDI_UFV,PDI UFV.pdf,126,artistica_patrimonial,propor políticas de extensão e cultura para a instituição;,"propor, políticas, extensão, instituição"
PDI_UFV,PDI UFV.pdf,127,academica_formativa,"biblioteca efetivamente para as atividades de ensino, pesquisa e extensão, propiciando acesso aos serviços informacionais nas diversas áreas do conhecimento, visando contribuir para a formação do pro ﬁssional do cidadão e para o desenvolvimento cientíﬁco, tecnológico e cultural da sociedade.","biblioteca, efetivamente, atividades, ensino, pesquisa, extensão, propiciando, acesso"
PDI_UFV,PDI UFV.pdf,128,academica_formativa,"biblioteca efetivamente para as atividades de ensino, pesquisa e ext ensão, propiciando acesso aos serviços informacionais nas diversas áreas do conhecimento, visando c ontribuir para a formação do pro ﬁssional do cidadão e para o desenvolvimento cientíﬁco, tecnológico e cultural da sociedade.","biblioteca, efetivamente, atividades, ensino, pesquisa, ext, ensão, propiciando"
PDI_UFV,PDI UFV.pdf,129,academica_formativa,"biblioteca efetivamente para as atividades de ensino, pesquisa e ext ensão, propiciando acesso aos serviços informacionais nas diversas áreas do conhecimento, visando c ontribuir para a formação do pro ﬁssional do cidadão e para o desenvolvimento cientíﬁco, tecnológico e cultural da sociedade.","biblioteca, efetivamente, atividades, ensino, pesquisa, ext, ensão, propiciando"
PDI_UFV,PDI UFV.pdf,130,academica_formativa,"biblioteca efetivamente para as atividades de ensino, pesquisa e extensão, propiciando acesso aos serviços informacionais nas diversas áreas do conhecimento, visando contribuir para a formação do pro ﬁssional do cidadão e para o desenvolvimento cientíﬁco, tecnológico e cultural da sociedade.","biblioteca, efetivamente, atividades, ensino, pesquisa, extensão, propiciando, acesso"
PDI_UFV,PDI UFV.pdf,131,indefinido,"a iebt do cen t ev, criada em , viabiliza a criação e o desenvolvimento de novos negócios de base tecnológica e difunde a cultura empreendedora e as tecnologias inovadoras oriundas da ufv, contribuindo para o desenvolvimento local.","desenvolvimento, iebt, cen, t, ev, criada, viabiliza, criação"
PDI_UFV,PDI UFV.pdf,132,indefinido,pessoas por ano em atividades voltadas à difusão da cultura empreendedora.,"pessoas, ano, atividades, voltadas, difusão, empreendedora"
PDI_UFV,PDI UFV.pdf,133,inovacao_empreendedorismo,"nesse sentido, a ufv incentiva fortemente a cultura do empreendedorismo inovador para aproximar ciência, tecnologia, pesquisa e desenvolvimento do mercado e da sociedade, alinhando o capital intelectual e infraestrutura cientíﬁca e tecnológica com a transferência de conhecimento, tecnologias ou soluções de impacto social para o bem-estar da população.","nesse, sentido, ufv, incentiva, fortemente, empreendedorismo, inovador, aproximar"
PDI_UFV,PDI UFV.pdf,134,indefinido,"a iebt do cen t ev, criada em , viabiliza a criação e o desenvolvimento de novos negócios de base tecnológica e difunde a cultura empreendedora e as tecnologias inovadoras oriundas da ufv, contribuindo para o desenvolvimento local.","desenvolvimento, iebt, cen, t, ev, criada, viabiliza, criação"
PDI_UFV,PDI UFV.pdf,135,indefinido,pessoas por ano em atividades voltadas à difusão da cultura empreendedora.,"pessoas, ano, atividades, voltadas, difusão, empreendedora"
PDI_UFV,PDI UFV.pdf,136,inovacao_empreendedorismo,"nesse sentido, a ufv incentiva fortemente a cultura do empreendedorismo inovador para aproximar ciência, tecnologia, pesquisa e desenvolvimento do mercado e da sociedade, alinhando o capital intelectual e infraestrutura cientíﬁca e tecnológica com a transferência de conhecimento, tecnologias ou soluções de impacto social para o bem-estar da população.","nesse, sentido, ufv, incentiva, fortemente, empreendedorismo, inovador, aproximar"
PDI_UFV,PDI UFV.pdf,137,indefinido,"o nudese realiza projetos para melhoria da qualidade de vida das comunidades local e regional, com a valorização das pessoas, incentivando o exercício da cidadania, a qualiﬁcação técnica de jovens e adolescentes e a prática de esportes e a realização de atividades culturais.","nudese, realiza, projetos, melhoria, qualidade, vida, comunidades, local"
PDI_UFV,PDI UFV.pdf,138,inovacao_empreendedorismo,"a cemp é responsável pela operação do programa tecnoparq júnior que tem por missão disseminar a cultura do empreendedorismo, formar novas lideranças com ética e e ﬁciência e fomentar , no espaço universitário, a c riação, e struturação e consolidação das empresas juniores pelos estudantes da ufv, bem como de novas startups e spin-oﬀs.","novas, cemp, é, responsável, operação, programa, tecnoparq, júnior"
PDI_UFV,PDI UFV.pdf,139,indefinido,"o nudese realiza projetos para melhoria da qualidade de vida das comunidades local e regional, com a valorização das pessoas, incentivando o exercício da cidadania, a qualiﬁcação técnica de jovens e adolescentes e a prática de esportes e a realização de atividades culturais.","nudese, realiza, projetos, melhoria, qualidade, vida, comunidades, local"
PDI_UFV,PDI UFV.pdf,140,inovacao_empreendedorismo,"a cemp é responsável pela operação do programa tecnoparq júnior que tem por missão disseminar a cultura do empreendedorismo, formar novas lideranças com ética e e ﬁciência e fomentar , no espaço universitário, a c riação, e struturação e consolidação das empresas juniores pelos estudantes da ufv, bem como de novas startups e spin-oﬀs.","novas, cemp, é, responsável, operação, programa, tecnoparq, júnior"
PDI_UFV,PDI UFV.pdf,141,organizacional_gestao,"tabela - projeção de aposentadorias de servidores técnico-administrativos ( - ) nível de classiﬁcação t otal a b c d e t otal plano de dese nvolvimento instituciona l - necessidade organizacional, será fundamental para auxiliar na criação e consolidação de uma cultura de ambientes de trabalho mais seguros e mais saudáveis.","t, otal, mais, tabela, projeção, aposentadorias, servidores, técnico"
PDI_UFV,PDI UFV.pdf,142,artistica_patrimonial,"e promover e estimular o desenvolvimento cultural, esportivo, artístico e o lazer dos sindicalizados, de seus dependentes e dos demais servidores d a ufv, dentre outras.","promover, estimular, desenvolvimento, esportivo, artístico, lazer, sindicalizados, dependentes"
PDI_UFV,PDI UFV.pdf,143,indefinido,"a ufv dispõe de espaços para lazer , cultura e práticas esportivas destinados a atender às comunidades universitárias, municipais e regionais em seus três campi.","ufv, dispõe, espaços, lazer, práticas, esportivas, destinados, atender"
PDI_UFV,PDI UFV.pdf,144,organizacional_gestao,"plano de dese nvolvimento instituciona l - necessidade organizacional, será fundamental para auxiliar na criação e consolidação de uma cultura de ambientes de trabalho mais seguros e mais saudáveis.","mais, plano, dese, nvolvimento, instituciona, l, necessidade, organizacional"
PDI_UFV,PDI UFV.pdf,145,artistica_patrimonial,"e promover e estimular o desenvolvimento cultural, esportivo, artístico e o lazer dos sindicalizados, de seus dependentes e dos demais servidores d a ufv, dentre outras.","promover, estimular, desenvolvimento, esportivo, artístico, lazer, sindicalizados, dependentes"
PDI_UFV,PDI UFV.pdf,146,indefinido,"a ufv dispõe de espaços para lazer , cultura e práticas esportivas destinados a atender às comunidades universitárias, municipais e regionais em seus três campi.","ufv, dispõe, espaços, lazer, práticas, esportivas, destinados, atender"
PDI_UFV,PDI UFV.pdf,147,academica_formativa,"as ações de caráter universal têm como objetivo contribuir com o atendimento às necessidades básicas e de incentivo à formação acadêmica, por meio de ações e serviços que promovam a segurança alimentar e nutricional, assistência à saúde física e mental, participação em atividades esportivas, de laz er e culturais, visando ao desenvolvimento integral dos estudantes no processo educacional.","ações, caráter, universal, têm, objetivo, contribuir, atendimento, s"
PDI_UFV,PDI UFV.pdf,148,indefinido,"a programação conta com a expressiva participação das coordenações dos cursos de graduação, dos docentes e dos estudantes mais experientes, que apresentam as inúmeras oportunidades de engajamento em projetos e programas cientíﬁcos, esportivos, culturais e de lazer;","programação, conta, expressiva, participação, coordenações, cursos, graduação, docentes"
PDI_UFV,PDI UFV.pdf,149,academica_formativa,"as ações de caráter universal têm como objetivo contribuir com o atendimento às necessidades básicas e de incentivo à formação acadêmica, por meio de ações e serviços que promovam a segurança alimentar e nutricional, assistência à saúde física e mental, participação em atividades esportivas, de laz er e culturais, visando ao desenvolvimento integral dos estudantes no processo educacional.","ações, caráter, universal, têm, objetivo, contribuir, atendimento, s"
PDI_UFV,PDI UFV.pdf,150,artistica_patrimonial,"empre ender esforços pela transparência e democratização do fomento à pesquisa, à cultura e à extensão universitárias;","empre, ender, esforços, transparência, democratização, fomento, pesquisa, extensão"
PDI_UFV,PDI UFV.pdf,151,indefinido,"incentivar a realização de reuniões, congressos, seminários, conferências ou quaisquer outras manifestações de cunho cultural, cientíﬁco ou social, assim como estimular a publicação de obras de divulgação do conhecimento.","incentivar, realização, reuniões, congressos, seminários, conferências, quaisquer, outras"
PDI_UFV,PDI UFV.pdf,152,artistica_patrimonial,"dessa forma, também contribui para o desenvolvimento cultural e artístico da sociedade, publicando livros de cunho técnico, cientíﬁ co, l iterário e cultural.","dessa, forma, também, contribui, desenvolvimento, artístico, sociedade, publicando"
PDI_UFV,PDI UFV.pdf,153,artistica_patrimonial,"dessa forma, também contribui para o desenvolvimento cultural e artístico da sociedade, publicando livros de cunho técnico, cientíﬁ co, l iterário e cultural.","dessa, forma, também, contribui, desenvolvimento, artístico, sociedade, publicando"
PDI_UFV,PDI UFV.pdf,154,artistica_patrimonial,"do mesmo modo, todos os projetos submetidos aos editais para atividades de extensão e cultura são avaliados por uma comissão indicada pelo conselho t écnico de conc.","mesmo, modo, todos, projetos, submetidos, editais, atividades, extensão"
PDI_UFV,PDI UFV.pdf,155,artistica_patrimonial,"do mesmo modo, todos os projetos submetidos aos editais para atividades de extensão e cultura são avaliados por uma comissão indicada pelo conselho t écnico de conc.","mesmo, modo, todos, projetos, submetidos, editais, atividades, extensão"
PDI_UFVJM,PDI UFVJM.pdf,1,academica_formativa,"assim, os investimentos institucionais em pesquisa, ensino, extensão e cultura, nos níveis de graduação e pós-graduação, são fundamentais para a região.","graduação, assim, investimentos, institucionais, pesquisa, ensino, extensão, níveis"
PDI_UFVJM,PDI UFVJM.pdf,2,diversidade_inclusao,"saúde, educação, cultura, meio ambiente, direitos humanos, entre outras.","saúde, educação, meio, ambiente, direitos, humanos, outras"
PDI_UFVJM,PDI UFVJM.pdf,3,organizacional_gestao,"nullam - capacidade de fortalecer ações estratégicas para aumento da ocupação de vagas nos cursos de graduação e pós-graduação - promoção de ações de capacitação e qualificação de servidores - possui canais de comunicação de grande alcance com a comunidade interna e sociedade - desenvolve projetos de extensão, cultura, pesquisa e inovação - potencial para parcerias com organizações públicas para desenvolvimento de projetos - potencial para firmar parcerias com organizações da iniciativa privada para desenvolvimento de estudos e projetos - capacidade em promover ações de assistência estudantil para a permanência dos estudantes beneficiários na universidade - espaço físico propício para fortalecimento e criação de áreas de convivências - condições de induzir e fortalecer a sustentabilidade ambiental - capacidade de adoção e adequação a novas tecnologias no ambiente acadêmico e administrativo - ampla presença regional no estado de minas gerais - oferta de ensino superior público gratuito - dificuldade de preenchimento das vagas ofertadas nos cursos de graduação e pósgraduação - elevados índices de evasão e retenção dos estudantes em parte dos cursos de graduação e pós-graduação - insuficiência de infraestrutura de tecnologia - inexistência de política de comunicação institucionalizada - distanciamento territorial entre os campi - incompreensão da relação entre força de trabalho, estrutura organizacional e processos organizacionais - ausência de política de qualidade de vida nos ambientes administrativos e acadêmicos institucionalizada - deficiência da cultura de planejamento, avaliação e monitoramento dos processos institucionais - deficiência nos mecanismos de participação da sociedade civil organizada na busca por melhorias nos diversos processos organizacionais - estrutura física existente insuficiente para promoção da convivência, acessibilidade e permanência nos campi - dificuldade de participação efetiva das categorias minoritárias (sociedade civil, tae’s e discentes) nas instâncias colegiadas, dada sua constituição não paritária - dificuldade de alinhamento para propositura de pautas nas instâncias colegiadas pelas categorias minoritárias - campi fora de sede com infraestrutura física não consolidada - inexistência de política de egressos institucionalizada - dificuldade de reposição de vagas de técnicos administrativos e docentes - inexistência de uma base unificada com todos os indicadores estratégico institucionais a ferramenta balanced scorecard (bsc) é mais que um sistema tático ou operacional de mensuração:","graduação, dificuldade, capacidade, ações, vagas, cursos, sociedade, projetos"
PDI_UFVJM,PDI UFVJM.pdf,4,inovacao_empreendedorismo,"como forma de demonstrar a organização e agrupamento dos processos de trabalho da ufvjm para cumprimento da sua missão - ensino - pesquisa - extensão - assistência estudantil - inclusão social e diversidade - esporte, saúde, cultura e lazer - inovação e empreendedorismo - sustentabilidade ambiental - internacionalização - pessoas - infraestrutura física e de - planejamento e orçamento - comunicação - monitoramento e avaliação os objetivos, indicadores e metas vinculam-se às áreas estratégicas supramencionadas e foram construídos com a finalidade de alcançar a missão e visão institucionais sem perder de vista o conjunto de valores que guiarão a atuação da ufvjm e a conduta de seus membros.","ufvjm, missão, forma, demonstrar, organização, agrupamento, processos, trabalho"
PDI_UFVJM,PDI UFVJM.pdf,5,academica_formativa,"obter e manter o conceito máximo (enade faixa ) em pelo menos cursos durante o período de vigência do pdi i5 programas de pós-graduação stricto sensu da ufvjm m1 aumentar em , o conceito médio capes dos programas de pós-graduação stricto sensu durante o período de vigência do pdi , / prppg e2 implantar novos cursos de graduação e pósgraduação i1 número de cursos de graduação m1 aumentar em pelo menos o número de cursos de graduação ofertados no período de vigência do pdi i2 número de programas de pósgraduação stricto sensu m1 aumentar em pelo menos o número de cursos de pós-graduação stricto sensu ofertados no período de vigência do pdi / prppg i3 número de cursos de pósgraduação lato sensu m1 aumentar em pelo menos o número de cursos de pós-graduação lato sensu ofertados no período de vigência do pdi / prppg e3 reduzir a evasão, retenção, número de vagas ociosas e aumentar a diplomação nos cursos de graduação e pósgraduação i1 índice de ocupação de vagas dos cursos de graduação m1 aumentar em % o índice de ocupação de vagas nos cursos de graduação durante a vigência do pdi i2 índice de evasão dos cursos de graduação m1 reduzir anualmente em % o índice de evasão nos cursos de graduação % / prograd + dead i3 índice de aluno diplomados dos cursos de graduação m1 aumentar o índice de alunos diplomados em % ao ano nos cursos de graduação % / prograd + dead i4 índice de retenção dos cursos de graduação m1 reduzir pontos percentuais no índice de retenção a cada ano nos cursos de graduação % / prograd + dead i5 número de discentes matriculados nos programas de pós-graduação m1 aumentar anualmente em , % o número de discentes matriculados nos programas de pósgraduação / prppg e4 revisar e adequar os ppc dos cursos de graduação em atendimento à legislação atual i1 índices de ppcs dos cursos de graduação em conformidade com a legislação m1 atingir % dos cursos de graduação com o ppc em conformidade com a legislação durante o período de vigência do pdi e5 aumentar a participação docente i1 índices de bolsas implementadas no proae m1 implementar % do total de bolsas ofertadas para cada edital do proae % / prograd e6 aumentar a participação docente no programa de monitoria i1 índice de bolsas implementadas no programa de monitoria m1 implementar % do total de bolsas ofertadas para cada edital da monitoria % / prograd quadro - ações estratégicas área estratégica de ensino em todos os campi da ufvjm prograd ea6 promover a revisão sistemática dos processos avaliativos com gestores acadêmicos, docentes, alunos e servidores técnico-administrativos, com o intuito de construir saberes sobre avaliação e, consequentemente, fortalecer a cultura avaliativa e melhorar a qualidade dos cursos de graduação e institucional da ufvjm ea7 da matriz curricular dos cursos de graduação ea8 propor discussões acerca dos processos avaliativos com gestores acadêmicos, docentes, alunos e servidores técnico-administrativos, com o intuito de construir saberes sobre avaliação e, consequentemente, melhorar a qualidade dos cursos de graduação e institucional da ufvjm ea9 propor a criação de um programa institucional para acolhimento e manutenção dos discentes nos cursos de pós-graduação da ufvjm prppg ea10 fortalecer a força de trabalho de pessoal efetivo e terceirizado para atender a demanda dos programas de pós-graduação e cursos de graduação da ufvjm prograd + prppg ea11 propor nas atividades de ensino dos cursos de graduação e pós-graduação a formação de profissionais inovadores comprometidos com o desenvolvimento regional e socioambiental, tendo como propulsores o empreendedorismo, empresas juniores, transferências de tecnologia, internacionalização e parcerias com o ea12 instituir ferramenta tecnológica que permita gerenciar a execução das ações afirmativas nos programas de pós-graduação da ufvjm (monitorar a quantidade de discentes e docentes ingressantes por meio de políticas afirmativas) quadro - objetivos estratégicos área estratégica de pesquisa p1 aumentar o envolvimento da comunidade acadêmica em pesquisa científica e ou tecnológica i2 número de orientadores com submissão de projetos m1 aumentar em pelo menos % durante o período de vigência do pdi ( ) prppg i3 número de projetos de pesquisa financiados por órgãos de fomento externos m1 aumentar em pelo menos % durante o período de vigência do pdi ( ) prppg i4 índice de discentes de envolvidos em pesquisa e desenvolvimento tecnológico m1 aumentar o índice de discentes envolvidos em pesquisa e desenvolvimento tecnológico em % ao ano ( ) prppg i5 número de pesquisadores da ufvjm designados como bolsistas produtividade em pesquisa e/ou desenvolvimento tecnológico no cnpq m1 aumentar o número de pesquisadores da ufvjm designados como bolsistas produtividade no cnpq em pelo menos % durante o período de vigência do pdi ( ) prppg i6 número de bolsas de pósgraduação cota institucional m1 manter as cotas institucionais de bolsas da pós-graduação / prppg p2 otimizar e aprimorar a infraestrutura para pesquisa i1 valor investido em custeio para pesquisa (r$) com dotação da loa da ufvjm m1 aumentar em pelo menos % ao ano o valor a ser investido em custeio para pesquisa com dotação da loa da ufvjm r$ .","graduação, cursos, i, m, aumentar, número, ufvjm, prppg"
PDI_UFVJM,PDI UFVJM.pdf,6,academica_formativa,", em bens de capital para a pesquisa com dotação da loa da ufvjm r$ , ( ) prppg p3 aumentar a produção e divulgação científica qualificada i1 número de publicações por docentes via pap (artigos, capítulos de livros, livros, revisões e traduções) m1 aumentar o número de publicações por docentes via pap (artigos, capítulos de livros, livros, revisões e traduções) em pelo menos unidade ao ano ( ) prppg i2 número de publicações por discentes via pap (artigos, capítulos de livros, livros, revisões e traduções) m1 aumentar o número de publicações por discente via pap (artigos, capítulos de livros, livros, revisões e traduções) em pelo menos unidade ao ano ( ) prppg i3 número de apresentações de docentes em congressos, workshops e demais eventos científicos tecnológicos via m1 aumentar o número de apresentações de docentes em congressos, workshops e demais eventos científicos tecnológicos via proapp em pelo menos unidade ao ano ( ) prppg i4 número de apresentações de discentes em congressos, workshops e demais eventos científicos tecnológicos via m1 aumentar o número de apresentações de discentes em congressos, workshops e demais eventos científicos tecnológicos via proapp em unidade ao ano ( ) prppg quadro - ações estratégicas área estratégica de pesquisa quadro - objetivos estratégicos área estratégica de pesquisa ext1 fomentar e fortalecer as ações de extensão e cultura na ufvjm i1 índice de bolsas implementadas (%) = número de bolsas implementadas/ número de bolsas ofertadas x m1 implementar e manter anualmente % de bolsas em relação à quantidade ofertada implementadas ( %) mantidas118 ( %) / i2 quantidade de ações de extensão e cultura submetidas m1 aumentar % ao ano tendo como base o valor do ano anterior / proexc i3 quantidade de ações de extensão e cultura executadas e em execução m1 aumentar % ao ano tendo como base o valor do ano anterior / proexc i4 índice de estudantes de graduação envolvidos em ações de extensão e cultura m1 aumentar % ao ano tendo como base o índice do ano anterior , % / proexc i5 índice de professores envolvidos em ações de extensão e cultura m1 aumentar % ao ano tendo como base o índice do ano anterior , % / proexc i6 administrativos envolvidos em ações de extensão e cultura m1 aumentar % ao ano tendo como base o índice do ano anterior , % / proexc i7 índice de estudantes de pósgraduação envolvidos em ações de extensão e cultura m1 aumentar % ao ano tendo como base o índice do ano anterior , % / proexc ext2 assegurar, no mínimo, % (dez por cento) do total de créditos curriculares exigidos para a graduação em programas e projetos de extensão universitária (creditação da extensão) i1 número de cursos de graduação com ppcs adequados à curricularização da extensão m1 ter % dos cursos de graduação adequados à curricularização da extensão em seus ppcs até o ano de ( ) proexc i2 quantidade de ações de extensão vinculadas aos componentes curriculares dos cursos de graduação m1 ter pelo menos ações de extensão vinculadas aos componentes curriculares dos cursos de graduação ao ano a partir de pa1 propor nas atividades de pesquisa a formação de profissionais inovadores comprometidos com o desenvolvimento regional e socioambiental, tendo como propulsores o empreendedorismo, empresas juniores, transferências de tecnologia, internacionalização e parcerias com o intermédio do centro de quadro - ações estratégicas área de extensão exta1 construir e implementar formulário próprio para registro de ações de extensão vinculadas aos componentes curriculares dos cursos de graduação até o ano de proexc exta3 institucionalizar o programa de apoio aos discentes, docentes e técnicos administrativos para participação em eventos extensionistas e culturais durante o período de vigência do pdi proexc exta5 aprimorar o sistema de gestão das ações de extensão e cultura visando maior eficiência e eficácia das políticas de extensão e cultura institucional proexc exta6 propor, nas atividades de extensão, a formação de profissionais inovadores, comprometidos com o desenvolvimento regional e com a questão socioambiental, tendo como propulsores o empreendedorismo social, o diálogo com as empresas juniores, as transferências de tecnologia, as tecnologias sociais, a internacionalização e as parcerias, com o intermédio do centro de inovação tecnológica e diretoria de relações internacionais proexc + cultura proexc t1 aperfeiçoar os programas de assistência estudantil e comunitários e implantar novos programas i1 índice de discentes atendidos ofertar atendimento psicológico para no mínimo % dos estudantes beneficiários do programa de assistência estudantil ao ano a partir do exercício de dados inexistentes proaae i2 índice de deferimentos de cadastros de discentes que se inscrevem no programa de m1 aumentar a taxa de deferimento em , % por edital/ano / proaae i3 índice de discentes que acessam o restaurante universitário (ru) em relação ao número de inscritos m1 aumentar em pelo menos , % ao ano o número de atendidos pelo ru, considerando os discentes que se inscrevem no possuem perfil para recebimento da alimentação de acordo com o decreto pnaes (inscritos ) proaae i4 índice de ocupação universitária m1 aumentar para % a ocupação das vagas na moradia estudantil universitária durante a vigência do pdi / ( vagas) proaae i5 índice de estudantes que recebem atendimentos pedagógicos m1 aumentar em % ao ano o número de estudantes que recebem atendimentos pedagógicos a discentes beneficiários do programa de assistência estudantil que sejam reprovados ou estejam em risco de reprovação ( estudantes no pae) i6 número de eventos culturais universitária m1 realizar evento por semestre na moradia estudantil universitária para promover a integração entres os discentes / proaae estudantes proaae saúde proaae criar mecanismos (ou buscar recursos junto ao ministério de educação) para a expansão desse serviço para os demais campi proaae de assistência estudantil e do acesso do estudante aos benefícios proaae benefícios e possibilitar o upload de arquivos pelos estudantes proaae tas7 fortalecer o serviço de acompanhamento pedagógico com o intuito de garantir um bom desempenho acadêmico dos estudantes assistidos fora de sede proaae todos os campi proaae equipamentos disponíveis em sua área de abrangência proaae tas15 desenvolver um programa de apoio pedagógico para % dos alunos reprovados ou com risco de reprovação que sejam atendidos pelo transtornos globais do desenvolvimento e altas habilidades e superdotação tas20 realizar seminários locais sobre assistência estudantil com a participação dos estudantes em todos os campi proaae quadro - objetivos estratégicos área transversal de internacionalização t2 ampliar parcerias e convênios com instituições internacionais i1 índice de parcerias firmadas voltadas para a internacionalização m1 aumentar, em pelo menos %, o número de parcerias e/ou convênios internacionais ao longo da vigência do pdi ( ) + dcp m2 renovar pelo menos % dos convênios que se m3 aumentar em % a rede de cooperação internacional durante a vigência do pdi ( ) dri + reitoria t3 promover o ensino de línguas e culturas estrangeiras na ufvjm i1 índice de bolsistas vinculados ao núcleo de línguas por idioma m1 aumentar o número de bolsistas do núcleo de línguas em pelo menos % para cada idioma (inglês, espanhol e português como língua estrangeira - ple) ao longo da vigência do pdi i2 índice de cursos ofertados, vinculados ao núcleo de línguas por idioma m1 aumentar em pelo % a oferta de cursos de línguas pelo nucli para a comunidade acadêmica até o final do período de vigência do pdi t4 promover a mobilidade acadêmica internacional i1 índice de mobilidade internacional outgoing m1 apoiar a participação de discentes e servidores da ufvjm em programas de mobilidade internacional, aumentando em, pelo menos, % o número de mobilidade dessas categorias durante o período de vigência do pdi i2 índice de mobilidade internacional incoming m1 apoiar a participação de discentes e servidores de universidades estrangeiras em programas de mobilidade internacional, aumentando em, pelo menos, % o número de mobilidade dessas categorias durante o período de vigência do pdi ( ) + prograd + acadêmicas i3 número anual de cursos preparatórios para inglesa m1 realizar pelo menos uma oferta anual de cursos preparatórios para exames de proficiência em língua inglesa para atender demanda de alunos da graduação e pós-graduação participantes de programas de mobilidade internacional t5 aprimorar os meios de comunicação institucionais e a divulgação da ufvjm junto à comunidade estrangeira i1 número de conteúdos digitais publicados voltados para a promoção da internacionalização m1 produzir pelo menos conteúdos mensais nas redes sociais da dri durante o período de vigência do pdi quadro - ações estratégicas área transversal de internacionalização durante a vigência do pdi dri + progep tai7 elaborar o manual de celebração de acordos de cooperação acadêmica internacional, até o final do primeiro ano de vigência do tai11 elaborar o programa de acolhimento ao estudante estrangeiro na ufvjm (auxílio-moradia, alimentação e ensino da cultura/língua portuguesa) até o final da vigência do pdi tai13 disponibilizar, em língua estrangeira, conteúdos institucionais do portal ufvjm para o público estrangeiro, alunos e instituições, até o término da vigência do pdi dri + coordcs tai14 ofertar pelo menos uma disciplina em língua inglesa em cada unidade acadêmica dos cursos de graduação e pós-graduação ao longo da vigência do pdi tai16 promover, pelo menos vez por ano, atividades de integração entre os estudantes estrangeiros e a comunidade acadêmica (internacionalização in house) tsa1 desenvolver ações de arborização e paisagismo nos espaços da ufvjm e divulgação das ações anualmente com vistas à melhoria dos tsa2 desenvolver ações de educação ambiental e divulgação das ações anualmente com vistas à melhoria dos indicadores relacionados ao meio tsa3 estimular a sustentabilidade ambiental nas diversas áreas de atuação da ufvjm por meio de campanhas educativas a toda a comunidade universitária cma t6 promover e desenvolver propostas e ações necessárias ao desenvolvimento ambiental no âmbito da universidade, tendo como foco primordial conciliar o desenvolvimento ao meio ambiente, a fim de proporcionar a melhoria da qualidade de vida e do bemestar de toda a comunidade acadêmica i1 quantidade de água tratada consumida nos campi da ufvjm m1 quantificar o montante de água tratada consumida nos campi da ufvjm em metros cúbicos (m3) e divulgar os dados anualmente com vistas à redução de % do consumo até / cma i2 quantidade de energia elétrica consumida nos campi da ufvjm m1 quantificar o montante de energia elétrica consumida nos campi da ufvjm em quilowatt-hora (kwh) e divulgar os dados anualmente com vistas à redução % do consumo até / cma i3 quantidade de material reciclável coletado m1 quantificar a quantidade de material reciclável coletado em kg e divulgar os dados anualmente com vistas à redução do descarte incorreto.","m, i, ano, número, aumentar, ações, extensão, índice"
PDI_UFVJM,PDI UFVJM.pdf,7,indefinido,"considerar os aspectos globais, políticos, econômicos, sociais, ambientais, culturais e de segurança e saúde no trabalho;","considerar, aspectos, globais, políticos, econômicos, sociais, ambientais, segurança"
PDI_UFVJM,PDI UFVJM.pdf,8,indefinido,cultura (proexc) estimula o estabelecimento de convênios e parcerias com outras instituições.,"proexc, estimula, estabelecimento, convênios, parcerias, outras, instituições"
PDI_UFVJM,PDI UFVJM.pdf,9,academica_formativa,"a ufvjm adota a concepção de extensão da política nacional de extensão, sendo um processo educativo, cultural e científico que une ensino e pesquisa de forma indissociável.","extensão, ufvjm, adota, concepção, política, nacional, sendo, processo"
PDI_UFVJM,PDI UFVJM.pdf,10,organizacional_gestao,"vinculado à reitoria, criado pela resolução consu nº , de de abril de , com um grande desafio, o de apoiar toda a ufvjm no cumprimento de sua missão institucional, reafirmando valores como a integração sistêmica entre educação, trabalho e atuação social, a oportunidade de acesso à ufvjm e socialização de seus benefícios, o desenvolvimento sustentável, o respeito à cidadania e à diversidade étnica e cultural e a valorização das pessoas.","ufvjm, vinculado, reitoria, criado, resolução, consu, n, abril"
PDI_UFVJM,PDI UFVJM.pdf,11,organizacional_gestao,"sendo o principal responsável pelas ações de desenvolvimento tecnológico e regional, o citec busca disseminar a cultura empreendedora e promover o desenvolvimento econômico e social em toda área de abrangência institucional.","desenvolvimento, sendo, principal, responsável, ações, tecnológico, regional, citec"
PDI_UFVJM,PDI UFVJM.pdf,12,academica_formativa,"na internacionalização como forma de criar uma relação de cooperação entre a sua comunidade científica e a comunidade internacional, gerando oportunidades de conhecimento de outras culturas, fomentando o desenvolvimento da pesquisa, da pós-graduação e da graduação, além de propiciar a seus docentes e discentes a oportunidade de realização de mobilidade internacional.","comunidade, internacional, graduação, internacionalização, forma, criar, relação, cooperação"
PDI_UFVJM,PDI UFVJM.pdf,13,inovacao_empreendedorismo,"dessa forma, a pós-graduação stricto sensu torna-se um importante agente transformador, contribuindo para o avanço científico, tecnológico e social dessas áreas de quanto aos programas de pós-graduação lato sensu, são ofertados cursos na modalidade presencial e também na modalidade a distância, considerando a integração da universidade ao sistema da universidade gráfico - distribuição dos programas de pós-graduação stricto sensu entre as unidades acadêmicas a pós-graduação stricto sensu ofertada pela ufvjm desempenha um papel de extrema relevância para os vales do jequitinhonha e mucuri, essas áreas, embora ricas em cultura e potencialidades econômicas e de quadro - cursos de pós-graduação lato sensu oferecidos pela ufvjm capítulo - cronograma de implantação e desenvolvimento dos cursos (capes) é agência governamental brasileira responsável pela abertura, acompanhamento, avaliação e recomendação dos cursos de pósgraduação stricto sensu no brasil desde .","sensu, pós, graduação, stricto, cursos, áreas, programas, lato"
PDI_UFVJM,PDI UFVJM.pdf,14,organizacional_gestao,", de de agosto de , tem como objetivo principal estabelecer uma cultura de planejamento das ações de desenvolvimento dos servidores, alinhada aos objetivos institucionais.","agosto, tem, objetivo, principal, estabelecer, planejamento, ações, desenvolvimento"
PDI_UFVJM,PDI UFVJM.pdf,15,academica_formativa,"a ufvjm poderá criar órgãos suplementares, diretamente vinculados à reitoria, e, órgãos complementares, vinculados às unidades acadêmicas, sem lotação própria de pessoal docente, para colaborar no ensino, pesquisa, extensão e cultura, devendo sua composição e funcionamento ser disciplinados em regimentos próprios, a serem aprovados, no primeiro caso pelo consu e, no segundo, pelas respectivas congregações, observado o regimento geral.","órgãos, vinculados, ufvjm, poderá, criar, suplementares, diretamente, reitoria"
PDI_UFVJM,PDI UFVJM.pdf,16,academica_formativa,"este programa tem por objetivo proporcionar ao estudante de graduação o aprimoramento da sua formação acadêmica, por meio de intercâmbio científico-cultural em outra instituição de ensino ou em outro possibilitando diversificar os tempos e espaços de aprendizagem, bem como de formação.","formação, programa, tem, objetivo, proporcionar, estudante, graduação, aprimoramento"
PDI_UFVJM,PDI UFVJM.pdf,17,artistica_patrimonial,um voltado ao apoio à extensão (pibex) e um voltado à arte e cultura (procarte).,"voltado, apoio, extensão, pibex, arte, procarte"
PDI_UFVJM,PDI UFVJM.pdf,18,artistica_patrimonial,"nos últimos anos, a proexc também tem fomentado bolsas para a realização de cursos on-line, ampliando o acesso a bolsas pelos estudantes, e apoiado financeiramente diversos projetos de extensão e cultura avulsos.","bolsas, últimos, anos, proexc, também, tem, fomentado, realização"
PDI_UFVJM,PDI UFVJM.pdf,19,organizacional_gestao,"fomentar e coordenar a política institucional de extensão e cultura da ufvjm, realizando o registro, o acompanhamento, a avaliação e a certificação dos programas, projetos e ações de extensão e cultura.","extensão, fomentar, coordenar, política, ufvjm, realizando, registro, acompanhamento"
PDI_UFVJM,PDI UFVJM.pdf,20,artistica_patrimonial,"também, compete à proexc propor programas, projetos e ações de extensão e cultura visando à integração acadêmica, bem como buscar da ufvjm, regulamentado pelo decreto nº .","também, compete, proexc, propor, programas, projetos, ações, extensão"
PDI_UFVJM,PDI UFVJM.pdf,21,academica_formativa,"pretende, ainda, fomentar atividades de ensino, pesquisa, extensão/ cultura e/ou administrativas, contribuindo para a melhoria da qualidade da formação dos discentes e preparação para o mercado de trabalho.","pretende, ainda, fomentar, atividades, ensino, pesquisa, extensão, administrativas"
PDI_UFVJM,PDI UFVJM.pdf,22,artistica_patrimonial,"nesse mesmo sentido, possui como finalidades “cumprir os objetivos especiais de natureza técnico-científica, cultural, atendendo à comunidade acadêmica e externa, buscando democratizar o acesso à informação e ao acervo sob sua responsabilidade;","nesse, mesmo, sentido, possui, finalidades, cumprir, objetivos, especiais"
PDI_UFVJM,PDI UFVJM.pdf,23,indefinido,"os auditórios, por sua vez, destinam-se precipuamente para a realização de atividades de cunho acadêmico, científico e cultural, tais como:","auditórios, vez, destinam, precipuamente, realização, atividades, cunho, acadêmico"
PDI_UFVJM,PDI UFVJM.pdf,24,diversidade_inclusao,"promover acessibilidade nas comunicações significa oferecer recursos, atividades e bens culturais que promovam independência e autonomia aos indivíduos que necessitam de serviços específicos para acessar o conteúdo proposto.","promover, acessibilidade, comunicações, significa, oferecer, recursos, atividades, bens"
PDI_UFVJM,PDI UFVJM.pdf,25,academica_formativa,"construção de prédio anexo ao prédio da facsae para o desenvolvimento de ações voltadas para a cultura, ensino, pesquisa e extensão dos atuais e novos cursos de graduação e pós-graduação da facsae (r$ milhões);","prédio, facsae, graduação, construção, anexo, desenvolvimento, ações, voltadas"
PDI_UFVJM,PDI UFVJM.pdf,26,artistica_patrimonial,"aquisição de sonorização, microfone profissional, câmeras digital e tripé profissional, para guitarra, baixo ou teclado, projetor led de até polegadas full hd com alto falante, kit desktop / monitor , polegadas / hd externo / notebooks / antenas kit starlin, palco praticável 2x1mt para atender a demanda das ações e projetos de cultura, arte e extensão da proexc (r$ mil);","profissional, polegadas, hd, kit, aquisição, sonorização, microfone, câmeras"
PDI_Unifal,PDI Unifal.pdf,1,indefinido,"visão ""ser reconhecida, nacional e internacionalmente, por sua excelência acadêmica, científica, cultural e social, comprometida com o desenvolvimento humano, social, econômico e ambiental do país"".","social, visão, reconhecida, nacional, internacionalmente, excelência, acadêmica, científica"
PDI_Unifal,PDI Unifal.pdf,2,artistica_patrimonial,"proec ext2 fomentar ações culturais na universidade, por meio de uma política permanente para cultura, de forma a se tornar um espaço de referência regional na produção e fruição de arte e cultura.","proec, ext, fomentar, ações, meio, política, permanente, forma"
PDI_Unifal,PDI Unifal.pdf,3,indefinido,i1 número de ações culturais desenvolvidas m1 aumentar em % o número de programas e projetos na área da cultura até .,"número, i, ações, desenvolvidas, m, aumentar, programas, projetos"
PDI_Unifal,PDI Unifal.pdf,4,artistica_patrimonial,"(alterado pela resolução consuni nº , de de abril de ) proec m2 aumentar em % o número de eventos artísticos culturais até proec ( ) responsáveis i2 número de público atendido participante (alterado pela resolução consuni nº , de de abril de ) m1 aumentar em % a média anual de público atendido participante até .","alterado, resolução, consuni, n, abril, proec, m, aumentar"
PDI_Unifal,PDI Unifal.pdf,5,artistica_patrimonial,aumentar em % o número anual de público atendido pelas atividades artístico culturais.,"aumentar, número, anual, público, atendido, atividades, artístico"
PDI_Unifal,PDI Unifal.pdf,6,indefinido,m1 manter a cobertura na comunidade acadêmica por anos dado inexistente qvt i9 participação da comunidade acadêmica em ações culturais m1 manter a cobertura na comunidade acadêmica aferida em até não se aplica qvt i10 execução de projetos/programas multiprofissionais ou interdisciplinares m1 aumentar em % a proporção de ações multidisciplinares ou interdisciplinares até .,"m, comunidade, acadêmica, manter, cobertura, qvt, i, ações"
PDI_Unifal,PDI Unifal.pdf,7,academica_formativa,% (total / ) g13 promover o ensino de línguas e culturas estrangeiras na i1 ações voltadas à promoção do ensino de línguas e de culturas estrangeiras.,"ensino, línguas, estrangeiras, total, g, promover, i, ações"
PDI_Unifal,PDI Unifal.pdf,8,indefinido,m1 ofertar pelo menos cursos (regulares e/ou por projetos) de línguas e culturas estrangeiras durante a vigência do pdi prograd m2 organizar pelo menos eventos etc) voltados à culturas estrangeiras durante a vigência do pdi.,"m, menos, estrangeiras, durante, vigência, ofertar, cursos, regulares"
PDI_Unifal,PDI Unifal.pdf,9,academica_formativa,"5º da constituição federal de e nas declarações internacionais de que o brasil é signatário, com destaque à declaração universal o perfil de egresso a ser construído por meio da formação profissional de nível superior nas diferentes áreas do conhecimento e em todas as modalidades de ensino é pensado visando desenvolver a ciência, a tecnologia e a cultura e buscando a compreensão do ser humano no meio em que se insere, envolvendo os seguintes aspectos constituintes:","é, meio, constituição, declarações, internacionais, brasil, signatário, destaque"
PDI_Unifal,PDI Unifal.pdf,10,indefinido,f) propósito permanente de aperfeiçoamento cultural e profissional.,"f, propósito, permanente, aperfeiçoamento, profissional"
PDI_Unifal,PDI Unifal.pdf,11,artistica_patrimonial,) gerência de arte e cultura;,"gerência, arte"
PDI_Unifal,PDI Unifal.pdf,12,artistica_patrimonial,"pretende-se favorecer o desenvolvimento de todas as áreas do conhecimento pelo fortalecimento do ensino, do estímulo à investigação científica, à extensão, à preservação e à difusão dos bens culturais, almejando a promoção do indivíduo e da sociedade.","pretende, favorecer, desenvolvimento, todas, áreas, conhecimento, fortalecimento, ensino"
PDI_Unifal,PDI Unifal.pdf,13,academica_formativa,"integra à matriz curricular e à organização da pesquisa, constituindo-se em processo interdisciplinar, político educacional, cultural, científico, tecnológico, que promove a interação transformadora entre as instituições de ensino superior e os outros setores da sociedade, por meio da produção e da aplicação do conhecimento, em articulação permanente com o ensino e pesquisa.","pesquisa, ensino, integra, matriz, curricular, organização, constituindo, processo"
PDI_Unifal,PDI Unifal.pdf,14,diversidade_inclusao,"d) priorizar práticas voltadas para o atendimento de necessidades sociais (por exemplo, habitação, produção de alimentos, geração de emprego e redistribuição da renda) relacionadas com as áreas de comunicação, cultura, direitos humanos e justiça, educação, meio ambiente, saúde, tecnologia e produção e o mundo do trabalho;","produção, d, priorizar, práticas, voltadas, atendimento, necessidades, sociais"
PDI_Unifal,PDI Unifal.pdf,15,artistica_patrimonial,j) promover o aumento dos espaços e atividades na área de arte e cultura;,"j, promover, aumento, espaços, atividades, área, arte"
PDI_Unifal,PDI Unifal.pdf,16,artistica_patrimonial,"f) considerar as atividades voltadas para o desenvolvimento, a produção e a preservação cultural e artística como relevantes para a afirmação do caráter nacional e de suas manifestações regionais;","f, considerar, atividades, voltadas, desenvolvimento, produção, preservação, artística"
PDI_Unifal,PDI Unifal.pdf,17,academica_formativa,", objetivo e4, indicador , meta , tende a contribuir de forma irreversível para a consolidação de uma cultura docente na qual a mediação digital do ensino presencial e a modalidade de educação a distância se afirmarão como estratégias didático-pedagógicas de uso corrente na instituição.","objetivo, indicador, meta, tende, contribuir, forma, irreversível, consolidação"
PDI_Unifal,PDI Unifal.pdf,18,artistica_patrimonial,tornar-se um instrumento eficaz para uma política de preservação do patrimônio cultural da unifal-mg;,"tornar, instrumento, eficaz, política, preservação, patrimônio, unifal, mg"
PDI_Unifal,PDI Unifal.pdf,19,artistica_patrimonial,"considerando esse histórico e também a expansão da universidade no período recente, entende -se que o mmp -unifal continua contribuindo institucionalmente para o desenvolvimento cultural de alfenas e da região pela preservação e memória do patrimônio;","considerando, esse, histórico, também, expansão, período, recente, entende"
PDI_Unifal,PDI Unifal.pdf,20,artistica_patrimonial,"e projeta-se a ampliação de sua agenda no sentido da proposição e difusão de eventos e expressões artístico -culturais múltiplos, tornando o espaço uma referência cultural para alfenas e região.","projeta, ampliação, agenda, sentido, proposição, difusão, eventos, expressões"
PDI_Unifal,PDI Unifal.pdf,21,diversidade_inclusao,"[ ], que foi instituído o outras ações que favoreceram a ampliação do acesso e promoveram a inclusão de grupos sociais historicamente excluídos foram o sistema de seleção a partir deste momento que o perfil socioeconômico e cultural dos estudantes das composição de nossa sociedade.","instituído, outras, ações, favoreceram, ampliação, acesso, promoveram, inclusão"
PDI_Unifal,PDI Unifal.pdf,22,indefinido,"assim, a unifal -mg mantém campanhas, projetos e estruturas para as ações de esporte, nutrição, cultura, integração e prevenção de morbidades infectocontagiosas.","assim, unifal, mg, mantém, campanhas, projetos, estruturas, ações"
PDI_Unifal,PDI Unifal.pdf,23,artistica_patrimonial,"a instituição também conta com um museu, apresentado no capítulo , como seu principal aparelho cultural, num prédio histórico, no centro da cidade, aberto diariamente à visitação pública com salas permanentes e rotativas.","instituição, também, conta, museu, apresentado, capítulo, principal, aparelho"
PDI_Unifal,PDI Unifal.pdf,24,artistica_patrimonial,"além disso, as ações de promoção e prevenção para estudantes e servidores se integram, sendo que em , foram desenvolvidos projetos pela prace e e programas de cultura desenvolvidos pela pró -reitoria de extensão com participação de todos os segmentos da comunidade universitária.","desenvolvidos, além, disso, ações, promoção, prevenção, estudantes, servidores"
PDI_Unifal,PDI Unifal.pdf,25,artistica_patrimonial,as mudanças tecnológicas e culturais que vêm ocorrendo nas últimas décadas tornam necessária a constituição de acervos em formato digital.,"mudanças, tecnológicas, vêm, ocorrendo, últimas, décadas, tornam, necessária"
PDI_Unifal,PDI Unifal.pdf,26,indefinido,", por seu turno, apresenta os princípios da autoavaliação a participação da comunidade, contribuir para o pdi, integrar métodos quantitativos e qualitativos, adaptar -se às necessidades da instituição, aproveitar informações, estimular a cultura da avaliação, simplificação do entendimento e fazer uma análise crítica e contínua da qualidade.","turno, apresenta, princípios, autoavaliação, participação, comunidade, contribuir, integrar"
PDI_Unifal,PDI Unifal.pdf,27,organizacional_gestao,"assim, a cpa busca o desenvolvimento de uma cultura avaliativa na e produzir conhecimentos acerca da realidade institucional, objetivando seu redimensionamento, a partir de decisões tomadas em função da melhoria da qualidade do ensino.","assim, cpa, busca, desenvolvimento, avaliativa, produzir, conhecimentos, acerca"
PDI_Unifal,PDI Unifal.pdf,28,indefinido,de perfil socioeconômico e cultural dos (as) graduandos (as) das https://bit.ly/3hyfx8i.,"perfil, socioeconômico, graduandos, https, bit, ly, hyfx, i"
PDI_Unifesp,PDI Unifesp.pdf,1,artistica_patrimonial,"ações e conhecimentos científicos, tecnológicos, artísticos e culturais;","ações, conhecimentos, científicos, tecnológicos, artísticos"
PDI_Unifesp,PDI Unifesp.pdf,2,organizacional_gestao,"excelência acadêmicoassistencial e inovação estimular um ambiente acadêmico favorável à inovação científica, tecnológica e social acessibilidade cultivar um ambiente universitário inclusivo e diverso sustentabilidade e responsabilidade social promover a cultura de sustentabilidade aprimoramento da preservar e atualizar a infraestrutura física ampliar a transformação digital na universidade fomentar o contínuo e a valorização servidores implantar gestão estratégica baseada em evidências fortalecer as relações institucionais e a internacionalização definição:","inovação, ambiente, social, sustentabilidade, excelência, acadêmicoassistencial, estimular, acadêmico"
PDI_Unifesp,PDI Unifesp.pdf,3,artistica_patrimonial,promover cinco novas ações de extensão e cultura para populações vulnerabilizadas.,"promover, cinco, novas, ações, extensão, populações, vulnerabilizadas"
PDI_Unifesp,PDI Unifesp.pdf,4,indefinido,promover a cultura de sustentabilidade meta .,"promover, sustentabilidade, meta"
PDI_Unifesp,PDI Unifesp.pdf,5,diversidade_inclusao,"observa -se a necessidade de intensificar a formaçã o permanente em relação à educação para as relações étnico-raciais de modo que reverbere sua inserção na práxis educativa da instituição, sobretudo, no trabalho docente, de modo que contribua com a promoção da permanência da diversidade humana, com suas vo zes, culturas e epistemologias.","modo, observa, necessidade, intensificar, formaçã, permanente, relação, educação"
PDI_Unifesp,PDI Unifesp.pdf,6,academica_formativa,"histórico e perspectivas as ações de extensão e cultura resultam da relação entre estudantes, servidores e a comunidade externa à universidade, por meio de processo formativo e dialógico, em âmbitos cultural e científico, promovendo ensino, pesquisa e extensão de forma indissociável.","extensão, histórico, perspectivas, ações, resultam, relação, estudantes, servidores"
PDI_Unifesp,PDI Unifesp.pdf,7,diversidade_inclusao,"a extensão na unifesp é um dos pontos de partida para se repensar e atualizar o projeto político -pedagógico da instituição, pois concebe, por excelência, o sentido de universidade pública socialmente referenciada, uma vez que tem uma prática de função integradora, articuladora e transformadora da vida universitária e da sociedade, em diálogo, especialmente, com os grupos sociais historicamente vulnerabilizados, em termos de cidadania e pertencimento a culturas, modos de vida, territórios, religiosidades, nacionalidades, inter e multiculturalidade, raça e cor, classe social, diversidade sexual e de gênero.","vida, extensão, unifesp, é, pontos, partida, repensar, atualizar"
PDI_Unifesp,PDI Unifesp.pdf,8,diversidade_inclusao,"profissionais contabilizados como criada em , enfrentava o desafio de se integrar de forma plena às redes do sistema no campo da educação em direitos humanos, a universidade promoveu debates e articulações com movimentos sociais, visando implantar uma política institucional que fortalecesse uma cultura voltada para a garantia e promoção dos direitos humanos.","direitos, humanos, profissionais, contabilizados, criada, enfrentava, desafio, integrar"
PDI_Unifesp,PDI Unifesp.pdf,9,indefinido,"por fim, no eixo cultura, houve a consolidação de ações institucionais com a criação da rede pró-cultura, em , que buscou promover uma nova relação entre universidade e sociedade a partir da cidadania cultural.","fim, eixo, houve, consolidação, ações, institucionais, criação, rede"
PDI_Unifesp,PDI Unifesp.pdf,10,artistica_patrimonial,"nesse mesmo ano, foram registrados eventos e cursos ligados à cultura e extensão, além da criação de iniciativas como o núcleo de em territórios historicamente carentes de políticas culturais.","nesse, mesmo, ano, foram, registrados, eventos, cursos, ligados"
PDI_Unifesp,PDI Unifesp.pdf,11,organizacional_gestao,"intercampi de cultura, fundamentais para a elaboração do orçamento e planejamento de divulgados e monitorados em plataformas digitais.","intercampi, fundamentais, elaboração, orçamento, planejamento, divulgados, monitorados, plataformas"
PDI_Unifesp,PDI Unifesp.pdf,12,artistica_patrimonial,"além disso, a coordenadoria apoiou eventos insti tucionais de grande relevância, como a semana da consciência negra e o congresso acadêmico, reforçando a integração entre cultura, extensão e sociedade.","além, disso, coordenadoria, apoiou, eventos, insti, tucionais, grande"
PDI_Unifesp,PDI Unifesp.pdf,13,organizacional_gestao,"esses eixos nortearam o planejamento até e reforçam o compromisso institucional de integrar a extensão à sociedade, expandindo sua relevância social, acadêmica e cultural.","esses, eixos, nortearam, planejamento, até, reforçam, compromisso, integrar"
PDI_Unifesp,PDI Unifesp.pdf,14,indefinido,"● promoção de eventos, campanhas e rodas de conversa voltados à sensibilização e à cultura inclusiva.","promoção, eventos, campanhas, rodas, conversa, voltados, sensibilização, inclusiva"
PDI_Unifesp,PDI Unifesp.pdf,15,indefinido,"permitir o aprendizado baseado em temas e problemas relevantes do mundo contemporâneo em suas dimensões políticas, históricas, culturais, tecnológicas e ambientais.","permitir, aprendizado, baseado, temas, problemas, relevantes, mundo, contemporâneo"
PDI_Unifesp,PDI Unifesp.pdf,16,artistica_patrimonial,"favorecer o aprendizado a partir de contextos significativos, envolvendo outras instituições, acervos, museus, diferentes culturas, cidades, paisagens e biomas.","favorecer, aprendizado, partir, contextos, significativos, envolvendo, outras, instituições"
PDI_Unifesp,PDI Unifesp.pdf,17,indefinido,"estimular o desenvolvimento permanente dos docentes e técnicos administrativos em educação em termos científicos, culturais e tecnológicos.","estimular, desenvolvimento, permanente, docentes, técnicos, administrativos, educação, termos"
PDI_Unifesp,PDI Unifesp.pdf,18,indefinido,"ampliar o diálogo com a sociedade e desse modo fortalecer o reconhecimento público da unifesp, no qual se incluem os setores acadêmico e cultural, em âmbito regional, nacional e internacional.","ampliar, diálogo, sociedade, desse, modo, fortalecer, reconhecimento, público"
PDI_Unifesp,PDI Unifesp.pdf,19,diversidade_inclusao,"produzir conhecimentos que promovam a construção de uma sociedade mais justa, defendendo e aprofundando os valores da democracia, da cultura da paz e dos direitos humanos, da luta contra a exclusão social e a degradação ambiental e da defesa da equidade e diversidade cultural, étnico-racial, sexual e de gênero.","produzir, conhecimentos, promovam, construção, sociedade, mais, justa, defendendo"
PDI_Unifesp,PDI Unifesp.pdf,20,indefinido, estratégias de comunicação e divulgação científica e cultural i.,"estratégias, comunicação, divulgação, científica, i"
PDI_Unifesp,PDI Unifesp.pdf,21,academica_formativa,"desenvolver processos de formação e produção do conhecimento, juntamente com os meios para promover a divulgação científica e cultural, oferecendo possibilidades e incentivo às criações audiovisuais com o propósito de dar visibilidade às atividades de extensão, cultura e ensino e à pesquisa científica.","científica, s, desenvolver, processos, formação, produção, conhecimento, juntamente"
PDI_Unifesp,PDI Unifesp.pdf,22,indefinido,"essa diretriz apoia -se em recursos educativos abertos como software livre, plataformas científicas com livre acesso, cursos on-line abertos e de massa (massive open on-line courses - moocs) e bibliotecas que funcionem como hubs de educação aberta, bem como na utilização de um conjunto de mudanças educacionais, sociais e culturais.","abertos, livre, on, line, essa, diretriz, apoia, recursos"
PDI_Unifesp,PDI Unifesp.pdf,23,diversidade_inclusao," diversidade de saberes, de territórios, de identidades e de culturas i.","diversidade, saberes, territórios, identidades, i"
PDI_Unifesp,PDI Unifesp.pdf,24,artistica_patrimonial,"promover a produção, difusão e circulação de iniciativas artístico -culturais por meio de múltiplas linguagens como forma de expressão, produção do conhecimento e prática social.","produção, promover, difusão, circulação, iniciativas, artístico, meio, múltiplas"
PDI_Unifesp,PDI Unifesp.pdf,25,organizacional_gestao,"fomentar espaços plurais de troca de conhecimentos para difusão, aperfeiçoamento, ampliação e consolidação de cultura e educação popular para economia solidária, entendendo-a como estratégica que une saberes acadêmicos com saberes populares para enfrentamento da desigualdade social e agravamento dos problemas ambientais em contexto de mudança do clima.","saberes, fomentar, espaços, plurais, troca, conhecimentos, difusão, aperfeiçoamento"
PDI_Unifesp,PDI Unifesp.pdf,26,diversidade_inclusao,"atuar de forma interdisciplinar, entendendo a complexidade das demandas estudantis nas áreas de moradia estudantil, alimentação, transporte, atenção à saúde, inclusão digital, cultura, esporte, creche, apoio pedagógico e acesso, participação e aprendizagem de estudantes com deficiência, transtornos globais do desenvolvimento e altas habilidades/superdotação.","atuar, forma, interdisciplinar, entendendo, complexidade, demandas, estudantis, áreas"
PDI_Unifesp,PDI Unifesp.pdf,27,academica_formativa,"todos os profissionais da instituição podem contribuir para o desenvolvimento do ensino, da pesquisa, da extensão, da cultura, da inovação e da assistência, não se limitando apenas às atribuições administrativas do cargo que ocupa.","todos, profissionais, instituição, podem, contribuir, desenvolvimento, ensino, pesquisa"
PDI_Unifesp,PDI Unifesp.pdf,28,indefinido,"a unifesp deverá buscar realizar estudos avaliativos para compreensão do perfil de seu corpo estudantil em seus diferentes aspectos, incluindo o perfil socioeconômico e cultural dos estudantes.","perfil, unifesp, deverá, buscar, realizar, estudos, avaliativos, compreensão"
PDI_Unifesp,PDI Unifesp.pdf,29,indefinido,"com missão de contribuir para uma visão ampliada, interprofissional e interdisciplinar da multidimensionalidade do processo saúde -doença, tem como foco o indivíduo nas suas singularidades e considerando suas inter -relações sócio -histórico-culturais na determinação dos agravos à sua saúde.","saúde, missão, contribuir, visão, ampliada, interprofissional, interdisciplinar, multidimensionalidade"
PDI_Unifesp,PDI Unifesp.pdf,30,indefinido,"todos os cursos de graduação e pós -graduação do instituto buscam contribuir para a instauração de uma cultura acadêmica que se nutre da dúvida, do diálogo entre diferentes, do alargamento dos caminhos de produção dos conhecimentos científicos e da perspectiva plural dos saberes e experiências humanas.","graduação, todos, cursos, pós, instituto, buscam, contribuir, instauração"
PDI_Unifesp,PDI Unifesp.pdf,31,academica_formativa,"entre as principais ações destaca -se a adesão ao programa de países parceiros, ampliando a cooperação científica e cultural para os ppgs em ecologia e redes de pesquisa até .","principais, ações, destaca, adesão, programa, países, parceiros, ampliando"
PDI_Unifesp,PDI Unifesp.pdf,32,artistica_patrimonial,"o teatro, que dispõe de recursos técnicos consideráveis e capacidade para acomodar aproximadamente pessoas, está situado no interior do campus e nele são realizados eventos institucionais, apresentações artísticas, projetos culturais voltados à comunidade acad êmica e ao público em geral.","teatro, dispõe, recursos, técnicos, consideráveis, capacidade, acomodar, aproximadamente"
PDI_Unifesp,PDI Unifesp.pdf,33,diversidade_inclusao,"as ações abrangem políticas públicas, economia solidária, gestão pública, direitos humanos, cultura, sustentabilidade, educação e inovação social, envolvendo docentes, estudantes, técnicos administrativos e parcerias com órgãos públicos, organizações sociais e movimentos comunitários.","ações, abrangem, políticas, públicas, economia, solidária, gestão, pública"
PDI_Unifesp,PDI Unifesp.pdf,34,artistica_patrimonial,"no ano seguinte, foram criadas as câmaras de graduação, extensão e cultura e pós-graduação avaliados com nota máxima pelo mec.","graduação, ano, seguinte, foram, criadas, câmaras, extensão, pós"
PDI_Unifesp,PDI Unifesp.pdf,35,academica_formativa,"o curso de geografia recebeu mais quatro novos as obras de construção do campus, com recursos do pac universidade, foram iniciadas em , mesmo ano que a criação do curso de arquitetura e urbanismo foi aprovada pela das cidades é favorecer contextos e práticas de ensino e aprendizagem, além da pesquisa e extensão, baseados em conhecimento convergente no tema, para enfrentar situações desafiadoras e resolver problemas complexos e multidimensionais, de modo a conce ber, transformar, preservar e construir cidades melhores, mais justas, social e culturalmente diversas nas quais outras possibilidades de viver e produzir orientadas pelo bem -estar coletivo possam ser propostas e experimentadas.","curso, mais, cidades, geografia, recebeu, quatro, novos, obras"
PDI_Unifesp,PDI Unifesp.pdf,36,organizacional_gestao,"no nível operacional, a gestão é realizada cotidianamente pelas chefias e equipes das divisões administrativas e pelos coordenadores, tanto de cursos de graduação e pós -graduação, quanto de projetos e programas de extensão e cultura.","graduação, nível, operacional, gestão, é, realizada, cotidianamente, chefias"
PDI_Unifesp,PDI Unifesp.pdf,37,organizacional_gestao,"a expansão trouxe consigo desafios de integração de novos servidores, padronização de procedimentos em uma estrutura multicampi e a necessidade de desenvolver uma cultura organizacional unificada.","expansão, trouxe, consigo, desafios, integração, novos, servidores, padronização"
PDI_Unifesp,PDI Unifesp.pdf,38,organizacional_gestao,"a longo prazo, a meta é consolidar um modelo de gestão por competências e uma cultura organizacional que vá além da gestão de quadros, priorizando o desenvolvimento integral das pessoas.","gestão, longo, prazo, meta, é, consolidar, modelo, competências"
PDI_Unifesp,PDI Unifesp.pdf,39,indefinido,"incentivar a produção e a promoção de ativ idades e manifestações culturais que ampliem o envolvimento social, democratizar o acesso à informação gerada pela universidade e fortalecer os recursos informacionais como base para a criação de novos conhecimentos.","incentivar, produção, promoção, ativ, idades, manifestações, ampliem, envolvimento"
PDI_Unifesp,PDI Unifesp.pdf,40,indefinido,"o principal deles é o desafio cultural, que requer uma mudança de mentalidade em toda a comunidade acadêmica, promovendo a substituição gradual da dependência do suporte físico pela confiança nas ferramentas e fluxos digitais.","principal, deles, é, desafio, requer, mudança, mentalidade, toda"
PDI_Unifesp,PDI Unifesp.pdf,41,academica_formativa,"isso implica o redesenho da jornada do usuário (aluno, docente ou técnico) e a centralização do acesso exigir a capacitação maciça dos servidores para a nova cultura de trabalho e garantir a segurança e validade jurídica dos documentos eletrônicos.","isso, implica, redesenho, jornada, usuário, aluno, docente, técnico"
PDI_Unifesp,PDI Unifesp.pdf,42,organizacional_gestao,"o departamento é responsável pela gestão dos canais oficiais de divulgação da unifesp, incluindo o portal institucional, disparo em listas de e-mail de informativos e do boletim semanal, composto pelo clipping de n otícias e extensão, cultura e gestão universitária.","gestão, departamento, é, responsável, canais, oficiais, divulgação, unifesp"
PDI_Unifesp,PDI Unifesp.pdf,43,indefinido,"o fortalecimento dessa relação é essencial para ampliar a presença da unifesp no debate público, valorizando a produção científica, tecnológica, cultural e social desenvolvida por seus docentes, estudantes e servidores técnico -administrativos.","fortalecimento, dessa, relação, é, essencial, ampliar, presença, unifesp"
PDI_Unifesp,PDI Unifesp.pdf,44,diversidade_inclusao,"promover a melhoria da qualidade da educação superior, ampliando o acesso, a permanência e a conclusão na graduação e na pós -graduação, com vistas à superação das desigualdades e à valorização da diversidade, na perspectiva da equidade, da inclusão e da sustentabilidade, fortalecendo, de forma participativa, a ciência, a cultura, as artes, a tecnologia e a inovação nas atividades de ensino, pesquisa e extensão e aperfeiçoando a avaliação, a supervisão e a regulação para o desenvolvimento do país, em consonância com o plano nacional de educação.","educação, graduação, promover, melhoria, qualidade, superior, ampliando, acesso"
PDI_Unirio,PDI Unirio.pdf,1,artistica_patrimonial,"finalidade tradicionais do então estado da guanabara, valendo -se de autonomia didático-científica, administrativa, financeira e disciplinar e com a finalidade de realização e desenvolvimento da educação superior e da pesquisa, e de divulgação científica, tecnológica, cultural e artística.","finalidade, científica, tradicionais, então, estado, guanabara, valendo, autonomia"
PDI_Unirio,PDI Unirio.pdf,2,artistica_patrimonial,"/ , é “ministrar o ensino superior de graduação, pós -graduação e extensão, e executar atividades de pesquisa, de divulgação científica, tecnológica, cultural e artística, podendo, também, prestar serviços técnicos e hospitalares à comunidade e a instituições públicas e particulares” (brasil, ).","graduação, é, ministrar, ensino, superior, pós, extensão, executar"
PDI_Unirio,PDI Unirio.pdf,3,organizacional_gestao,"visão ser reconhecida co mo centro de referência na produção e difusão de conhecimento científico, tecnológico, artístico e cultural, comprometido com as transformações da sociedade e com a transparência organizacional.","visão, reconhecida, co, mo, centro, referência, produção, difusão"
PDI_Unirio,PDI Unirio.pdf,4,indefinido,"além do compromisso social, pautado pelo reconhecimento às diferenças históricas, econômicas, culturais e sociais.","além, compromisso, social, pautado, reconhecimento, s, diferenças, históricas"
PDI_Unirio,PDI Unirio.pdf,5,artistica_patrimonial,"estender à sociedade os benefícios da criação cultural, artística, científica e tecnológica gerada na instituição;","estender, sociedade, benefícios, criação, artística, científica, tecnológica, gerada"
PDI_Unirio,PDI Unirio.pdf,6,inovacao_empreendedorismo,"em caráter inovador e pioneiro, a eep oferta o curso de bacharelado em engenharia de produção com habilitação em produção em cultura, sendo o primeiro nessa ênfase a nível conformidade com as diretrizes curriculares dos cursos de engenhar ia.","produção, caráter, inovador, pioneiro, eep, oferta, curso, bacharelado"
PDI_Unirio,PDI Unirio.pdf,7,academica_formativa,"o curso de engenharia de produção tem como diferencial a formação de profissionais capacitados para atuarem tanto nas áreas clássicas da engenharia de produção como também nos segmentos da cultura e da indústria do entretenimento, ampliando o leque de inserção desses profissionais no mercado de trabalho.","engenharia, produção, profissionais, curso, tem, diferencial, formação, capacitados"
PDI_Unirio,PDI Unirio.pdf,8,artistica_patrimonial,"para alé m disso, a escola de teatro também se apresenta como um forte polo de produção artística e cultural, tendo seu público não apenas na população interna da própria universidade, mas também nas inúmeras regiões da cidade do rio de janeiro, que procuram e reconhecem as produções artísticas e os eventos apresentados e produzidos, sempre com grande qualidade e de forma gratuita.","também, alé, m, disso, escola, teatro, apresenta, forte"
PDI_Unirio,PDI Unirio.pdf,9,diversidade_inclusao,"além disso, a unidade conta com um projeto de cultura, “criação audiovisual e diversidade:","além, disso, unidade, conta, projeto, criação, audiovisual, diversidade"
PDI_Unirio,PDI Unirio.pdf,10,academica_formativa,"a unirio atua nas áreas de ensino de graduação – nas modalidades pre sencial e o ensino de graduação, como foco das atividades -fim da unirio, tem por finalidade a formação de cidadãos com conhecimento e reflexão crítica, formação ética, científica e cultural e preparados para a transformação social, como preceituar a missão e a visão da universidade.","unirio, ensino, graduação, formação, atua, áreas, modalidades, pre"
PDI_Unirio,PDI Unirio.pdf,11,indefinido,"os cursos de mestrado buscam enriquecer a competência didática, científica, cultural e profissional dos graduados.","cursos, mestrado, buscam, enriquecer, competência, didática, científica, profissional"
PDI_Unirio,PDI Unirio.pdf,12,academica_formativa,"os cursos de doutorado têm por objetivo proporcionar formação científica e cultural aprofundada, desenvolvendo a capacidade de pesquisa e o poder criador nos diversos campos do saber.","cursos, doutorado, têm, objetivo, proporcionar, formação, científica, aprofundada"
PDI_Unirio,PDI Unirio.pdf,13,academica_formativa,"o quadro , a seguir, centro ( ) especialização - neurocirurgia no âmbito do sus especialização - anestesiologia no âmbito do sus ( ) ( ) informação ( ) a extensão universitária, integrada ao ensino e à pesquisa, é um espaço de construção do conhecimento, de preservação e recriação da cultura e de promoção do bem -estar da comunidade universitária, e reafirma o compromisso social da u nirio, interligando-a com as demandas de sua comunidade e da sociedade.","especialização, âmbito, sus, universitária, comunidade, quadro, seguir, centro"
PDI_Unirio,PDI Unirio.pdf,14,indefinido,unidade de subtotal comunicação cultura educação saúde trabalho subtotal cultura educação saúde trabalho subtotal comunicação cultura educação saúde trabalho subtotal comunicação educação trabalho subtotal cultura educação saúde subtotal subtotal total a mobilidade acadêmica é um sistema de parceria estabelecido entre duas ou mais realizarem atividades acadêmicas em outra instituição.,"subtotal, educação, saúde, trabalho, comunicação, unidade, total, mobilidade"
PDI_Unirio,PDI Unirio.pdf,15,indefinido,"na unirio, as funções finalísticas são as definidas em suas competências legais, ou seja, cultura.","unirio, funções, finalísticas, são, definidas, competências, legais, seja"
PDI_Unirio,PDI Unirio.pdf,16,organizacional_gestao,"uma análise crítica sobre os resultados anteriores de planejamento permite concluir que, mesmo que se tenha avançado, ainda falta internalizar a cultura de monitoramento, com a colaborativa part icipação e empenho das unidades organizacionais na prestação de suas informações e na utilização efetiva dos resultados como retroalimentação e orientação para novas ações e rumos.","resultados, análise, crítica, sobre, anteriores, planejamento, permite, concluir"
PDI_Unirio,PDI Unirio.pdf,17,academica_formativa,"essa dinâmica facilita tanto o direcionamento de esforços e de recu rsos como permite aferir os macroprocessos que a unirio dispõe, no seu ambiente interno, para alcançar o seu valor público na formação crítica e profissional do seu corpo discente, bem como na difusão dos benefícios da criação cultural, artística, científi ca e tecnológica da instituição para a sociedade de forma geral.","essa, dinâmica, facilita, tanto, direcionamento, esforços, recu, rsos"
PDI_Unirio,PDI Unirio.pdf,18,artistica_patrimonial,"econômico e social, à defesa do meio ambiente, da memória cultural, da produção artística e do patrimônio cultural.","econômico, social, defesa, meio, ambiente, memória, produção, artística"
PDI_Unirio,PDI Unirio.pdf,19,artistica_patrimonial,"a responsabilidade social da instituição, considerada especialmente no que se refere à sua contribuição em relação à inclusão social, ao desenvolvimento econômico e social, à defesa do meio ambiente, da memória cultural, da produção artística e do patrimônio cultural.","social, responsabilidade, instituição, considerada, especialmente, refere, contribuição, relação"
PDI_Unirio,PDI Unirio.pdf,20,artistica_patrimonial,"estender à sociedade os benefícios da criação cultural, artística, científica e tecnológica gerada na instituição.","estender, sociedade, benefícios, criação, artística, científica, tecnológica, gerada"
PDI_Unirio,PDI Unirio.pdf,21,indefinido,") análise do macroambiente (ou ambiente indireto), a qual reflete o contexto socia l, político, econômico e cultural do país e do mundo, que incide em todas as organizações;","análise, macroambiente, ambiente, indireto, qual, reflete, contexto, socia"
PDI_Unirio,PDI Unirio.pdf,22,inovacao_empreendedorismo,"desenvolver a cultura e a prática da inovação e fomentar a proteção da produção intelectual da universidade – atendeu a uma proposta da propgpi , de promover iniciativas relacionadas à inovação da universidade, tendo em vista que essa área fora criada durante a concepção do pdi anterior, de forma que suas ações não foram contempladas a contento naquele plano.","inovação, desenvolver, prática, fomentar, proteção, produção, intelectual, atendeu"
PDI_Unirio,PDI Unirio.pdf,23,inovacao_empreendedorismo,"estender à sociedade os benefícios da criação cultural, artística, literária, científica e tecnológica, voltados para o desenvolvimento sustentável, inclusão social e inovação, gerados presencial e virtualmente na instituição.","estender, sociedade, benefícios, criação, artística, literária, científica, tecnológica"
PDI_Unirio,PDI Unirio.pdf,24,inovacao_empreendedorismo,desenvolver a cultura e a prática da inovação e fomentar a proteção da produção intelectual da universidade.,"desenvolver, prática, inovação, fomentar, proteção, produção, intelectual"
PDI_Unirio,PDI Unirio.pdf,25,indefinido,"criar programa de incentivo às atividades de cultura, esporte, lazer e saúde.","criar, programa, incentivo, s, atividades, esporte, lazer, saúde"
PDI_Unirio,PDI Unirio.pdf,26,artistica_patrimonial,"promover ações voltadas para a preservação dos edifícios de valor histórico, artístico e cultural.","promover, ações, voltadas, preservação, edifícios, valor, histórico, artístico"
PDI_Unirio,PDI Unirio.pdf,27,indefinido,"ademais, salienta -se que a análise crítica das ações deve servir para avaliar a implementação das ações, o uso dos recursos e as suas respectivas contribuições pa ra a na unirio uma cultura de monitoramento, a fim de possibilitar que os seus resultados sejam, verdadeiramente, orientadores de decisões.","ações, ademais, salienta, análise, crítica, deve, servir, avaliar"
PDI_Unirio,PDI Unirio.pdf,28,academica_formativa,"assim, faz-se necessário esclarecer que o ppi compreende a forma como a comunidade universitária da unirio pretende concretizar o seu ideal educacional, já que constitui um material básico que direciona a ação de todas as unidades acadêmicas, orientando suas práticas regional da unirio e seus princípios filosóficos e estabelecendo, de um modo global, as políticas institucionais para o ensino de graduação e pós -graduação, pesquisa, inovação, extensão, cultura e assistência estudantil.","unirio, graduação, assim, faz, necessário, esclarecer, ppi, compreende"
PDI_Unirio,PDI Unirio.pdf,29,diversidade_inclusao,consolidar programas com vistas a incentivar a institucionalização de práticas acadêmicas que respeitem a diversidade cultural e a pluralidade;,"consolidar, programas, vistas, incentivar, institucionalização, práticas, acadêmicas, respeitem"
PDI_Unirio,PDI Unirio.pdf,30,academica_formativa,"proporcionar uma melhor condição para os laboratórios de ensino e pesquisa, por meio de aquisição de equipamentos e material de consumo, por meio de editais, a fim de ampliar a produção científica, tecnológica, cultural e de inovação;","meio, proporcionar, melhor, condição, laboratórios, ensino, pesquisa, aquisição"
PDI_Unirio,PDI Unirio.pdf,31,academica_formativa,"a partir da premissa de que a educação deve ter papel central na construção de sociedades modernas e inclusivas, a unirio se coloca como um cam po de discussão democrática, de formação humanística e profissional de excelência, de produção de conhecimento e inovação e de transformação social a partir do compromisso inalienável com o ensino, a pesquisa, a inovação, a extensão, a cultura e as ações de assistência estudantil.","partir, inovação, premissa, educação, deve, ter, papel, central"
PDI_Unirio,PDI Unirio.pdf,32,artistica_patrimonial,"outro princípio primordial da unirio é ser um ator de transformação social, não apenas pela oferta de um ensino público e gratuito de qualidade, mas, principalmente, pela extensão à sociedade dos be nefícios da criação cultural, artística, científica e tecnológica gerada na instituição.","outro, princípio, primordial, unirio, é, ator, transformação, social"
PDI_Unirio,PDI Unirio.pdf,33,academica_formativa,"nesse sentido, pode -se destacar que há uma preocupação premente em que os currículos propostos pelos ppcs de graduação sejam flexíveis, articulados com conteúdos programáticos e tópicos que visam a garantir uma ampla e atualizada formação acadêmica aos seus egressos, comprometidos social e culturalmente com a transformação da sociedade em que estão inseridos.","nesse, sentido, pode, destacar, há, preocupação, premente, currículos"
PDI_Unirio,PDI Unirio.pdf,34,academica_formativa,"a educa ção contemporânea preza os projetos e programas que buscam as práticas pedagógicas inseridas no processo de globalização (cultural, social, econômica, política e tecnológica) e de liberdade de atuação, que possibilita que o discente seja capaz de criticar, propor soluções em qualquer campo de atuação e criar oportunidades que permitirão a socialização do conhecimento por meio de uma participação efetiva dentro de sua vida acadêmica.","atuação, educa, ção, contemporânea, preza, projetos, programas, buscam"
PDI_Unirio,PDI Unirio.pdf,35,academica_formativa,"a articulação entre ensino, pesquisa, inovação, extensão, cultura e ações d e assistência estudantil é promovida e prevista em todos os ppcs de graduação da universidade.","articulação, ensino, pesquisa, inovação, extensão, ações, d, assistência"
PDI_Unirio,PDI Unirio.pdf,36,academica_formativa,"a unirio preocupa -se com as relações interpessoais dentro de seus campi e com a qualidade acadêmica de seus cursos, visando à garantia de acesso e permanência p ara promover o êxito estudantil, a formação permanente dos docentes e a atualização nas áreas de tic, buscando sempre a excelência e o progresso de sua atuação como instituição federal de a unirio tem como princípio fundamental o constante aprimoramento de suas políticas educacionais, sempre buscando a excelência para as práticas de ensino, pesquisa, inovação, extensão e cultura e o fortalecimento das políticas de assistência estudantil com viés acadêmico.","unirio, estudantil, buscando, sempre, excelência, políticas, preocupa, relações"
PDI_Unirio,PDI Unirio.pdf,37,academica_formativa,"que oferece oportunidades de formação superior a cidadãos de países em desenvolvimento com os quais o brasil mantém acordos educacionais e culturais, reforça a unirio como uma instituição comprometida com a universalização do ensino nacional e comprometida internacionalmente.","comprometida, oferece, oportunidades, formação, superior, cidadãos, países, desenvolvimento"
PDI_Unirio,PDI Unirio.pdf,38,academica_formativa,"pode -se dizer que esse é um compromisso central da unirio para o próximo quadriênio, confirmado pela reestruturação da prograd, ainda no ano de , quando foi criada a coordenadoria de com a consolidação da atuação da caeg, a unirio busca desenvolver na comuni dade universitária a cultura da avaliação dos cursos e programas como instrumento de autoconhecimento e aperfeiçoamentos das ações institucionais, a fim de que seja implantado um processo de avaliação contínuo, formativo, flexível e democrático, em todos o s segmentos dos cursos.","unirio, avaliação, cursos, pode, dizer, esse, é, compromisso"
PDI_Unirio,PDI Unirio.pdf,39,academica_formativa,"as atividades complementares, aquelas de livre e scolha do discente, desde que propiciadoras de sua formação acadêmica, como a participação em congressos e similares, simpósios temáticos e encontros periódicos de pesquisa, pela convalidação de créditos obtidos em outras instituições de ensino de pós -graduação brasileiras ou estrangeiras, por desenvolvimento de projetos ou parcerias de caráter social, publicações, participação em atividades culturais, entre outras.","atividades, participação, outras, complementares, aquelas, livre, scolha, discente"
PDI_Unirio,PDI Unirio.pdf,40,inovacao_empreendedorismo,"isso se deve à compreensão da universidade de que é preciso atentar para a organização curricular de seus cursos de pós-graduação – stricto sensu e lato sensu, em especial o primeiro –, procurar viabilizar condições infraestruturais de pesquisa e estimular a consolidar uma cultura de inovação na instituição.","sensu, isso, deve, compreensão, é, preciso, atentar, organização"
PDI_Unirio,PDI Unirio.pdf,41,artistica_patrimonial," uma iniciativa voltada para a qualificação de profissionais do estado, nos três nív eis e  uma iniciativa voltada para a qualificação técnica e para a identificação de oportunidades nas chamadas “indústrias criativas”, que abarcam a cultura, as artes, o turismo, a educação, o entretenimento e as aplicações das novas tics.","iniciativa, voltada, qualificação, profissionais, estado, três, nív, eis"
PDI_Unirio,PDI Unirio.pdf,42,indefinido,"a iniciativa busca valorizar a centralidade do rio de janeiro na produção cultural e no turismo e, portanto, fomentar a colaboração interinstitucional.","iniciativa, busca, valorizar, centralidade, rio, janeiro, produção, turismo"
PDI_Unirio,PDI Unirio.pdf,43,indefinido,) cultura:,
PDI_Unirio,PDI Unirio.pdf,44,indefinido,desenvolvimento de cultura;,desenvolvimento
PDI_Unirio,PDI Unirio.pdf,45,artistica_patrimonial,"cultura, memória e patrimô nio;","memória, patrimô, nio"
PDI_Unirio,PDI Unirio.pdf,46,artistica_patrimonial,cultura e memória social;,"memória, social"
PDI_Unirio,PDI Unirio.pdf,47,indefinido,cultura e sociedade;,sociedade
PDI_Unirio,PDI Unirio.pdf,48,indefinido,"folclore, artesanato e tradições culturais;","folclore, artesanato, tradições"
PDI_Unirio,PDI Unirio.pdf,49,artistica_patrimonial,"produção cultural e artística na área de fotografia, cinema e vídeo;","produção, artística, área, fotografia, cinema, vídeo"
PDI_Unirio,PDI Unirio.pdf,50,artistica_patrimonial,produção cultural e artística na área de música e dança;,"produção, artística, área, música, dança"
PDI_Unirio,PDI Unirio.pdf,51,organizacional_gestao,capacitação de gestores de políticas públicas do setor cultural;,"capacitação, gestores, políticas, públicas, setor"
PDI_Unirio,PDI Unirio.pdf,52,artistica_patrimonial,cultura e memória social;,"memória, social"
PDI_Unirio,PDI Unirio.pdf,53,inovacao_empreendedorismo,"a unirio apresenta multiplicidade de atividades científicas, culturais e sociais com potencial de inovação.","unirio, apresenta, multiplicidade, atividades, científicas, sociais, potencial, inovação"
PDI_Unirio,PDI Unirio.pdf,54,indefinido,a política cultural da unirio tem dois eixos fundamentais:,"política, unirio, tem, dois, eixos, fundamentais"
PDI_Unirio,PDI Unirio.pdf,55,indefinido,"a dinamização cultural dos campi físicos e virtual da universidade, por meio da oferta da mais ampla e diversificada agenda de programas e eventos culturais à sua comunidade, lançando mão, para isso, de todos os seus espaços públicos e de todos os seus sítios e canais na internet voltados para o público interno;","todos, dinamização, campi, físicos, virtual, meio, oferta, mais"
PDI_Unirio,PDI Unirio.pdf,56,indefinido,"a divulgação da produção cultural da comunidade acadêmica, para o mais amplo público possível, no país e no exterior, por meio da utilização de espaços da própria universidade ou a ela externos, na cidade, no estado, no país ou no exterior;","país, exterior, divulgação, produção, comunidade, acadêmica, mais, amplo"
PDI_Unirio,PDI Unirio.pdf,57,academica_formativa,"a administração da unirio promoverá, em todos os setores acadêmicos, um ambiente que estimule o processo de produção e de cr iação cultural, destacando a transversalidade da cultura na formação em todas as áreas de conhecimento e buscando fomentar o estímulo ao pensamento coletivo, plural, diverso e criativo.","administração, unirio, promoverá, todos, setores, acadêmicos, ambiente, estimule"
PDI_Unirio,PDI Unirio.pdf,58,artistica_patrimonial,"deverão ser criadas formas de incentivo à multi, inter e transdiscipli naridade nas dinâmicas e nos processos culturais, abrangendo as áreas de ciências exatas, ciências biológicas, ciências humanas, artes e tecnológica, na produção e na ocupação artística e cultural dos espaços do ambiente acadêmico, criando possibilidades p ara o exercício pleno da cidadania e de seus direitos fundamentais.","ciências, deverão, criadas, formas, incentivo, multi, inter, transdiscipli"
PDI_Unirio,PDI Unirio.pdf,59,artistica_patrimonial,"a administração buscará prover os meios necessários para criar, fortalecer e manter condições estruturais que estimulem o aporte financeiro para a área, essencial para conduzir a política cultural universitária de forma plena, no intuito de garantir recursos específicos para ações voltadas à arte e à cultura e para a realização de divulgação eficiente, bem como para a produção digital e impressa das atividades artístico-culturais em geral.","administração, buscará, prover, meios, necessários, criar, fortalecer, manter"
PDI_Unirio,PDI Unirio.pdf,60,indefinido,"serão criadas estruturas adequadas para a realização integradora de ações culturais, começando por adaptar as já existentes no curto prazo, sem perder de vista a construção de referência por sua clareza e objetividade).","serão, criadas, estruturas, adequadas, realização, integradora, ações, começando"
PDI_Unirio,PDI Unirio.pdf,61,artistica_patrimonial,"espaços ideais no médio e longo prazo, adequados e adaptados para a realização d a arte e da cultura.","espaços, ideais, médio, longo, prazo, adequados, adaptados, realização"
PDI_Unirio,PDI Unirio.pdf,62,indefinido,"na figura , a seguir, apresenta-se uma etapa da mostra cultural da unirio, realizada por ocasião da comemoração dos anos da universidade.","figura, seguir, apresenta, etapa, mostra, unirio, realizada, ocasião"
PDI_Unirio,PDI Unirio.pdf,63,indefinido,"a proexc, no período de vigênc ia deste pdi, buscará o fortalecimento da sua coordenadoria de cultura, para que se transforme em uma diretoria, à qual caberá:","proexc, período, vigênc, ia, deste, buscará, fortalecimento, coordenadoria"
PDI_Unirio,PDI Unirio.pdf,64,indefinido,"a avaliação e revisão permanente da política cultural da unirio, mobilizando para isso as câmaras e os colegiados pertinentes;","avaliação, revisão, permanente, política, unirio, mobilizando, isso, câmaras"
PDI_Unirio,PDI Unirio.pdf,65,artistica_patrimonial,"a orientação e suporte para a captação de recursos perante os programas do ministério da cultura, secretarias de cultura estaduais e municipais, além de outras agências e programas de fomento a atividades artísticas e culturais;","programas, orientação, suporte, captação, recursos, perante, ministério, secretarias"
PDI_Unirio,PDI Unirio.pdf,66,artistica_patrimonial,"oferecer suporte à promoção, à produção e à difusão de todas as realizações artísticas e culturais da universidade;","oferecer, suporte, promoção, produção, difusão, todas, realizações, artísticas"
PDI_Unirio,PDI Unirio.pdf,67,indefinido,coordenar a participação da unirio em eventos culturais interinstitucionais.,"coordenar, participação, unirio, eventos, interinstitucionais"
PDI_Unirio,PDI Unirio.pdf,68,indefinido,"coordenar a execução das atividades culturais interdepartamentais e intercentros, viabilizando assim uma agenda cultural integradora da comunidade acadêmica da unirio;","coordenar, execução, atividades, interdepartamentais, intercentros, viabilizando, assim, agenda"
PDI_Unirio,PDI Unirio.pdf,69,indefinido,atrair espetáculos e eventos culturais e negociar as condições para a sua execução nos espaços de exibição da unirio;,"atrair, espetáculos, eventos, negociar, condições, execução, espaços, exibição"
PDI_Unirio,PDI Unirio.pdf,70,artistica_patrimonial,"gerir os espaços virtuais da unirio (redes, canais, sítios e subsítios) dedicados à arte e à difusão cultural.","gerir, espaços, virtuais, unirio, redes, canais, sítios, subsítios"
PDI_Unirio,PDI Unirio.pdf,71,indefinido,"a universidade dará ênfase à articulação da política cultural universitária com as políticas nacionais, estaduais e municipais nas comunidades onde a instituição possui campus, com ênfase a alcançar:","ênfase, dará, articulação, política, universitária, políticas, nacionais, estaduais"
PDI_Unirio,PDI Unirio.pdf,72,artistica_patrimonial,"a construção e o fortalecimento de parcerias institucionais com projetos e espaços existentes nos municípios da região metropolitana do rio de janeiro, visando à realização de manifestações culturais e artísticas;","construção, fortalecimento, parcerias, institucionais, projetos, espaços, existentes, municípios"
PDI_Unirio,PDI Unirio.pdf,73,artistica_patrimonial,"a ampliaçã o, pela via da arte e da cultura, do diálogo com a sociedade, formando públicos e criando mecanismos para atender também à comunidade externa;","ampliaçã, via, arte, diálogo, sociedade, formando, públicos, criando"
PDI_Unirio,PDI Unirio.pdf,74,organizacional_gestao,"a vinculação deste segmento da universidade com as estruturas de governo relacionadas à gestão da cultura, garant indo que a unirio seja reconhecida como espaço de gestão, produção e realização de ações culturais.","gestão, vinculação, deste, segmento, estruturas, governo, relacionadas, garant"
PDI_Unirio,PDI Unirio.pdf,75,organizacional_gestao,"cabe destacar que a gestão da unirio está conexa com a autonomia e a colegialidade, como alicerces da cultura institucional, elementos essenciais de identidade universitária.","cabe, destacar, gestão, unirio, está, conexa, autonomia, colegialidade"
PDI_Unirio,PDI Unirio.pdf,76,organizacional_gestao,"além dos princípios norteadores de gestão democrática e participativa, os direitos humanos devem ser incorporados na cultura institucional e na sua organização, bem como , o modo de mediação dos conflitos, na forma de lidar com e reparar processos de violações por meio de ouvidorias, comissões, conselhos, comitês e fóruns de d ireitos humanos e políticas públicas.","humanos, além, princípios, norteadores, gestão, democrática, participativa, direitos"
PDI_Unirio,PDI Unirio.pdf,77,artistica_patrimonial,"enfim, a universidade entende que é seu dever a manutenção de um forte e sólido compromisso social destacado nas atividades da educação, da cultura, da arte, da saúde, da preservação do patrimônio histórico, da tecnol ogia, entre outras, visando constantemente à promoção da democracia e da justiça.","enfim, entende, é, dever, manutenção, forte, sólido, compromisso"
PDI_Unirio,PDI Unirio.pdf,78,academica_formativa,"são desenvolvidas e monitoradas ações que integram, principalmente, as atividades de ensino, pesquisa e extensão aos setores sociais e produtivos, nos quais o incentivo da produção, a transferência de tecnologias sociais e os dispositivos decorrentes das atividades sociais, culturais, científicas e técnicas estão presentes.","sociais, atividades, são, desenvolvidas, monitoradas, ações, integram, principalmente"
PDI_Unirio,PDI Unirio.pdf,79,artistica_patrimonial,"em funcionamento desde agosto de , além da oferta de refeições com valores acessíveis aos estudantes e demais membros da comunidade acadêmica, o local também é um local de aplicação prática, supervisionada pedagogicamente, de atividades acadêmicas do curso de nutrição e dos demais cursos que desenvolvam projetos de pesquisa e extensão e cultura.","demais, local, funcionamento, desde, agosto, além, oferta, refeições"
PDI_Unirio,PDI Unirio.pdf,80,academica_formativa,"ademais, têm como missão, de acordo com os seus respectivos estatutos, a luta pela elevação da qualidade do ensino e o aperfeiçoamento da formação universitária, além de incentivarem o desenvolvimento cultural e científico dos alunos.","ademais, têm, missão, acordo, respectivos, estatutos, luta, elevação"
PDI_Unirio,PDI Unirio.pdf,81,artistica_patrimonial,"cumpre destacar que o dce também promove a cultura, a arte, o lazer, o senso moral e crítico entre os estudantes como uma de suas principais finalidades, o que pode ser observado a partir da realização de atividades culturais e interativas nos campi da universidade.","cumpre, destacar, dce, também, promove, arte, lazer, senso"
PDI_Unirio,PDI Unirio.pdf,82,diversidade_inclusao,"dessa forma, a principal função do dce é dar voz aos discentes e assegurar os direitos e os interesses destes, mediante debates, discussões, atividades integrativas, representações nos conselhos superiores, atividades culturais, deliberações e assembleias recorrentes.","atividades, dessa, forma, principal, função, dce, é, dar"
PDI_Unirio,PDI Unirio.pdf,83,indefinido,definir uma política cultural para a universidade;,"definir, política"
PDI_Unirio,PDI Unirio.pdf,84,academica_formativa,"planejar, executar e avaliar as atividades de ensino, pesquisa, extensão e cultura;","planejar, executar, avaliar, atividades, ensino, pesquisa, extensão"
PDI_Unirio,PDI Unirio.pdf,85,academica_formativa,"atuar de forma inter - e multidisciplinar em pesquisa, ensi no e extensão nas áreas de planejar, executar e avaliar as atividades de ensino, pesquisa, extensão e cultura;","pesquisa, extensão, atuar, forma, inter, multidisciplinar, ensi, áreas"
PDI_Unirio,PDI Unirio.pdf,86,academica_formativa,"planejar, executar e avaliar as atividades de ensino, pesquisa, extensão e cultura;","planejar, executar, avaliar, atividades, ensino, pesquisa, extensão"
PDI_Unirio,PDI Unirio.pdf,87,academica_formativa,"atuar de forma inter - e multidisciplinar em pesquisa, ensino e extensão nas áreas de planejar, executar e avaliar as atividades de ensino, pesquisa, extensão e cultura;","pesquisa, ensino, extensão, atuar, forma, inter, multidisciplinar, áreas"
PDI_Unirio,PDI Unirio.pdf,88,academica_formativa,"atuar de forma inter - e multidisciplinar em pesquisa, ensino e extensão nas áreas de planejar, executar e avaliar as atividades de ensino, pesquisa, extensão e cultura;","pesquisa, ensino, extensão, atuar, forma, inter, multidisciplinar, áreas"
PDI_Unirio,PDI Unirio.pdf,89,artistica_patrimonial,"apoiar à administração superior, integrando -se à es trutura acadêmico -administrativa e aos sistemas de informação cultural, tecnológica, científica e artística, em âmbito nacional e internacional.","apoiar, administração, superior, integrando, es, trutura, acadêmico, administrativa"
PDI_Unirio,PDI Unirio.pdf,90,indefinido,e define uma política cultural para a universidade.,"define, política"
PDI_Unirio,PDI Unirio.pdf,91,organizacional_gestao,é o propulsor da cultura de gestão de riscos na universidade.,"é, propulsor, gestão, riscos"
PDI_Unirio,PDI Unirio.pdf,92,indefinido,"isso significa que todos os agentes públicos têm a tarefa de assimilar e difundir uma cultura de transparência ampla, na qual o sigilo será sempre a exceção.","isso, significa, todos, agentes, públicos, têm, tarefa, assimilar"
PDI_Unirio,PDI Unirio.pdf,93,academica_formativa,", há de se destacar ainda, dentre a estrutura física existente na universidade, os ambientes para o desenvolvimento de atividades de ensino, pesquisa, extensão e cultura, tais quais auditórios, anfiteatros e teatros, que estão aptos a receber diferentes tipos de eventos, reuniões, apresentações, cursos, palestras, exposições, entre outros.","há, destacar, ainda, dentre, estrutura, física, existente, ambientes"
PDI_Unirio,PDI Unirio.pdf,94,artistica_patrimonial,"● realizar obras de preservação, reparação e restauro das edificações de valor histórico, artístico e cultural da universidade;","realizar, obras, preservação, reparação, restauro, edificações, valor, histórico"
PDI_Unirio,PDI Unirio.pdf,95,organizacional_gestao,"● instituir comissão ou grupo de trabalho para a elaboração do plano de gestão da restauro das edificações de valor histórico, artístico e cultural;","instituir, comissão, grupo, trabalho, elaboração, plano, gestão, restauro"
PDI_Unirio,PDI Unirio.pdf,96,artistica_patrimonial,● instituir campanha de educação patrimonial voltada para o reconhecimento do patrimônio cultural material e imaterial da unirio.,"instituir, campanha, educação, patrimonial, voltada, reconhecimento, patrimônio, material"
PDI_Unirio,PDI Unirio.pdf,97,artistica_patrimonial,"objetos tridimensionais como instrumentos musicais, esculturas, objetos da cultura popular, arte plumária e máscaras;","objetos, tridimensionais, instrumentos, musicais, esculturas, popular, arte, plumária"
PDI_Unirio,PDI Unirio.pdf,98,indefinido,● exposições culturais (presenciais e virtuais);,"exposições, presenciais, virtuais"
PDI_Unirio,PDI Unirio.pdf,99,academica_formativa,"um dos principais obstáculos para a melhoria e para a ampliação das ações de ensino, pesquisa, extensão, cultura e inovação da unirio, nas diversas áreas do conhecimento, é a sua infraestrutura física.","principais, obstáculos, melhoria, ampliação, ações, ensino, pesquisa, extensão"
PDI_Unirio,PDI Unirio.pdf,100,academica_formativa,"sua missão é a de editar obras de reconhecido valor científico e cultural produzidas e organizadas por servidores da unirio e representativas das atividades de ensino, pesquisa e extensão da universidade.","missão, é, editar, obras, reconhecido, valor, científico, produzidas"
PDI_Unirio,PDI Unirio.pdf,101,indefinido,a) editar obras de natureza acadêmica de reconhecido valor científico e cultural em todas as áreas do conhecimento;,"editar, obras, natureza, acadêmica, reconhecido, valor, científico, todas"
PDI_Unirio,PDI Unirio.pdf,102,artistica_patrimonial,"b) promover a disseminação da produção científica, cultural, tecnológica e artística da unirio;","b, promover, disseminação, produção, científica, tecnológica, artística, unirio"
PDI_Unirio,PDI Unirio.pdf,103,indefinido,"e difusão de valores éticos e de liberdade, igualdade e pluralidade cultural e democrática.","difusão, valores, éticos, liberdade, igualdade, pluralidade, democrática"
PDI_Unirio,PDI Unirio.pdf,104,indefinido,"compromissada com tais princípios, a cpa es tá focada em promover uma cultura avaliativa na universidade em interação com a comunidade acadêmica.","compromissada, tais, princípios, cpa, es, tá, focada, promover"
PDI_Unirio,PDI Unirio.pdf,105,indefinido,"para fomentar a cultura avaliativa, estimular o preenchimento do questionário, abarcar toda a comunidade acadêmica, c oletar dados para a confecção dos relatórios, entre outros pontos, a cpa se organiza e promove ações com a finalidade de transformar o atual questionário em um instrumento mais eficaz para ser aplicado aos respondentes.","questionário, fomentar, avaliativa, estimular, preenchimento, abarcar, toda, comunidade"
PDI_Unirio,PDI Unirio.pdf,106,indefinido,"o principal deles foi a introdução, ainda que incipiente, de uma cultura de monitoramento de riscos e controles interno.","principal, deles, introdução, ainda, incipiente, monitoramento, riscos, controles"
PDI_Unirio,PDI Unirio.pdf,107,organizacional_gestao,"“ser reconhecida como referência na produção e difusão de conhecimento científico, tecnológico, artístico e cultural, comprometida com as transformações da sociedade e com a transparência organizacional” .","reconhecida, referência, produção, difusão, conhecimento, científico, tecnológico, artístico"
PDI_Unirio,PDI Unirio.pdf,108,organizacional_gestao,"igualmente, é imprescindível fortalecer a cultura do planejamento e do monitoramento no cotidiano das unidades organizacionais.","igualmente, é, imprescindível, fortalecer, planejamento, monitoramento, cotidiano, unidades"
PDI_Unirio,PDI Unirio.pdf,109,artistica_patrimonial,"estender à sociedade os benefícios da criação cultural, artística, literária, científica e tecnológica, voltados para o sustentável, inclusão social e inovação, gerados presencial e virtualmente na instituição página de resultado projetado resultado alcançado resultado projetado resultado alcançado resultado projetado resultado alcançado resultado projetado resultado alcançado grau de envolvimento de estudantes de relação entre o número de estudantes de graduação envolvidos e o número total de estudantes proexc , , = , = presencial + ead , pessoas atingidas com projetos - , estudantes - pessoas atingidas - relação = , , estudantes envolvidos com extensão / estudantes de graduação = , eficácia com relação aos meios de percentual de ampliação de notícias no site, relacionadas à produção cultural, artística, científica e tecnológica da comso matérias % (+ , %) % (aumento de %) % (- , %) % (+ , % em relação ao ano base;","resultado, estudantes, projetado, alcançado, relação, artística, científica, tecnológica"
PDI_Unirio,PDI Unirio.pdf,110,inovacao_empreendedorismo,"estender à sociedade os benefícios da criação cultural, artística, literária, científica e tecnológica, voltados para o sustentável, inclusão social e inovação, gerados presencial e virtualmente na instituição .","estender, sociedade, benefícios, criação, artística, literária, científica, tecnológica"
PDI_Unirio,PDI Unirio.pdf,111,artistica_patrimonial,"estender à sociedade os benefícios da criação cultural, artística, científica e tecnológica gerada na instituição.","estender, sociedade, benefícios, criação, artística, científica, tecnológica, gerada"
PDI_Unirio,PDI Unirio.pdf,112,inovacao_empreendedorismo,"sociedade os benefícios da criação cultural, artística, literária, científica e tecnológica, voltados para o desenvolvimento sustentável, inclusão social e inovação, gerados presencial e virtualmente na instituição .","sociedade, benefícios, criação, artística, literária, científica, tecnológica, voltados"
PDI_Unirio,PDI Unirio.pdf,113,organizacional_gestao,"visão ser reconhecida como referência na produção e difusão de conhecimento científico, tecnológico, artístico e cultural, comprometida com as transformações da sociedade e com a transparência organizacional.","visão, reconhecida, referência, produção, difusão, conhecimento, científico, tecnológico"
PDI_Unirio,PDI Unirio.pdf,114,organizacional_gestao,"visão ser reconhecida como referência na produção e difusão de conhecimento científico, tecnológico, artístico e cultural, comprometida com as transformações da sociedade e com a transparência organizacional.","visão, reconhecida, referência, produção, difusão, conhecimento, científico, tecnológico"
PDI_Unirio,PDI Unirio.pdf,115,organizacional_gestao,"visão ser reconhecida como referência na produção e difusão de conhecimento científico, tecnológico, artístico e cultural, comprometida com as transformações da sociedade e com a transparência organizacional.","visão, reconhecida, referência, produção, difusão, conhecimento, científico, tecnológico"
PDI_Unirio,PDI Unirio.pdf,116,indefinido,"criar programa de incentivo às atividades de cultura, esporte, lazer e saúde.","criar, programa, incentivo, s, atividades, esporte, lazer, saúde"
PDI_Unirio,PDI Unirio.pdf,117,organizacional_gestao,"visão ser reconhecida como referência na produção e difusão de conhecimento científico, tecnológico, artístico e cultural, comprometida com as transformações da sociedade e com a transparência organizacional.","visão, reconhecida, referência, produção, difusão, conhecimento, científico, tecnológico"
PDI_Unirio,PDI Unirio.pdf,118,inovacao_empreendedorismo,desenvolver a cultura e a prática da inovação e fomentar a proteção da produção intelectual da universidade (sugestão propgpi) novo:,"desenvolver, prática, inovação, fomentar, proteção, produção, intelectual, sugestão"
PDI_Unirio,PDI Unirio.pdf,119,indefinido,"combater a evasão de alunos durante os cursos de graduação, com ações que visem a diminuir as suas causas incentivar a criação e manutenção de disciplinas/cursos, na modalidade a distância, de caráter propedêutico para fundamentação teórica e cultural (alteração a partir de ) (alteração a partir de ) número de salas de aula on line número absoluto cead .","cursos, alteração, partir, número, combater, evasão, alunos, durante"
PDI_Unirio,PDI Unirio.pdf,120,inovacao_empreendedorismo,"estender à sociedade os benefícios da criação cultural, artística, literária, científica e tecnológica, voltados para o desenvolvimento sustentável, inclusão social e inovação, gerados presencial e virtualmente na instituição .","estender, sociedade, benefícios, criação, artística, literária, científica, tecnológica"
PDI_Unirio,PDI Unirio.pdf,121,inovacao_empreendedorismo,"estender à sociedade os benefícios da criação cultural, artística, literária, científica e tecnológica, voltados para o desenvolvimento sustentável, inclusão social e inovação, gerados presencial e virtualmente na instituição .","estender, sociedade, benefícios, criação, artística, literária, científica, tecnológica"
PDI_Unirio,PDI Unirio.pdf,122,inovacao_empreendedorismo,"estender à sociedade os benefícios da criação cultural, artística, literária, científica e tecnológica, voltados para o desenvolvimento sustentável, inclusão social e inovação, gerados presencial e virtualmente na instituição .","estender, sociedade, benefícios, criação, artística, literária, científica, tecnológica"
PDI_Unirio,PDI Unirio.pdf,123,inovacao_empreendedorismo,"estender à sociedade os benefícios da criação cultural, artística, literária, científica e tecnológica, voltados para o desenvolvimento sustentável, inclusão social e inovação, gerados presencial e virtualmente na instituição .","estender, sociedade, benefícios, criação, artística, literária, científica, tecnológica"
PDI_Unirio,PDI Unirio.pdf,124,indefinido,dar visibilidade às ações da universidade ampliar a participação de estudantes na produção cultural da unirio (alteração a partir de ) (alteração a partir de ) número de alunos .,"alteração, partir, dar, visibilidade, s, ações, ampliar, participação"
PDI_Unirio,PDI Unirio.pdf,125,inovacao_empreendedorismo,"estender à sociedade os benefícios da criação cultural, artística, literária, científica e tecnológica, voltados para o desenvolvimento sustentável, inclusão social e inovação, gerados presencial e virtualmente na instituição .","estender, sociedade, benefícios, criação, artística, literária, científica, tecnológica"
PDI_Unirio,PDI Unirio.pdf,126,indefinido,"dar visibilidade às ações da universidade ampliar o alcance externo da produção cultural da unirio (alteração a partir de ) (alteração a partir de ) número de pessoas alcançadas (soma de visualizações nos canais da cultura e do nis no youtube, e visitas aos perfis e visualizações no instagram e facebook) número absoluto .","alteração, partir, número, visualizações, dar, visibilidade, s, ações"
PDI_Unirio,PDI Unirio.pdf,127,inovacao_empreendedorismo,"estender à sociedade os benefícios da criação cultural, artística, literária, científica e tecnológica, voltados para o desenvolvimento sustentável, inclusão social e inovação, gerados presencial e virtualmente na instituição .","estender, sociedade, benefícios, criação, artística, literária, científica, tecnológica"
PDI_Unirio,PDI Unirio.pdf,128,indefinido,"dar visibilidade às ações da universidade aumentar a produção de revistas, podcasts, canais e blogs, que exibam a produção cultural da unirio, inclusive com relançamento da revista chronus (alteração a partir de ) número de .","produção, dar, visibilidade, s, ações, aumentar, revistas, podcasts"
PDI_Unirio,PDI Unirio.pdf,129,inovacao_empreendedorismo,"estender à sociedade os benefícios da criação cultural, artística, literária, científica e tecnológica, voltados para o desenvolvimento sustentável, inclusão social e inovação, gerados presencial e virtualmente na instituição .","estender, sociedade, benefícios, criação, artística, literária, científica, tecnológica"
PDI_Unirio,PDI Unirio.pdf,130,indefinido,dar visibilidade às ações da universidade criar uma comunidade de seguidores para produção cultural da unirio (alteração a partir de ) (alteração a partir de ) número de seguidores de todas as mídias que veiculam a produção cultural da unirio na internet (somatorio de inscritos nos canais e redes sociais da cultura e do nis) número absoluto .,"seguidores, produção, unirio, alteração, partir, número, dar, visibilidade"
PDI_Unirio,PDI Unirio.pdf,131,inovacao_empreendedorismo,"estender à sociedade os benefícios da criação cultural, artística, literária, científica e tecnológica, voltados para o desenvolvimento sustentável, inclusão social e inovação, gerados presencial e virtualmente na instituição .","estender, sociedade, benefícios, criação, artística, literária, científica, tecnológica"
PDI_Unirio,PDI Unirio.pdf,132,inovacao_empreendedorismo,"estender à sociedade os benefícios da criação cultural, artística, literária, científica e tecnológica, voltados para o desenvolvimento sustentável, inclusão social e inovação, gerados presencial e virtualmente na instituição .","estender, sociedade, benefícios, criação, artística, literária, científica, tecnológica"
PDI_Unirio,PDI Unirio.pdf,133,inovacao_empreendedorismo,"estender à sociedade os benefícios da criação cultural, artística, literária, científica e tecnológica, voltados para o desenvolvimento sustentável, inclusão social e inovação, gerados presencial e virtualmente na instituição .","estender, sociedade, benefícios, criação, artística, literária, científica, tecnológica"
PDI_Unirio,PDI Unirio.pdf,134,inovacao_empreendedorismo,"estender à sociedade os benefícios da criação cultural, artística, literária, científica e tecnológica, voltados para o desenvolvimento sustentável, inclusão social e inovação, gerados presencial e virtualmente na instituição .","estender, sociedade, benefícios, criação, artística, literária, científica, tecnológica"
PDI_Unirio,PDI Unirio.pdf,135,inovacao_empreendedorismo,"estender à sociedade os benefícios da criação cultural, artística, literária, científica e tecnológica, voltados para o desenvolvimento sustentável, inclusão social e inovação, gerados presencial e virtualmente na instituição .","estender, sociedade, benefícios, criação, artística, literária, científica, tecnológica"
PDI_Unirio,PDI Unirio.pdf,136,inovacao_empreendedorismo,"estender à sociedade os benefícios da criação cultural, artística, literária, científica e tecnológica, voltados para o desenvolvimento sustentável, inclusão social e inovação, gerados presencial e virtualmente na instituição .","estender, sociedade, benefícios, criação, artística, literária, científica, tecnológica"
PDI_Unirio,PDI Unirio.pdf,137,inovacao_empreendedorismo,"estender à sociedade os benefícios da criação cultural, artística, literária, científica e tecnológica, voltados para o desenvolvimento sustentável, inclusão social e inovação, gerados presencial e virtualmente na instituição .","estender, sociedade, benefícios, criação, artística, literária, científica, tecnológica"
PDI_Unirio,PDI Unirio.pdf,138,inovacao_empreendedorismo,"estender à sociedade os benefícios da criação cultural, artística, literária, científica e tecnológica, voltados para o desenvolvimento sustentável, inclusão social e inovação, gerados presencial e virtualmente na instituição .","estender, sociedade, benefícios, criação, artística, literária, científica, tecnológica"
PDI_Unirio,PDI Unirio.pdf,139,artistica_patrimonial,"dar visibilidade às ações da universidade divulgar os cursos e as produções acadêmicas, artísticas e culturais do cla para a comunidade interna e externa da unirio (exclusão a partir de ) número de ações .","ações, dar, visibilidade, s, divulgar, cursos, produções, acadêmicas"
PDI_Unirio,PDI Unirio.pdf,140,inovacao_empreendedorismo,"estender à sociedade os benefícios da criação cultural, artística, literária, científica e tecnológica, voltados para o desenvolvimento sustentável, inclusão social e inovação, gerados presencial e virtualmente na instituição .","estender, sociedade, benefícios, criação, artística, literária, científica, tecnológica"
PDI_Unirio,PDI Unirio.pdf,141,inovacao_empreendedorismo,"estender à sociedade os benefícios da criação cultural, artística, literária, científica e tecnológica, voltados para o desenvolvimento sustentável, inclusão social e inovação, gerados presencial e virtualmente na instituição .","estender, sociedade, benefícios, criação, artística, literária, científica, tecnológica"
PDI_Unirio,PDI Unirio.pdf,142,inovacao_empreendedorismo,"estender à sociedade os benefícios da criação cultural, artística, literária, científica e tecnológica, voltados para o desenvolvimento sustentável, inclusão social e inovação, gerados presencial e virtualmente na instituição .","estender, sociedade, benefícios, criação, artística, literária, científica, tecnológica"
PDI_Unirio,PDI Unirio.pdf,143,inovacao_empreendedorismo,"estender à sociedade os benefícios da criação cultural, artística, literária, científica e tecnológica, voltados para o desenvolvimento sustentável, inclusão social e inovação, gerados presencial e virtualmente na instituição .","estender, sociedade, benefícios, criação, artística, literária, científica, tecnológica"
PDI_Unirio,PDI Unirio.pdf,144,indefinido,dar visibilidade às ações da universidade criar o catálogo virtual de divulgação para ações culturais da bc número de publicações número absoluto bc .,"ações, bc, número, dar, visibilidade, s, criar, catálogo"
PDI_Unirio,PDI Unirio.pdf,145,inovacao_empreendedorismo,"estender à sociedade os benefícios da criação cultural, artística, literária, científica e tecnológica, voltados para o desenvolvimento sustentável, inclusão social e inovação, gerados presencial e virtualmente na instituição .","estender, sociedade, benefícios, criação, artística, literária, científica, tecnológica"
PDI_Unirio,PDI Unirio.pdf,146,artistica_patrimonial,dar visibilidade às ações da universidade manter a politica de exposições para divulgação de ações culturais de extensão e cultura número de exposições culturais realizadas número absoluto bc .,"ações, exposições, número, dar, visibilidade, s, manter, politica"
PDI_Unirio,PDI Unirio.pdf,147,inovacao_empreendedorismo,"estender à sociedade os benefícios da criação cultural, artística, literária, científica e tecnológica, voltados para o desenvolvimento sustentável, inclusão social e inovação, gerados presencial e virtualmente na instituição .","estender, sociedade, benefícios, criação, artística, literária, científica, tecnológica"
PDI_Unirio,PDI Unirio.pdf,148,inovacao_empreendedorismo,"estender à sociedade os benefícios da criação cultural, artística, literária, científica e tecnológica, voltados para o desenvolvimento sustentável, inclusão social e inovação, gerados presencial e virtualmente na instituição .","estender, sociedade, benefícios, criação, artística, literária, científica, tecnológica"
PDI_Unirio,PDI Unirio.pdf,149,inovacao_empreendedorismo,"estender à sociedade os benefícios da criação cultural, artística, literária, científica e tecnológica, voltados para o desenvolvimento sustentável, inclusão social e inovação, gerados presencial e virtualmente na instituição .","estender, sociedade, benefícios, criação, artística, literária, científica, tecnológica"
PDI_Unirio,PDI Unirio.pdf,150,inovacao_empreendedorismo,"dar visibilidade às ações da universidade fortalecer a divulgação, interna e externa, de conteúdos relacionados à cultura, arte, ciência e tecnologia número de publicação dos conteúdos relacionados à cultura, arte, ciência e tecnologia .","conteúdos, relacionados, arte, ciência, tecnologia, dar, visibilidade, s"
PDI_Unirio,PDI Unirio.pdf,151,inovacao_empreendedorismo,"estender à sociedade os benefícios da criação cultural, artística, literária, científica e tecnológica, voltados para o desenvolvimento sustentável, inclusão social e inovação, gerados presencial e virtualmente na instituição .","estender, sociedade, benefícios, criação, artística, literária, científica, tecnológica"
PDI_Unirio,PDI Unirio.pdf,152,inovacao_empreendedorismo,"estender à sociedade os benefícios da criação cultural, artística, literária, científica e tecnológica, voltados para o desenvolvimento sustentável, inclusão social e inovação, gerados presencial e virtualmente na instituição .","estender, sociedade, benefícios, criação, artística, literária, científica, tecnológica"
PDI_Unirio,PDI Unirio.pdf,153,inovacao_empreendedorismo,"estender à sociedade os benefícios da criação cultural, artística, literária, científica e tecnológica, voltados para o desenvolvimento sustentável, inclusão social e inovação, gerados presencial e virtualmente na instituição .","estender, sociedade, benefícios, criação, artística, literária, científica, tecnológica"
PDI_Unirio,PDI Unirio.pdf,154,inovacao_empreendedorismo,"estender à sociedade os benefícios da criação cultural, artística, literária, científica e tecnológica, voltados para o desenvolvimento sustentável, inclusão social e inovação, gerados presencial e virtualmente na instituição .","estender, sociedade, benefícios, criação, artística, literária, científica, tecnológica"
PDI_Unirio,PDI Unirio.pdf,155,inovacao_empreendedorismo,"estender à sociedade os benefícios da criação cultural, artística, literária, científica e tecnológica, voltados para o desenvolvimento sustentável, inclusão social e inovação, gerados presencial e virtualmente na instituição .","estender, sociedade, benefícios, criação, artística, literária, científica, tecnológica"
PDI_Unirio,PDI Unirio.pdf,156,inovacao_empreendedorismo,"estender à sociedade os benefícios da criação cultural, artística, literária, científica e tecnológica, voltados para o desenvolvimento sustentável, inclusão social e inovação, gerados presencial e virtualmente na instituição .","estender, sociedade, benefícios, criação, artística, literária, científica, tecnológica"
PDI_Unirio,PDI Unirio.pdf,157,inovacao_empreendedorismo,"estender à sociedade os benefícios da criação cultural, artística, literária, científica e tecnológica, voltados para o desenvolvimento sustentável, inclusão social e inovação, gerados presencial e virtualmente na instituição .","estender, sociedade, benefícios, criação, artística, literária, científica, tecnológica"
PDI_Unirio,PDI Unirio.pdf,158,inovacao_empreendedorismo,"estender à sociedade os benefícios da criação cultural, artística, literária, científica e tecnológica, voltados para o desenvolvimento sustentável, inclusão social e inovação, gerados presencial e virtualmente na instituição .","estender, sociedade, benefícios, criação, artística, literária, científica, tecnológica"
PDI_Unirio,PDI Unirio.pdf,159,inovacao_empreendedorismo,"estender à sociedade os benefícios da criação cultural, artística, literária, científica e tecnológica, voltados para o desenvolvimento sustentável, inclusão social e inovação, gerados presencial e virtualmente na instituição .","estender, sociedade, benefícios, criação, artística, literária, científica, tecnológica"
PDI_Unirio,PDI Unirio.pdf,160,inovacao_empreendedorismo,"estender à sociedade os benefícios da criação cultural, artística, literária, científica e tecnológica, voltados para o desenvolvimento sustentável, inclusão social e inovação, gerados presencial e virtualmente na instituição .","estender, sociedade, benefícios, criação, artística, literária, científica, tecnológica"
PDI_Unirio,PDI Unirio.pdf,161,inovacao_empreendedorismo,"estender à sociedade os benefícios da criação cultural, artística, literária, científica e tecnológica, voltados para o desenvolvimento sustentável, inclusão social e inovação, gerados presencial e virtualmente na instituição .","estender, sociedade, benefícios, criação, artística, literária, científica, tecnológica"
PDI_Unirio,PDI Unirio.pdf,162,inovacao_empreendedorismo,"estender à sociedade os benefícios da criação cultural, artística, literária, científica e tecnológica, voltados para o desenvolvimento sustentável, inclusão social e inovação, gerados presencial e virtualmente na instituição .","estender, sociedade, benefícios, criação, artística, literária, científica, tecnológica"
PDI_Unirio,PDI Unirio.pdf,163,diversidade_inclusao,"criar fóruns de discussão entre a universidade, a comunidade universitária e a sociedade criar núcleo de apoio à produção em cultura (inclusão a partir de ) núcleo de apoio à produção cultural em funcionamento .","criar, núcleo, apoio, produção, fóruns, discussão, comunidade, universitária"
PDI_Unirio,PDI Unirio.pdf,164,inovacao_empreendedorismo,"estender à sociedade os benefícios da criação cultural, artística, literária, científica e tecnológica, voltados para o desenvolvimento sustentável, inclusão social e inovação, gerados presencial e virtualmente na instituição .","estender, sociedade, benefícios, criação, artística, literária, científica, tecnológica"
PDI_Unirio,PDI Unirio.pdf,165,inovacao_empreendedorismo,"estender à sociedade os benefícios da criação cultural, artística, literária, científica e tecnológica, voltados para o desenvolvimento sustentável, inclusão social e inovação, gerados presencial e virtualmente na instituição .","estender, sociedade, benefícios, criação, artística, literária, científica, tecnológica"
PDI_Unirio,PDI Unirio.pdf,166,inovacao_empreendedorismo,"estender à sociedade os benefícios da criação cultural, artística, literária, científica e tecnológica, voltados para o desenvolvimento sustentável, inclusão social e inovação, gerados presencial e virtualmente na instituição .","estender, sociedade, benefícios, criação, artística, literária, científica, tecnológica"
PDI_Unirio,PDI Unirio.pdf,167,inovacao_empreendedorismo,"estender à sociedade os benefícios da criação cultural, artística, literária, científica e tecnológica, voltados para o desenvolvimento sustentável, inclusão social e inovação, gerados presencial e virtualmente na instituição .","estender, sociedade, benefícios, criação, artística, literária, científica, tecnológica"
PDI_Unirio,PDI Unirio.pdf,168,inovacao_empreendedorismo,"estender à sociedade os benefícios da criação cultural, artística, literária, científica e tecnológica, voltados para o desenvolvimento sustentável, inclusão social e inovação, gerados presencial e virtualmente na instituição .","estender, sociedade, benefícios, criação, artística, literária, científica, tecnológica"
PDI_Unirio,PDI Unirio.pdf,169,inovacao_empreendedorismo,"estender à sociedade os benefícios da criação cultural, artística, literária, científica e tecnológica, voltados para o desenvolvimento sustentável, inclusão social e inovação, gerados presencial e virtualmente na instituição .","estender, sociedade, benefícios, criação, artística, literária, científica, tecnológica"
PDI_Unirio,PDI Unirio.pdf,170,inovacao_empreendedorismo,"estender à sociedade os benefícios da criação cultural, artística, literária, científica e tecnológica, voltados para o desenvolvimento sustentável, inclusão social e inovação, gerados presencial e virtualmente na instituição .","estender, sociedade, benefícios, criação, artística, literária, científica, tecnológica"
PDI_Unirio,PDI Unirio.pdf,171,inovacao_empreendedorismo,"estender à sociedade os benefícios da criação cultural, artística, literária, científica e tecnológica, voltados para o desenvolvimento sustentável, inclusão social e inovação, gerados presencial e virtualmente na instituição .","estender, sociedade, benefícios, criação, artística, literária, científica, tecnológica"
PDI_Unirio,PDI Unirio.pdf,172,inovacao_empreendedorismo,"estender à sociedade os benefícios da criação cultural, artística, literária, científica e tecnológica, voltados para o desenvolvimento sustentável, inclusão social e inovação, gerados presencial e virtualmente na instituição .","estender, sociedade, benefícios, criação, artística, literária, científica, tecnológica"
PDI_Unirio,PDI Unirio.pdf,173,inovacao_empreendedorismo,"estender à sociedade os benefícios da criação cultural, artística, literária, científica e tecnológica, voltados para o desenvolvimento sustentável, inclusão social e inovação, gerados presencial e virtualmente na instituição .","estender, sociedade, benefícios, criação, artística, literária, científica, tecnológica"
PDI_Unirio,PDI Unirio.pdf,174,diversidade_inclusao,ampliar os serviços oferecidos à sociedade viabilizar editais de fomento com recursos de custeio para os projetos de cultura e de extensão (inclusão a partir de ) recursos de custeio destinados a projetos somatório dos recursos de fomento destinados para os projetos de de cultura -- -- -- mil reais mil reais mil reais proexc -b .,"recursos, projetos, mil, reais, fomento, custeio, destinados, ampliar"
PDI_Unirio,PDI Unirio.pdf,175,inovacao_empreendedorismo,"estender à sociedade os benefícios da criação cultural, artística, literária, científica e tecnológica, voltados para o desenvolvimento sustentável, inclusão social e inovação, gerados presencial e virtualmente na instituição .","estender, sociedade, benefícios, criação, artística, literária, científica, tecnológica"
PDI_Unirio,PDI Unirio.pdf,176,inovacao_empreendedorismo,"estender à sociedade os benefícios da criação cultural, artística, literária, científica e tecnológica, voltados para o desenvolvimento sustentável, inclusão social e inovação, gerados presencial e virtualmente na instituição .","estender, sociedade, benefícios, criação, artística, literária, científica, tecnológica"
PDI_Unirio,PDI Unirio.pdf,177,inovacao_empreendedorismo,"estender à sociedade os benefícios da criação cultural, artística, literária, científica e tecnológica, voltados para o desenvolvimento sustentável, inclusão social e inovação, gerados presencial e virtualmente na instituição .","estender, sociedade, benefícios, criação, artística, literária, científica, tecnológica"
PDI_Unirio,PDI Unirio.pdf,178,inovacao_empreendedorismo,"estender à sociedade os benefícios da criação cultural, artística, literária, científica e tecnológica, voltados para o desenvolvimento sustentável, inclusão social e inovação, gerados presencial e virtualmente na instituição .","estender, sociedade, benefícios, criação, artística, literária, científica, tecnológica"
PDI_Unirio,PDI Unirio.pdf,179,inovacao_empreendedorismo,"estender à sociedade os benefícios da criação cultural, artística, literária, científica e tecnológica, voltados para o desenvolvimento sustentável, inclusão social e inovação, gerados presencial e virtualmente na instituição .","estender, sociedade, benefícios, criação, artística, literária, científica, tecnológica"
PDI_Unirio,PDI Unirio.pdf,180,inovacao_empreendedorismo,"estender à sociedade os benefícios da criação cultural, artística, literária, científica e tecnológica, voltados para o desenvolvimento sustentável, inclusão social e inovação, gerados presencial e virtualmente na instituição .","estender, sociedade, benefícios, criação, artística, literária, científica, tecnológica"
PDI_Unirio,PDI Unirio.pdf,181,indefinido,"ampliar os serviços oferecidos à sociedade promover a difusão de informações acadêmicas, científicas e culturais de forma acessível para usuários da língua brasileira de horas de ações de .","ampliar, serviços, oferecidos, sociedade, promover, difusão, informações, acadêmicas"
PDI_Unirio,PDI Unirio.pdf,182,inovacao_empreendedorismo,"estender à sociedade os benefícios da criação cultural, artística, literária, científica e tecnológica, voltados para o desenvolvimento sustentável, inclusão social e inovação, gerados presencial e virtualmente na instituição .","estender, sociedade, benefícios, criação, artística, literária, científica, tecnológica"
PDI_Unirio,PDI Unirio.pdf,183,artistica_patrimonial,"firmar acordos, convênios e ajustes de diversas espécies com instituições públicas e privadas, nacionais e estrangeiras estabelecer acordos com arquivos, bibliotecas, museus, institutos de pesquisa e outras instituições científicas e culturais, a fim de promover ações em conjunto, tais como eventos, publicações, cursos de treinamento, estágios entre outras atividades número de acordos .","acordos, instituições, outras, firmar, convênios, ajustes, diversas, espécies"
PDI_Unirio,PDI Unirio.pdf,184,indefinido,"firmar acordos, convênios e ajustes de diversas espécies com instituições públicas e privadas, nacionais e estrangeiras ampliar e aprofundar as relações de parceria dos programas de pós-graduação do cla com outros programas e instituições educacionais, culturais e organizacionais no brasil e exterior número de parcerias estabelecidas .","instituições, programas, firmar, acordos, convênios, ajustes, diversas, espécies"
PDI_Unirio,PDI Unirio.pdf,185,indefinido,"fomentar a política de internacionalização, fortalecendo as parcerias existentes com excelência acadêmica apoiar as iniciativas advindas da comunidade universitária para a realização de eventos que propiciem a troca acadêmica e cultural com instituições ou países estrangeiros, no âmbito de atuação da cri (exclusão a partir de ) taxa de atendimento a eventos número de eventos atendidos / número de eventos planejados) x .","eventos, acadêmica, número, fomentar, política, internacionalização, fortalecendo, parcerias"
PDI_Unirio,PDI Unirio.pdf,186,inovacao_empreendedorismo,desenvolver a cultura e a prática da inovação e fomentar a proteção da produção intelectual da universidade .,"desenvolver, prática, inovação, fomentar, proteção, produção, intelectual"
PDI_Unirio,PDI Unirio.pdf,187,inovacao_empreendedorismo,desenvolver a cultura e a prática da inovação e fomentar a proteção da produção intelectual da universidade .,"desenvolver, prática, inovação, fomentar, proteção, produção, intelectual"
PDI_Unirio,PDI Unirio.pdf,188,inovacao_empreendedorismo,desenvolver a cultura e a prática da inovação e fomentar a proteção da produção intelectual da universidade .,"desenvolver, prática, inovação, fomentar, proteção, produção, intelectual"
PDI_Unirio,PDI Unirio.pdf,189,inovacao_empreendedorismo,desenvolver a cultura e a prática da inovação e fomentar a proteção da produção intelectual da universidade .,"desenvolver, prática, inovação, fomentar, proteção, produção, intelectual"
PDI_Unirio,PDI Unirio.pdf,190,inovacao_empreendedorismo,desenvolver a cultura e a prática da inovação e fomentar a proteção da produção intelectual da universidade .,"desenvolver, prática, inovação, fomentar, proteção, produção, intelectual"
PDI_Unirio,PDI Unirio.pdf,191,inovacao_empreendedorismo,desenvolver a cultura e a prática da inovação e fomentar a proteção da produção intelectual da universidade .,"desenvolver, prática, inovação, fomentar, proteção, produção, intelectual"
PDI_Unirio,PDI Unirio.pdf,192,indefinido,revisar o marco regulatório e os atos normativos da universidade elaborar e implementar a política de cultura da unirio (alteração a partir de ) número de atos .,"atos, revisar, marco, regulatório, normativos, elaborar, implementar, política"
PDI_Unirio,PDI Unirio.pdf,193,artistica_patrimonial,"definir as áreas necessárias à execução dos processos organizacionais para a extensão universitária da unirio (apoio à inscrição dos projetos de cultura nas leis de incentivo federais, estaduais e municipais e à captação junto a órgãos de governo, emendas parlamentares e empresas) número de unidades criadasnúmero absoluto proexc .","definir, áreas, necessárias, execução, processos, organizacionais, extensão, universitária"
PDI_Unirio,PDI Unirio.pdf,194,indefinido,"definir as áreas necessárias à execução dos processos organizacionais transformar a coordenação de cultura em centro cultural da unirio, com vinculação de uma diretoria (exclusão a partir de ) número de .","definir, áreas, necessárias, execução, processos, organizacionais, transformar, coordenação"
PDI_Unirio,PDI Unirio.pdf,195,organizacional_gestao,"aperfeiçoar a gestão dos processos acadêmicos criar um sistema para os projeto de cultura e melhorar o sistema dos projetos de extensão (inclusão a partir de ) sistemas melhorados quantidade de melhorias realizadas -- , , proexc .","sistema, aperfeiçoar, gestão, processos, acadêmicos, criar, projeto, melhorar"
PDI_Unirio,PDI Unirio.pdf,196,diversidade_inclusao,"criar programa de incentivo às atividades de cultura, esporte, lazer e saúde ter um núcleo esportivo funcionando na (inclusão a partir de ) núcleo esportivo funcionando quantidade de núcleos -- -- -- -- proexc -b .","núcleo, esportivo, funcionando, criar, programa, incentivo, s, atividades"
PDI_Unirio,PDI Unirio.pdf,197,diversidade_inclusao,"criar programa de incentivo às atividades de cultura, esporte, lazer e saúde promover ações de cultura e lazer para a comunidade acadêmica em parceria com teatros e aparelhos culturais da cidade do rio de janeiro através de programas de formação de platéia (inclusão a partir de ) (alteração a partir de ) ingressos .","lazer, partir, criar, programa, incentivo, s, atividades, esporte"
PDI_Unirio,PDI Unirio.pdf,198,indefinido,"criar programa de incentivo às atividades de cultura, esporte, lazer e saúde ampliar os eventos culturais, sociais e esportivos no ccbs número de atividades realizadas .","atividades, criar, programa, incentivo, s, esporte, lazer, saúde"
PDI_Unirio,PDI Unirio.pdf,199,indefinido,"criar programa de incentivo às atividades de cultura, esporte, lazer e saúde criar e implementar um programa de saúde, bem estar, cultura e lazer, para a comunidade acadêmica número de .","criar, programa, lazer, saúde, incentivo, s, atividades, esporte"
PDI_Unirio,PDI Unirio.pdf,200,indefinido,"criar programa de incentivo às atividades de cultura, esporte, lazer e saúde promover atividades com as atléticas e ações de cultura e lazer em conjunto com a proexc e a prae número de atividades realizadas página de responsável .","atividades, lazer, criar, programa, incentivo, s, esporte, saúde"
PDI_Unirio,PDI Unirio.pdf,201,indefinido,"criar programa de incentivo às atividades de cultura, esporte, lazer e saúde destinar uma sala para as atléticas dos cursos (alteração a partir de ) número de ambientes criadosnúmero absoluto ccjp -a .","criar, programa, incentivo, s, atividades, esporte, lazer, saúde"
PDI_Unirio,PDI Unirio.pdf,202,diversidade_inclusao,"criar programa de incentivo às atividades de cultura, esporte, lazer e saúde destinar espaço físico para as atléticas (inclusão a partir de ) destinar uma sala para as atléticasnúmero absoluto ccjp .","destinar, criar, programa, incentivo, s, atividades, esporte, lazer"
PDI_Unirio,PDI Unirio.pdf,203,indefinido,"promover uma relação integrada e não discriminatória entre as unidades organizacionais e as entidades representativas dos diferentes segmentos da comunidade universitária estimular a integração de centros número de atividades culturais, esporte, lazer e saúde integradas .","promover, relação, integrada, não, discriminatória, unidades, organizacionais, entidades"
PDI_Unirio,PDI Unirio.pdf,204,artistica_patrimonial,"promover ações voltadas para a preservação dos edifícios de valor histórico, artístico e cultural realizar obras de preservação, reparação e restauro das edificações de valor histórico, artístico e cultural da universidade valor executado de obras de preservação e restauro (r$) número absoluto .","preservação, valor, histórico, artístico, obras, restauro, promover, ações"
PDI_Unirio,PDI Unirio.pdf,205,artistica_patrimonial,"promover ações voltadas para a preservação dos edifícios de valor histórico, artístico e cultural patrimônio cultural da unirio, através da instituição de comissão ou grupo de trabalho, para planejar as ações de preservação e restauro das edificações de valor histórico, artístico e cultural número de planos .","ações, preservação, valor, histórico, artístico, promover, voltadas, edifícios"
PDI_Unirio,PDI Unirio.pdf,206,artistica_patrimonial,"promover ações voltadas para a preservação dos edifícios de valor histórico, artístico e cultural instituir campanha de educação patrimonial voltada para o reconhecimento do patrimônio cultural material e imaterial da (exclusão a partir de ) .","promover, ações, voltadas, preservação, edifícios, valor, histórico, artístico"
PDI_Unirio,PDI Unirio.pdf,207,artistica_patrimonial,"promover ações voltadas para a preservação dos edifícios de valor histórico, artístico e cultural garantir recursos para digitalização e catalogação do acervo técnico da coordenadoria de engenharia e registros de depoimentos de funcionários (alteração a partir de ) taxa de itens catalogados ( nº de itens catalogados / nº total planejado de itens a serem catalogados) x % % % % % engenharia -a13.","itens, catalogados, engenharia, n, promover, ações, voltadas, preservação"
PDI_Unirio,PDI Unirio.pdf,208,diversidade_inclusao,"promover ações voltadas para a preservação dos edifícios de valor histórico, artístico e cultural concluir reforma do casarão histórico do (inclusão a partir de ) reforma do .","histórico, reforma, promover, ações, voltadas, preservação, edifícios, valor"
PDI_Unirio,PDI Unirio.pdf,209,inovacao_empreendedorismo,desenvolver a cultura e a prática da inovação e fomentar a proteção da produção intelectual da universidade .,"desenvolver, prática, inovação, fomentar, proteção, produção, intelectual"
PDI_Unirio,PDI Unirio.pdf,210,inovacao_empreendedorismo,"estender à sociedade os benefícios da criação cultural, artística, literária, científica e tecnológica, voltados para o desenvolvimento sustentável, inclusão social e inovação, gerados presencial e virtualmente na instituição .","estender, sociedade, benefícios, criação, artística, literária, científica, tecnológica"
PDI_Unirio,PDI Unirio.pdf,211,artistica_patrimonial,"estender à sociedade os benefícios da criação cultural, artística, literária, científica e tecnológica, voltados para o desenvolvimento sustentável, inclusão social e inovação, gerados presencial e virtualmente na instituição público atingido com programas, projetos e cursos de extensão (ação ) (alteração a partir de ) número absoluto proexc .","estender, sociedade, benefícios, criação, artística, literária, científica, tecnológica"
PDI_Unirio,PDI Unirio.pdf,212,inovacao_empreendedorismo,"estender à sociedade os benefícios da criação cultural, artística, literária, científica e tecnológica, voltados para o desenvolvimento sustentável, inclusão social e inovação, gerados presencial e virtualmente na instituição número de iniciativas e projetos culturais organizados pela unirio (alteração a partir de ) .","estender, sociedade, benefícios, criação, artística, literária, científica, tecnológica"
PDI_Unirio,PDI Unirio.pdf,213,inovacao_empreendedorismo,"estender à sociedade os benefícios da criação cultural, artística, literária, científica e tecnológica, voltados para o desenvolvimento sustentável, inclusão social e inovação, gerados presencial e virtualmente na instituição taxa de notícias no site, relacionadas à produção cultural, artística, científica e tecnológica da unirio (número de notícias no site, relacionadas à produção cultural, artística, científica e tecnológica da unirio / número total de notícias) x comso *** % % % % % .","artística, científica, tecnológica, notícias, site, relacionadas, produção, unirio"
PDI_Unirio,PDI Unirio.pdf,214,inovacao_empreendedorismo,"estender à sociedade os benefícios da criação cultural, artística, literária, científica e tecnológica, voltados para o desenvolvimento sustentável, inclusão social e inovação, gerados presencial e virtualmente na instituição (alteração a partir de ) número absoluto proexc *** % % .","estender, sociedade, benefícios, criação, artística, literária, científica, tecnológica"
PDI_Unirio,PDI Unirio.pdf,215,artistica_patrimonial,"estender à sociedade os benefícios da criação cultural, artística, literária, científica e tecnológica, voltados para o desenvolvimento sustentável, inclusão social e inovação, gerados presencial e virtualmente na instituição número de cursos e seminários de extensão (ação ) (alteração a partir de ) .","estender, sociedade, benefícios, criação, artística, literária, científica, tecnológica"
PDI_Unirio,PDI Unirio.pdf,216,inovacao_empreendedorismo,desenvolver a cultura e a prática da inovação e fomentar a proteção da produção intelectual da universidade nº de atendimentos realizados a projetos com potencial de registro de ativos de pi (exclusão a partir de ) página de resultado projetado resultado projetado resultado projetado resultado projetado resultado projetado .,"resultado, projetado, desenvolver, prática, inovação, fomentar, proteção, produção"
PDI_Unirio,PDI Unirio.pdf,217,inovacao_empreendedorismo,desenvolver a cultura e a prática da inovação e fomentar a proteção da produção intelectual da universidade número de registros efetivos de ativos de propriedade intelectual número absoluto propgpi *** .,"intelectual, número, desenvolver, prática, inovação, fomentar, proteção, produção"
PDI_Unirio,PDI Unirio.pdf,218,inovacao_empreendedorismo,desenvolver a cultura e a prática da inovação e fomentar a proteção da produção intelectual da universidade número de cursos que fomentam a inovação e/ou o empreendedorismo na graduação (disciplinas e estágios com esses componentes) .,"inovação, desenvolver, prática, fomentar, proteção, produção, intelectual, número"
PDI_Unirio,PDI Unirio.pdf,219,inovacao_empreendedorismo,contribui para a inovação de tecnologias sociais e culturais com ações como:,"contribui, inovação, tecnologias, sociais, ações"
PDI_Unirio,PDI Unirio.pdf,220,academica_formativa,"apoio às demandas de ensino, pesquisa e extensão a partir dos eixos principais da cultura documental, dos movimentos sociais e da religião.","apoio, s, demandas, ensino, pesquisa, extensão, partir, eixos"
PDI_Unirio,PDI Unirio.pdf,221,organizacional_gestao,"impressora / acordos de cooperação técnica com a empresa outras parcerias, que visam a mútua cooperação na análise, desenvolvimento e aplicação de tecnologias digitais para gestão e documentação do patrimônio cultural.","cooperação, impressora, acordos, técnica, empresa, outras, parcerias, visam"
PDI_Unirio,PDI Unirio.pdf,222,indefinido,coleção de cultura de bactérias com resistência aos antimicrobianos de origem alimentar (ccbroa);,"coleção, bactérias, resistência, antimicrobianos, origem, alimentar, ccbroa"
PDI_Unirio,PDI Unirio.pdf,223,indefinido,"em linhas de pesquisas atuais, está estudando efeitos de extratos vegetais na cicatrização de feridas em diabetes, estudos imunológicos/ bioquímicos em soros de pacientes com covid e cultura de células musculares para estudo de miosite e ação de antígenos derivados de sars-cov- .","linhas, pesquisas, atuais, está, estudando, efeitos, extratos, vegetais"
PDI_Unirio,PDI Unirio.pdf,224,indefinido,estufa para crescimento de cultura bacteriana (110l);,"estufa, crescimento, bacteriana, l"
PDI_Unirio,PDI Unirio.pdf,225,indefinido,"no momento não há inovações tecnológicas ligadas ao laboratório, mas a coleção de culturas vivas de microalgas marinhas é uma fonte potencial de produtos que podem levar a inovações tecnológicas.","inovações, tecnológicas, momento, não, há, ligadas, laboratório, mas"
PDI_Unirio,PDI Unirio.pdf,226,indefinido,área de m² que conta com uma sala de cultura de células equipamentos existentes:,"área, m, conta, sala, células, equipamentos, existentes"
PDI_Unirio,PDI Unirio.pdf,227,indefinido,"sala de cultura, sala experimentação e escritório, sistema eletrônico para controle de acesso, área total m².","sala, experimentação, escritório, sistema, eletrônico, controle, acesso, área"
PIDE_UFU,PIDE UFU.pdf,1,organizacional_gestao,"dessa forma, o planejamento a seguir demonstra estar em sintonia com o dinamismo da evolução dos processos didático-pedagógicos e fundamentados nos princípios da indissociabilidade do tripé univer - sitário, da efetividade, da sustentabilidade, da transparência na gestão dos recursos públicos e da interação com a sociedade, contribuindo para elevar os níveis social, econômico, educacional, cultural e ambiental da população brasileira.","dessa, forma, planejamento, seguir, demonstra, estar, sintonia, dinamismo"
PIDE_UFU,PIDE UFU.pdf,2,academica_formativa,"por volta de , uberlândia, em rápido crescimento econômico com impactos demográficos, culturais e políticos, começou a se projetar como polo geoeducacional ao ver surgir e consolidar um forte anseio pela implantação de escolas e faculdades de ensino superior, capitaneado por intelectuais, políticos, proprietários rurais, loteadores urbanos, comerciantes e a igreja, como parte do seu projeto desenvolvimentista.","políticos, volta, uberlândia, rápido, crescimento, econômico, impactos, demográficos"
PIDE_UFU,PIDE UFU.pdf,3,indefinido,"o pnaes é a base para o fomento da permanência estudantil na ufu, que vem aderindo e propondo políticas afirmativas voltadas para os estudantes no campo da moradia, da saúde, da alimentação, do transporte, da creche, da cultura, do acompanhamento psicopedagógico, do esporte, dentre outros.","pnaes, é, base, fomento, permanência, estudantil, ufu, vem"
PIDE_UFU,PIDE UFU.pdf,4,artistica_patrimonial,"no campo da cultura, tem colaborado na promoção cultural pela valorização das diferentes expressões e linguagens artísticas da comunidade acadêmica e também, em articulação com a sociedade em geral, pela valorização de práticas e hábitos culturais populares, promovendo a interface da cultura local com a nacional.","valorização, campo, tem, colaborado, promoção, diferentes, expressões, linguagens"
PIDE_UFU,PIDE UFU.pdf,5,artistica_patrimonial,"enfrentando o desafio imposto pela pandemia de covid- , a instituição mostrou- -se compromissada com a saúde pública e mobilizou diferentes pesquisas sobre o coronavírus, contribuiu para o atendimento das pessoas infectadas e promoveu ações de extensão e cultura para ajudar a comunidade interna e externa à ufu a passar por esse momento tão desafiador.","enfrentando, desafio, imposto, pandemia, covid, instituição, mostrou, compromissada"
PIDE_UFU,PIDE UFU.pdf,6,artistica_patrimonial,"não se furtou, não se furta e não se furtará em apoiar a vida, a ciência e a pesquisa, a cultura e a arte, bem como a dar suporte para que a humanidade saia vitoriosa .","não, furtou, furta, furtará, apoiar, vida, ciência, pesquisa"
PIDE_UFU,PIDE UFU.pdf,7,artistica_patrimonial,"entre os seus princípios estão a gratuidade do ensino, o estímulo ao pluralismo de ideias e de concepções pedagógicas e a liberdade de aprender, ensinar, pesquisar e divulgar a cultura, a arte, o pensamento e o saber.","princípios, estão, gratuidade, ensino, estímulo, pluralismo, ideias, concepções"
PIDE_UFU,PIDE UFU.pdf,8,inovacao_empreendedorismo,"missão promover o ensino, a pesquisa e a extensão de forma integrada, produzindo e disseminando a ciência, a tecnologia, a inovação, a cultura e a arte, formando cidadãos críticos comprometidos com a ética, a democracia, a sustentabilidade e a transformação social.","missão, promover, ensino, pesquisa, extensão, forma, integrada, produzindo"
PIDE_UFU,PIDE UFU.pdf,9,artistica_patrimonial,"perfil institucional valores ética liberdade igualdade democracia gratuidade do ensinodefesa dos direitos humanos, paz e de preservação do meio ambiente vinculação entre a educação escolar, o trabalho e as práticas sociais igualdade de condições para o acesso e permanência na ufu democracia e desenvolvimento cultural, artístico, científico, tecnológico e socioeconômico do país democratização da educação no que concerne à gestão e à socialização de seus benefícios indissociabilidade entre o ensino, a pesquisa e a extensão pluralismo de ideias e de concepções pedagógicas universalidade do conhecimento e fomento à interdisciplinaridade liberdade de aprender, ensinar, pesquisar e divulgar a cultura, o pensamento, a arte e o saber orientação humanística e a preparação para o exercício pleno da cidadania garantia de padrão de qualidade e eficiência .","liberdade, igualdade, democracia, educação, perfil, valores, ética, gratuidade"
PIDE_UFU,PIDE UFU.pdf,10,inovacao_empreendedorismo,"perfil institucional promover o ensino, a pesquisa e a extensão de forma integrada, produzindo e disseminando a ciência, a tecnologia, a inovação, a cultura e a arte, formando cidadãos críticos comprometidos com a ética, a democracia, a sustentabilidade e a transformação social.","perfil, promover, ensino, pesquisa, extensão, forma, integrada, produzindo"
PIDE_UFU,PIDE UFU.pdf,11,inovacao_empreendedorismo,"pesquisa tecnologia inovação extensão cultura arte missão “promover o ensino, a pesquisa e a extensão de forma integrada, produzindo e disseminando a ciência, a tecnologia, a inovação, a cultura e a arte, formando cidadãos críticos comprometidos com a ética, a democracia, a sustentabilidade e a transformação social.","pesquisa, tecnologia, inovação, extensão, arte, missão, promover, ensino"
PIDE_UFU,PIDE UFU.pdf,12,inovacao_empreendedorismo,"perfil institucional • governos • órgãos de fomento • universidades e escolas • organizações públicas, privadas e não governamentais • pesquisadores • sociedade • assistência estudantil • qualificação dos professores e técnicos administrativos • infraestrutura • conhecimento, experiência e credibilidade • graduação • mestrado • doutorado • especialização • residência em área profissional de saúde e outras • ensino básico • ensino técnico profissional • pós-doutorado • pesquisa básica • pesquisa aplicada • inovação e desenvolvimento tecnológico • cursos • eventos • serviços prestados • programas • projetos • produtos extensionistas promover o ensino, a pesquisa e a extensão de forma integrada produzir e disseminar a ciência, a tecnologia, a inovação, a cultura e a arte formar cidadãos críticos comprometidos com a ética, a democracia, a sustentabilidade e a transformação social relacionamento • aulas • comunidades de relacionamento • reuniões • eventos • ouvidoria • cooperação técnica e científica • presencial • canais virtuais • eventos • produtos acadêmicos à sociedade estudantes egressos extensionistas governos organizações pesquisadores técnicos administrativos trabalhadores, sindicatos e associações • despesas orçamentárias • transferências financeiras concedidas • receitas orçamentárias • transferências financeiras recebidas a estrutura acadêmica e administrativa da ufu compõe-se de três instâncias principais:","ensino, pesquisa, eventos, governos, organizações, pesquisadores, sociedade, técnicos"
PIDE_UFU,PIDE UFU.pdf,13,artistica_patrimonial,"órgão consultivo e deliberativo em matéria de extensão, cultura e assuntos estudantis.","órgão, consultivo, deliberativo, matéria, extensão, assuntos, estudantis"
PIDE_UFU,PIDE UFU.pdf,14,artistica_patrimonial,"conselheiros órgão consultivo e deliberativo da ufu em matéria de extensão, cultura e assuntos estudantis.","conselheiros, órgão, consultivo, deliberativo, ufu, matéria, extensão, assuntos"
PIDE_UFU,PIDE UFU.pdf,15,inovacao_empreendedorismo,"• ética • transparência • respeito • filantropia • sustentabilidade • protagonismo • empreendedorismo • agilidade • ufu • poder público – federal, estadual e municipal • hospitais públicos e privados – ebserh • empresas que ofertem produtos ou serviços de saúde pesquisa a fau é uma instituição jurídica de direito privado, sem fins lucrativos e credenciada para apoiar projetos de pesquisa, convênios de pesquisa e desenvolvimento tecnológico, contratos de prestação de serviço, organização de eventos científicos, artísticos e culturais e gerenciamento de cursos de especiali - zação e extensão oferecidos pela ufu.","pesquisa, ufu, ética, transparência, respeito, filantropia, sustentabilidade, protagonismo"
PIDE_UFU,PIDE UFU.pdf,16,artistica_patrimonial,• promoção e incentivo das artes e da cultura;,"promoção, incentivo, artes"
PIDE_UFU,PIDE UFU.pdf,17,indefinido,"• produzir e veicular programas de rádio e televisão educativas, contribuindo para a melhoria da educação e da cultura;","produzir, veicular, programas, rádio, televisão, educativas, contribuindo, melhoria"
PIDE_UFU,PIDE UFU.pdf,18,inovacao_empreendedorismo,"• divulgar programas e informativos de interesse educativo, científico, tecnológico e cultural;","divulgar, programas, informativos, interesse, educativo, científico, tecnológico"
PIDE_UFU,PIDE UFU.pdf,19,artistica_patrimonial,"• promover, interna e externamente, as potencialidades científicas e artístico-culturais das instituições de ensino superior – ies;","promover, interna, externamente, potencialidades, científicas, artístico, instituições, ensino"
PIDE_UFU,PIDE UFU.pdf,20,artistica_patrimonial,"• produzir, comprar, alugar ou permutar programas científicos, artísticos e culturais, visando à melhoria da educação e da cultura;","produzir, comprar, alugar, permutar, programas, científicos, artísticos, visando"
PIDE_UFU,PIDE UFU.pdf,21,artistica_patrimonial,"• propiciar a veiculação de programas jornalísticos, bem como os de cunho artístico-cultural, fruto de produções laboratoriais e experimentais dos cursos.","propiciar, veiculação, programas, jornalísticos, bem, cunho, artístico, fruto"
PIDE_UFU,PIDE UFU.pdf,22,artistica_patrimonial,"os programas devem estar relacionados à atividade fim da rtu, da ufu e demais ies e devem ser aprovados pelo conselho de programação e • prestar serviços técnicos, remunerados ou gratuitos, em qualquer atividade afim e promover e incentivar, por quaisquer for - mas, o desenvolvimento das ciências, das artes e da cultura.","devem, atividade, programas, estar, relacionados, fim, rtu, ufu"
PIDE_UFU,PIDE UFU.pdf,23,diversidade_inclusao,"os veículos vinculados à fundação são responsáveis pela produção de um espaço para experimentação, novas linguagens e formatos, que objetivam informar e promover o aprimoramento educativo e cultural de telespectadores e ouvintes, apoiando a pro - dução independente por meio de programas regionais e a exibição de obras cinematográficas brasileiras, levando ao público conhecimento e diversidade cultural.","veículos, vinculados, fundação, são, responsáveis, produção, espaço, experimentação"
PIDE_UFU,PIDE UFU.pdf,24,academica_formativa,"a ufu buscará contemplar, nos cursos que oferece, uma ampla formação técnico - -científica, cultural e humanística, preparando o profissional para que tenha:","ufu, buscará, contemplar, cursos, oferece, ampla, formação, técnico"
PIDE_UFU,PIDE UFU.pdf,25,indefinido,"• capacidade para compreender as necessidades dos grupos sociais e comunidades com relação a problemas socioeconômicos, culturais, políticos e organizativos, de forma a utilizar racionalmente os recursos disponíveis, além de se preocupar em conservar o equilíbrio do ambiente;","capacidade, compreender, necessidades, grupos, sociais, comunidades, relação, problemas"
PIDE_UFU,PIDE UFU.pdf,26,academica_formativa,"e • promover ampla formação técnico - -científica, cultural e humanística nos cursos de graduação.","promover, ampla, formação, técnico, científica, humanística, cursos, graduação"
PIDE_UFU,PIDE UFU.pdf,27,artistica_patrimonial,"são atividades de natureza social, cultural, artística, científica e tecnológica que possibilitam a complementação da formação profissional do graduando, tanto no âmbito do conhecimento de diferentes áreas do saber quanto no âmbito de sua preparação ética, estética e humanística.","âmbito, são, atividades, natureza, social, artística, científica, tecnológica"
PIDE_UFU,PIDE UFU.pdf,28,artistica_patrimonial,"• eventos científicos, culturais e artísticos;","eventos, científicos, artísticos"
PIDE_UFU,PIDE UFU.pdf,29,diversidade_inclusao,"a partir da articulação de ações inter - setoriais e instâncias componentes da sua estrutura orgânica, a depae assume o compromisso de estabelecer a cultura da inclusão e da acessibilidade na ufu, com os valores democráticos, com o desenvolvimento sustentável e com o estímulo contínuo à promoção e o respeito aos direitos humanos.","partir, articulação, ações, inter, setoriais, instâncias, componentes, estrutura"
PIDE_UFU,PIDE UFU.pdf,30,organizacional_gestao,"a política de pesquisa da ufu visa a consolidação de uma cultura institucional de produção de conhecimento por meio da expansão gradativa de infraestrutura multiusuária (facilities), a qual, dentre outros, permite maior interação entre grupos e o uso ra - cional de intelecto e dotação orçamentária.","política, pesquisa, ufu, visa, consolidação, produção, conhecimento, meio"
PIDE_UFU,PIDE UFU.pdf,31,indefinido,• contribuir para o processo de apro - priação dos conhecimentos construídos histórica e culturalmente;,"contribuir, processo, apro, priação, conhecimentos, construídos, histórica"
PIDE_UFU,PIDE UFU.pdf,32,organizacional_gestao,"princípios metodológicos eseba prevê o sistema de funcionamento do tempo e do espaço organizado em ciclos, em uma proposta de estruturação da escola que envolve, de maneira fundamental, a gestão em sentido amplo (gerenciamento do tempo, da utilização do espaço, dos instrumentos culturais, do trabalho coletivo, do papel dos diferentes sujeitos sociais que transitam pelo território escolar, da gestão dos conflitos, dentre outras possibilidades) e a socialização do conhecimento.","tempo, espaço, gestão, princípios, metodológicos, eseba, prevê, sistema"
PIDE_UFU,PIDE UFU.pdf,33,academica_formativa,"atividades complementares como atividades complementares, a estes oferece aos discentes palestras e seminários, participação em projetos e/ou atividades especiais de ensino, pesquisa e extensão, grupos de estudos de temas especí - ficos orientados por docente da instituição e trabalhos extracurriculares orientados por ainda como atividades complementares de formação, a escola aceita a comprovação de participação em eventos científico-culturais e artísticos, comissões de eventos científico- -culturais e artísticos, cursos de línguas, oratória e cursos de extensão ofertados por outras instituições.","atividades, complementares, participação, extensão, orientados, eventos, científico, artísticos"
PIDE_UFU,PIDE UFU.pdf,34,diversidade_inclusao,"auxílio- -alimentação, auxílio-creche, auxílio-transporte, auxílio-proeja, apoio às atividades culturais, apoio ao esporte, apoio pedagógico, programa de monitoria e auxílio inclusão digital.","auxílio, apoio, alimentação, creche, transporte, proeja, s, atividades"
PIDE_UFU,PIDE UFU.pdf,35,academica_formativa,"1º a extensão universitária, sob o princípio constitucional da indissociabilidade entre ensino, pesquisa e extensão, é a atividade que se integra às organizações curriculares e da pesquisa, constituindo-se em processo interdisciplinar, político, social, educacional, cultural, cientifico, tecnológico, que promove a interação transformadora entre a universidade e outros setores da sociedade por meio da produção, da aplicação e do compartilhamento de conhecimentos.","extensão, pesquisa, universitária, sob, princípio, constitucional, indissociabilidade, ensino"
PIDE_UFU,PIDE UFU.pdf,36,academica_formativa,"• a articulação ensino-pesquisa-exten - são, ancoradas num processo pedagógico único, interdisciplinar, educativo, científico, social, cultural e político;","articulação, ensino, pesquisa, exten, são, ancoradas, num, processo"
PIDE_UFU,PIDE UFU.pdf,37,indefinido,"no âmbito da cultura, o consun edi - tou a resolução / que estabeleceu a política de cultura da ufu.","âmbito, consun, edi, tou, resolução, estabeleceu, política, ufu"
PIDE_UFU,PIDE UFU.pdf,38,diversidade_inclusao,"da constituição federal que estabelece que “o estado garantirá a todos o pleno exercício dos direitos culturais e acesso às fontes da cultura nacional, e apoiará e incentivará a valorização e a difusão das manifestações culturais”.","constituição, estabelece, estado, garantirá, todos, pleno, exercício, direitos"
PIDE_UFU,PIDE UFU.pdf,39,indefinido,"1º da referida resolução, a cultura:","referida, resolução"
PIDE_UFU,PIDE UFU.pdf,40,indefinido,a cultura em sua ampla e complexa concepção entende a diversificação de suas práticas por meio dos fazeres e saberes po3.,"ampla, complexa, concepção, entende, diversificação, práticas, meio, fazeres"
PIDE_UFU,PIDE UFU.pdf,41,artistica_patrimonial,"a política de cultura da ufu traz a perspectiva de assegurar a gestão, o fomento, a promoção e a difusão da cultura e da arte, garantindo as condições para a continuidade da execução das atividades e das prá - ticas culturais e artísticas já existentes no contexto universitário e estimulando o de - senvolvimento de novas atividades.","atividades, política, ufu, traz, perspectiva, assegurar, gestão, fomento"
PIDE_UFU,PIDE UFU.pdf,42,organizacional_gestao,"essas políticas são os referenciais do planejamento da ufu no campo da extensão e da cultura, pois apontam o caminho a ser trilhado, as diretrizes e os princípios da extensão e da cultura na instituição.","extensão, essas, políticas, são, referenciais, planejamento, ufu, campo"
PIDE_UFU,PIDE UFU.pdf,43,academica_formativa,"• constituindo-se em agente de integra - ção da cultura nacional e da formação de cidadãos, desenvolvendo na comunidade estudantil uma consciência ética, social, po - lítica e profissional;","constituindo, agente, integra, ção, nacional, formação, cidadãos, desenvolvendo"
PIDE_UFU,PIDE UFU.pdf,44,diversidade_inclusao,"esporte e lazer, moradia, alimentação, acessibilidade, transporte, atenção à saúde, inclusão digital, cultura, creche, apoio pedagógico, inclusão digital e combate às discriminações de gênero, de diversidade sexual e étnico-raciais.","inclusão, digital, esporte, lazer, moradia, alimentação, acessibilidade, transporte"
PIDE_UFU,PIDE UFU.pdf,45,artistica_patrimonial,"a organização de atividades acadêmicas extracurriculares (debates, discussões, palestras, semanas te - máticas, recepção de calouros e realização de projetos de extensão), encaminhamento, mobilização e organização de reivindicações dos estudantes, mediação de negociações e conflitos individuais e coletivos entre estu - dantes e o curso de origem, realização de atividades culturais como feiras de livros, festivais diversos, dentre outras;","organização, atividades, realização, acadêmicas, extracurriculares, debates, discussões, palestras"
PIDE_UFU,PIDE UFU.pdf,46,diversidade_inclusao,"internacionalização os processos de colaboração e de mobilidade associados ao fenômeno da globalização, enquanto processo de integração social, econômica e cultural entre as diferentes regiões do planeta, contribuíram para o movimento de internacionalização da educação superior contemporâneo, com a inclusão de instituições de ensino no cenário global.","internacionalização, processos, colaboração, mobilidade, associados, fenômeno, globalização, enquanto"
PIDE_UFU,PIDE UFU.pdf,47,indefinido,"esse conceito abarca questões relacionadas não somente aos currículos informais e ocultos, mas aos aspectos linguísticos, culturais, administrativos e de infraestrutura.","esse, conceito, abarca, questões, relacionadas, não, somente, currículos"
PIDE_UFU,PIDE UFU.pdf,48,indefinido,"é fundamental que se incorporem dimensões globais, interculturais e internacionais no conteúdo curricular, nos diversos níveis, e que sejam criadas condições internas para a inserção internacional da ufu e que a mobilidade, presencial e virtual, seja viabilizada, estimulada e reconhecida como fator importante na construção dessa cultura de internacionalização.","é, fundamental, incorporem, dimensões, globais, interculturais, internacionais, conteúdo"
PIDE_UFU,PIDE UFU.pdf,49,artistica_patrimonial,"seu principal objetivo é armazenar, preservar e disseminar a memória institucional, contribuir com a legislação de acesso aberto a informação e proporcio - nar maior visibilidade às produções científicas, técnicas, culturais, artísticas, administrativas e tecnológicas da universidade.","principal, objetivo, é, armazenar, preservar, disseminar, memória, contribuir"
PIDE_UFU,PIDE UFU.pdf,50,diversidade_inclusao,"indicadores indicadores a01 proporção de estudantes com benefícios diretos (com pagamento ao estudante) a02 proporção de estudantes com benefícios diretos com ingresso via cotas sociais a03 proporção de estudantes com benefícios indiretos (com acesso em prestação de serviços e/ou ações aos estudantes) a04 proporção de estudantes com benefícios indiretos com ingresso via cotas sociais a05 proporção no desempenho acadêmico de estudantes beneficiários da assistência estudantil a06 eventos, campanhas e ações psicoeducativas, pedagógicas, esportivas, culturais e de promoção de igualdades aos estudantes da ufu a08 índice de retenção de estudantes beneficiários diretos da assistência estudantil a09 índice de evasão de estudantes beneficiários diretos da assistência estudantil a14 alimentação - estudantes com benefícios diretos na modalidade de alimentação em vulnerabilidade socioeconômica, via pnaes a15 alimentação - refeições fornecidas nos restaurantes universitários a16 transporte - estudantes com benefícios diretos e/ou indiretos na categoria de transporte (municipal e/ou intermunicipal) em vulnerabilidade socioeconômica, via pnaes a17 transporte - estudantes com benefícios diretos e indiretos para realização de viagens e deslocamentos para apoio e participação em eventos acadêmicos, científicos, esportivos e culturais a18 atenção à saúde - estudantes com atendimentos e acolhimentos em saúde, em grupo e/ou individuais a20 inclusão digital - estudantes com benefícios diretos e/ou indiretos na modalidade de inclusão digital em vulnerabilidade socioeconômica, via pnaes e/ou outras fontes a21 cultura - estudantes com benefícios diretos e/ou indiretos na modalidade de cultura em vulnerabilidade socioeconômica, via pnaes a22 esporte - estudantes com benefícios diretos e/ou indiretos nos projetos esportivos/lazer (treinamentos, competições, lazer, academias e outros projetos), via pnaes e/ou outras fontes a24 creche - estudantes com benefícios diretos, na modalidade creche, em vulnerabilidade socioeconômica, via pnaes a25 apoio pedagógico - estudantes com atendimento no apoio pedagógico em grupo e individuais, incluindo a psicologia escolar/educacional e neuropsicologia a26 apoio pedagógico - estudantes com benefícios diretos e/ou diretos de material didático, incluindo o empréstimo de kits de instrumental odontológico, em vulnerabilidade socioeconômica a27 apoio pedagógico - estudantes assistidos em acompanhamento pedagógico e/ou acompanhamento multidisciplinar .","estudantes, diretos, benefícios, via, indiretos, vulnerabilidade, socioeconômica, pnaes"
PIDE_UFU,PIDE UFU.pdf,51,artistica_patrimonial,"indicadores indicadores ec01 taxa de estudantes de graduação em regime presencial envolvidos em extensão ec02 taxa de estudantes de graduação na modalidade de educação a distância envolvidos em extensão ec03 taxa de estudantes de pós-graduação envolvidos em extensão ec04 taxa de estudantes da educação básica das unidades especiais de ensino envolvidos em extensão ec05 matriculados na graduação que participam nas empresas juniores (ejs), times de empreendedorismo social e nas organizações sociais de empreendedorismo ec06 taxa de cursos de graduação com oferta de atividades curriculares de extensão vinculadas aos objetivos de desenvolvimento sustentável (ods) ec09 taxa de participação de docentes na extensão ec11 atividades de extensão registradas no siex ec12 público diretamente beneficiado pelas atividades de extensão ec13 taxa de aprovação de propostas com financiamento em editais internos de extensão ec16 público médio alcançado por programas e projetos ec17 público médio alcançado por cursos, eventos e prestações de serviços ec18 taxa de ações de extensão dirigidas às escolas públicas ec19 projetos, programas ou ações na área de estudos e pesquisas afrorraciais direcionados à graduação e articulados com a comunidade externa ec20 projetos e ações ligadas à economia popular solidária ec22 número de programas institucionais de extensão ativos na ufu ec23 taxa de atividades de extensão articuladas com o ensino e a pesquisa ec24 taxa de recursos do orçamento anual voltados para extensão ec25 taxa de recursos do orçamento por ação de extensão fomentada ec26 taxa de estudantes envolvidos em ações de cultura ec27 taxa de aprovação de propostas com financiamento em editais internos de cultura ec28 taxa de cursos que reconhecem, na forma de atividades complementares, a participação de estudantes da graduação em ações de cultura ec30 público médio visitante dos museus da ufu indicadores ec31 coletivos populares assessorados no cieps ec33 corpos artísticos ligados à universidade .","ec, taxa, extensão, graduação, estudantes, envolvidos, atividades, ações"
PIDE_UFU,PIDE UFU.pdf,52,artistica_patrimonial,"indicadores ec34 público diretamente beneficiado pelas atividades de cultura ec35 taxa de recursos do orçamento anual voltados para cultura ec36 taxa de recursos do orçamento por ação de cultura fomentada ec37 parcerias interinstitucionais para promoção da extensão e cultura indicadores gp01 taxa de capacitação de servidores efetivos (técnicos administrativos + docentes) gp02 taxa de servidores efetivos beneficiados por ações de saúde, qualidade de vida e segurança do trabalho gp03 número de professores equivalentes gp04 índice de qualificação de docentes do ensino básico gp05 índice de qualificação de docentes do ensino técnico e profissional gp06 índice de qualificação de docentes do ensino superior gp07 índice de qualificação do corpo técnico-administrativo gp11 taxa de trabalhadores terceirizados gp14 recomposição do quadro de técnico-administrativo .","gp, taxa, ec, docentes, índice, qualificação, ensino, técnico"
